[clk=00000000 pc=0x00000000] DEBUG Mapping region start=0x00000000 len=0x1000 name=NULL_forgiveness
[clk=00000000 pc=0x00000000] DEBUG Mapping region start=0x08000000 len=0x4000 name=BL
[clk=00000000 pc=0x00000000] INFO  Loading file=CubeBlack_bl.bin at base=0x08000000
[clk=00000000 pc=0x00000000] DEBUG Mapping region start=0x08004000 len=0x1fc000 name=ROM
[clk=00000000 pc=0x00000000] INFO  Loading file=arducopter.bin at base=0x08004000
[clk=00000000 pc=0x00000000] DEBUG Mapping region start=0x10000000 len=0x10000 name=RAM-CCM
[clk=00000000 pc=0x00000000] DEBUG Mapping region start=0x1fff0000 len=0x10000 name=SYSMEM
[clk=00000000 pc=0x00000000] DEBUG Mapping region start=0x20000000 len=0x30000 name=RAM
[clk=00000000 pc=0x00000000] INFO  Starting emulation
[clk=00107537 pc=0x08157822] DEBUG NVIC ISER0 write value=0x00000040 (enables irqs 0-31)
[clk=00107553 pc=0x08157822] DEBUG NVIC ISER0 write value=0x00000080 (enables irqs 0-31)
[clk=00107569 pc=0x08157822] DEBUG NVIC ISER0 write value=0x00000100 (enables irqs 0-31)
[clk=00107585 pc=0x08157822] DEBUG NVIC ISER0 write value=0x00000200 (enables irqs 0-31)
[clk=00107601 pc=0x08157822] DEBUG NVIC ISER0 write value=0x00000400 (enables irqs 0-31)
[clk=00107617 pc=0x08157822] DEBUG NVIC ISER0 write value=0x00800000 (enables irqs 0-31)
[clk=00107633 pc=0x08157822] DEBUG NVIC ISER1 write value=0x00000100 (enables irqs 32-63)
[clk=00107649 pc=0x08157822] DEBUG NVIC ISER0 write value=0x01000000 (enables irqs 0-31)
[clk=00107665 pc=0x08157822] DEBUG NVIC ISER0 write value=0x02000000 (enables irqs 0-31)
[clk=00107681 pc=0x08157822] DEBUG NVIC ISER0 write value=0x04000000 (enables irqs 0-31)
[clk=00107697 pc=0x08157822] DEBUG NVIC ISER0 write value=0x08000000 (enables irqs 0-31)
[clk=00107713 pc=0x08157822] DEBUG NVIC ISER0 write value=0x10000000 (enables irqs 0-31)
[clk=00107729 pc=0x08157822] DEBUG NVIC ISER0 write value=0x40000000 (enables irqs 0-31)
[clk=00107738 pc=0x0815780c] INFO  NVIC IPR write irq=50 prio=0x70 raw=0x00700000
[clk=00107745 pc=0x08157822] DEBUG NVIC ISER1 write value=0x00040000 (enables irqs 32-63)
[clk=00107761 pc=0x08157822] DEBUG NVIC ISER1 write value=0x00000040 (enables irqs 32-63)
[clk=00107777 pc=0x08157822] DEBUG NVIC ISER1 write value=0x00000080 (enables irqs 32-63)
[clk=00107793 pc=0x08157822] DEBUG NVIC ISER1 write value=0x00100000 (enables irqs 32-63)
[clk=00107809 pc=0x08157822] DEBUG NVIC ISER2 write value=0x00000080 (enables irqs 64-95)
[clk=00107825 pc=0x08157822] DEBUG NVIC ISER2 write value=0x00040000 (enables irqs 64-95)
[clk=00107841 pc=0x08157822] DEBUG NVIC ISER2 write value=0x00080000 (enables irqs 64-95)
[clk=00108023 pc=0x08157822] DEBUG NVIC ISER0 write value=0x00040000 (enables irqs 0-31)
[clk=00108520 pc=0x0815780c] INFO  NVIC IPR write irq=50 prio=0x00 raw=0x00009000
[clk=00108527 pc=0x08157822] DEBUG NVIC ISER1 write value=0x00020000 (enables irqs 32-63)
[clk=00108688 pc=0x0815cb1e] DEBUG TIM5 write PSC=0x00000053
[clk=00108690 pc=0x0815cb24] DEBUG TIM5 write ARR=0xffffffff
[clk=00108693 pc=0x0815cb2a] DEBUG TIM5 write CCR1=0x00000000
[clk=00108694 pc=0x0815cb2c] DEBUG TIM5 write DIER=0x00000000
[clk=00108698 pc=0x0815cb34] DEBUG TIM5 write CR1=0x00000001
[clk=00333307 pc=0x0815c96e] DEBUG TIM5 write CCR1=0x0000104d
[clk=00333311 pc=0x0815c976] DEBUG TIM5 write DIER=0x00000002
[clk=00459230 pc=0x0815ca54] DEBUG TIM5 CC1 compare fired cnt=0x0000104d ccr1=0x0000104d -> IRQ 50
[clk=00459230 pc=0x0815ca54] DEBUG NVIC arb basepri=0x00 active_prio=None irq50_pending=true irq50_enabled=true irq50_prio=0 irq67_pending=false irq67_enabled=false irq67_prio=0 selected=Some(50)
[clk=00459230 pc=0x0815ca54] DEBUG NVIC dispatching IRQ 50 vector=0x815c389
[clk=00459277 pc=0x0815c984] DEBUG TIM5 write DIER=0x00000000
[clk=00459505 pc=0x0815780c] INFO  NVIC IPR write irq=67 prio=0xe0 raw=0xe0000000
[clk=00459512 pc=0x08157822] DEBUG NVIC ISER2 write value=0x00000008 (enables irqs 64-95)
[clk=00459723 pc=0x0815b800] INFO  OTG_FS: USB enumeration starting (gccfg=0xd0000 gintmsk=0xc0303c08 gahbcfg=0x1)
[clk=00460059 pc=0x0815c96e] DEBUG TIM5 write CCR1=0x0000143e
[clk=00460063 pc=0x0815c976] DEBUG TIM5 write DIER=0x00000002
[clk=00461772 pc=0x0815ca54] DEBUG NVIC arb basepri=0x00 active_prio=None irq50_pending=false irq50_enabled=true irq50_prio=0 irq67_pending=true irq67_enabled=true irq67_prio=224 selected=Some(67)
[clk=00461772 pc=0x0815ca54] DEBUG EMULATOR code_hook: dispatching IRQ 67 (chain_idx=0)
[clk=00461772 pc=0x0815ca54] DEBUG NVIC dispatching IRQ 67 vector=0x815bed9
[clk=00463831 pc=0x0815ca54] INFO  OTG_FS: delivering SetAddress SETUP packet to EP0
[clk=00463831 pc=0x0815ca54] DEBUG NVIC arb basepri=0x00 active_prio=None irq50_pending=false irq50_enabled=true irq50_prio=0 irq67_pending=true irq67_enabled=true irq67_prio=224 selected=Some(67)
[clk=00463831 pc=0x0815ca54] DEBUG EMULATOR code_hook: dispatching IRQ 67 (chain_idx=0)
[clk=00463831 pc=0x0815ca54] DEBUG NVIC dispatching IRQ 67 vector=0x815bed9
[clk=00463869 pc=0x0815b570] DEBUG OTG_FS GRXSTSP pop at 0x020 state_after=RxFlvlFifoPending result=0x000c0080
[clk=00463893 pc=0x0815b558] DEBUG OTG_FS FIFO read idx=0 word=0x00010500 state_after=RxFlvlFifoPending
[clk=00463934 pc=0x0815b558] DEBUG OTG_FS FIFO read idx=1 word=0x00000000 state_after=RxFlvlFifoPending
[clk=00463935 pc=0x0815b55a] DEBUG NVIC arb basepri=0x00 active_prio=Some(224) irq50_pending=false irq50_enabled=true irq50_prio=0 irq67_pending=true irq67_enabled=true irq67_prio=224 selected=None
[clk=00463936 pc=0x0815b55c] DEBUG NVIC arb basepri=0x00 active_prio=Some(224) irq50_pending=false irq50_enabled=true irq50_prio=0 irq67_pending=true irq67_enabled=true irq67_prio=224 selected=None
[clk=00463937 pc=0x0815b55e] DEBUG NVIC arb basepri=0x00 active_prio=Some(224) irq50_pending=false irq50_enabled=true irq50_prio=0 irq67_pending=true irq67_enabled=true irq67_prio=224 selected=None
[clk=00463938 pc=0x0815b562] DEBUG NVIC arb basepri=0x00 active_prio=Some(224) irq50_pending=false irq50_enabled=true irq50_prio=0 irq67_pending=true irq67_enabled=true irq67_prio=224 selected=None
[clk=00463939 pc=0x0815b564] DEBUG NVIC arb basepri=0x00 active_prio=Some(224) irq50_pending=false irq50_enabled=true irq50_prio=0 irq67_pending=true irq67_enabled=true irq67_prio=224 selected=None
[clk=00463940 pc=0x0815b54a] DEBUG NVIC arb basepri=0x00 active_prio=Some(224) irq50_pending=false irq50_enabled=true irq50_prio=0 irq67_pending=true irq67_enabled=true irq67_prio=224 selected=None
[clk=00463941 pc=0x0815b54e] DEBUG NVIC arb basepri=0x00 active_prio=Some(224) irq50_pending=false irq50_enabled=true irq50_prio=0 irq67_pending=true irq67_enabled=true irq67_prio=224 selected=None
[clk=00463942 pc=0x0815b550] DEBUG NVIC arb basepri=0x00 active_prio=Some(224) irq50_pending=false irq50_enabled=true irq50_prio=0 irq67_pending=true irq67_enabled=true irq67_prio=224 selected=None
[clk=00463943 pc=0x0815b552] DEBUG NVIC arb basepri=0x00 active_prio=Some(224) irq50_pending=false irq50_enabled=true irq50_prio=0 irq67_pending=true irq67_enabled=true irq67_prio=224 selected=None
[clk=00463944 pc=0x0815b556] DEBUG NVIC arb basepri=0x00 active_prio=Some(224) irq50_pending=false irq50_enabled=true irq50_prio=0 irq67_pending=true irq67_enabled=true irq67_prio=224 selected=None
[clk=00463945 pc=0x0815b55a] DEBUG NVIC arb basepri=0x00 active_prio=Some(224) irq50_pending=false irq50_enabled=true irq50_prio=0 irq67_pending=true irq67_enabled=true irq67_prio=224 selected=None
[clk=00463946 pc=0x0815b55c] DEBUG NVIC arb basepri=0x00 active_prio=Some(224) irq50_pending=false irq50_enabled=true irq50_prio=0 irq67_pending=true irq67_enabled=true irq67_prio=224 selected=None
[clk=00463947 pc=0x0815b55e] DEBUG NVIC arb basepri=0x00 active_prio=Some(224) irq50_pending=false irq50_enabled=true irq50_prio=0 irq67_pending=true irq67_enabled=true irq67_prio=224 selected=None
[clk=00463948 pc=0x0815b562] DEBUG NVIC arb basepri=0x00 active_prio=Some(224) irq50_pending=false irq50_enabled=true irq50_prio=0 irq67_pending=true irq67_enabled=true irq67_prio=224 selected=None
[clk=00463949 pc=0x0815b564] DEBUG NVIC arb basepri=0x00 active_prio=Some(224) irq50_pending=false irq50_enabled=true irq50_prio=0 irq67_pending=true irq67_enabled=true irq67_prio=224 selected=None
[clk=00463950 pc=0x0815b54a] DEBUG NVIC arb basepri=0x00 active_prio=Some(224) irq50_pending=false irq50_enabled=true irq50_prio=0 irq67_pending=true irq67_enabled=true irq67_prio=224 selected=None
[clk=00463951 pc=0x0815b54e] DEBUG NVIC arb basepri=0x00 active_prio=Some(224) irq50_pending=false irq50_enabled=true irq50_prio=0 irq67_pending=true irq67_enabled=true irq67_prio=224 selected=None
[clk=00463952 pc=0x0815b550] DEBUG NVIC arb basepri=0x00 active_prio=Some(224) irq50_pending=false irq50_enabled=true irq50_prio=0 irq67_pending=true irq67_enabled=true irq67_prio=224 selected=None
[clk=00463953 pc=0x0815b552] DEBUG NVIC arb basepri=0x00 active_prio=Some(224) irq50_pending=false irq50_enabled=true irq50_prio=0 irq67_pending=true irq67_enabled=true irq67_prio=224 selected=None
[clk=00463954 pc=0x0815b556] DEBUG NVIC arb basepri=0x00 active_prio=Some(224) irq50_pending=false irq50_enabled=true irq50_prio=0 irq67_pending=true irq67_enabled=true irq67_prio=224 selected=None
[clk=00463955 pc=0x0815b55a] DEBUG NVIC arb basepri=0x00 active_prio=Some(224) irq50_pending=false irq50_enabled=true irq50_prio=0 irq67_pending=true irq67_enabled=true irq67_prio=224 selected=None
[clk=00463956 pc=0x0815b55c] DEBUG NVIC arb basepri=0x00 active_prio=Some(224) irq50_pending=false irq50_enabled=true irq50_prio=0 irq67_pending=true irq67_enabled=true irq67_prio=224 selected=None
[clk=00463957 pc=0x0815b55e] DEBUG NVIC arb basepri=0x00 active_prio=Some(224) irq50_pending=false irq50_enabled=true irq50_prio=0 irq67_pending=true irq67_enabled=true irq67_prio=224 selected=None
[clk=00463958 pc=0x0815b562] DEBUG NVIC arb basepri=0x00 active_prio=Some(224) irq50_pending=false irq50_enabled=true irq50_prio=0 irq67_pending=true irq67_enabled=true irq67_prio=224 selected=None
[clk=00463959 pc=0x0815b564] DEBUG NVIC arb basepri=0x00 active_prio=Some(224) irq50_pending=false irq50_enabled=true irq50_prio=0 irq67_pending=true irq67_enabled=true irq67_prio=224 selected=None
[clk=00463960 pc=0x0815b54a] DEBUG NVIC arb basepri=0x00 active_prio=Some(224) irq50_pending=false irq50_enabled=true irq50_prio=0 irq67_pending=true irq67_enabled=true irq67_prio=224 selected=None
[clk=00463961 pc=0x0815b54e] DEBUG NVIC arb basepri=0x00 active_prio=Some(224) irq50_pending=false irq50_enabled=true irq50_prio=0 irq67_pending=true irq67_enabled=true irq67_prio=224 selected=None
[clk=00463962 pc=0x0815b550] DEBUG NVIC arb basepri=0x00 active_prio=Some(224) irq50_pending=false irq50_enabled=true irq50_prio=0 irq67_pending=true irq67_enabled=true irq67_prio=224 selected=None
[clk=00463963 pc=0x0815b552] DEBUG NVIC arb basepri=0x00 active_prio=Some(224) irq50_pending=false irq50_enabled=true irq50_prio=0 irq67_pending=true irq67_enabled=true irq67_prio=224 selected=None
[clk=00463964 pc=0x0815b556] DEBUG NVIC arb basepri=0x00 active_prio=Some(224) irq50_pending=false irq50_enabled=true irq50_prio=0 irq67_pending=true irq67_enabled=true irq67_prio=224 selected=None
[clk=00463965 pc=0x0815b55a] DEBUG NVIC arb basepri=0x00 active_prio=Some(224) irq50_pending=false irq50_enabled=true irq50_prio=0 irq67_pending=true irq67_enabled=true irq67_prio=224 selected=None
[clk=00463966 pc=0x0815b55c] DEBUG NVIC arb basepri=0x00 active_prio=Some(224) irq50_pending=false irq50_enabled=true irq50_prio=0 irq67_pending=true irq67_enabled=true irq67_prio=224 selected=None
[clk=00463967 pc=0x0815b55e] DEBUG NVIC arb basepri=0x00 active_prio=Some(224) irq50_pending=false irq50_enabled=true irq50_prio=0 irq67_pending=true irq67_enabled=true irq67_prio=224 selected=None
[clk=00463968 pc=0x0815b562] DEBUG NVIC arb basepri=0x00 active_prio=Some(224) irq50_pending=false irq50_enabled=true irq50_prio=0 irq67_pending=true irq67_enabled=true irq67_prio=224 selected=None
[clk=00463969 pc=0x0815b564] DEBUG NVIC arb basepri=0x00 active_prio=Some(224) irq50_pending=false irq50_enabled=true irq50_prio=0 irq67_pending=true irq67_enabled=true irq67_prio=224 selected=None
[clk=00463970 pc=0x0815b54a] DEBUG NVIC arb basepri=0x00 active_prio=Some(224) irq50_pending=false irq50_enabled=true irq50_prio=0 irq67_pending=true irq67_enabled=true irq67_prio=224 selected=None
[clk=00463971 pc=0x0815b54e] DEBUG NVIC arb basepri=0x00 active_prio=Some(224) irq50_pending=false irq50_enabled=true irq50_prio=0 irq67_pending=true irq67_enabled=true irq67_prio=224 selected=None
[clk=00463972 pc=0x0815b550] DEBUG NVIC arb basepri=0x00 active_prio=Some(224) irq50_pending=false irq50_enabled=true irq50_prio=0 irq67_pending=true irq67_enabled=true irq67_prio=224 selected=None
[clk=00463973 pc=0x0815b566] DEBUG NVIC arb basepri=0x00 active_prio=Some(224) irq50_pending=false irq50_enabled=true irq50_prio=0 irq67_pending=true irq67_enabled=true irq67_prio=224 selected=None
[clk=00463974 pc=0x0815b56a] DEBUG NVIC arb basepri=0x00 active_prio=Some(224) irq50_pending=false irq50_enabled=true irq50_prio=0 irq67_pending=true irq67_enabled=true irq67_prio=224 selected=None
[clk=00463975 pc=0x0815b5a0] DEBUG NVIC arb basepri=0x00 active_prio=Some(224) irq50_pending=false irq50_enabled=true irq50_prio=0 irq67_pending=true irq67_enabled=true irq67_prio=224 selected=None
[clk=00463976 pc=0x0815be86] DEBUG NVIC arb basepri=0x00 active_prio=Some(224) irq50_pending=false irq50_enabled=true irq50_prio=0 irq67_pending=true irq67_enabled=true irq67_prio=224 selected=None
[clk=00463977 pc=0x0815bdba] DEBUG NVIC arb basepri=0x00 active_prio=Some(224) irq50_pending=false irq50_enabled=true irq50_prio=0 irq67_pending=true irq67_enabled=true irq67_prio=224 selected=None
[clk=00463978 pc=0x0815bdbe] DEBUG NVIC arb basepri=0x00 active_prio=Some(224) irq50_pending=false irq50_enabled=true irq50_prio=0 irq67_pending=true irq67_enabled=true irq67_prio=224 selected=None
[clk=00463979 pc=0x0815bdc2] DEBUG NVIC arb basepri=0x00 active_prio=Some(224) irq50_pending=false irq50_enabled=true irq50_prio=0 irq67_pending=true irq67_enabled=true irq67_prio=224 selected=None
[clk=00463980 pc=0x0815bddc] DEBUG NVIC arb basepri=0x00 active_prio=Some(224) irq50_pending=false irq50_enabled=true irq50_prio=0 irq67_pending=true irq67_enabled=true irq67_prio=224 selected=None
[clk=00463981 pc=0x0815bde0] DEBUG NVIC arb basepri=0x00 active_prio=Some(224) irq50_pending=false irq50_enabled=true irq50_prio=0 irq67_pending=true irq67_enabled=true irq67_prio=224 selected=None
[clk=00463982 pc=0x0815bdfa] DEBUG NVIC arb basepri=0x00 active_prio=Some(224) irq50_pending=false irq50_enabled=true irq50_prio=0 irq67_pending=true irq67_enabled=true irq67_prio=224 selected=None
[clk=00463983 pc=0x0815bee0] DEBUG NVIC arb basepri=0x00 active_prio=Some(224) irq50_pending=false irq50_enabled=true irq50_prio=0 irq67_pending=true irq67_enabled=true irq67_prio=224 selected=None
[clk=00463984 pc=0x08154d04] DEBUG NVIC arb basepri=0x00 active_prio=Some(224) irq50_pending=false irq50_enabled=true irq50_prio=0 irq67_pending=true irq67_enabled=true irq67_prio=224 selected=None
[clk=00463985 pc=0x08154d06] DEBUG NVIC arb basepri=0x00 active_prio=Some(224) irq50_pending=false irq50_enabled=true irq50_prio=0 irq67_pending=true irq67_enabled=true irq67_prio=224 selected=None
[clk=00463986 pc=0x08154d0a] DEBUG NVIC arb basepri=0x30 active_prio=Some(224) irq50_pending=false irq50_enabled=true irq50_prio=0 irq67_pending=true irq67_enabled=true irq67_prio=224 selected=None
[clk=00463987 pc=0x08154d0c] DEBUG NVIC arb basepri=0x30 active_prio=Some(224) irq50_pending=false irq50_enabled=true irq50_prio=0 irq67_pending=true irq67_enabled=true irq67_prio=224 selected=None
[clk=00463988 pc=0x08154d0e] DEBUG NVIC arb basepri=0x30 active_prio=Some(224) irq50_pending=false irq50_enabled=true irq50_prio=0 irq67_pending=true irq67_enabled=true irq67_prio=224 selected=None
[clk=00463989 pc=0x08154d12] DEBUG NVIC arb basepri=0x30 active_prio=Some(224) irq50_pending=false irq50_enabled=true irq50_prio=0 irq67_pending=true irq67_enabled=true irq67_prio=224 selected=None
[clk=00463990 pc=0x08154d1c] DEBUG NVIC arb basepri=0x30 active_prio=Some(224) irq50_pending=false irq50_enabled=true irq50_prio=0 irq67_pending=true irq67_enabled=true irq67_prio=224 selected=None
[clk=00463991 pc=0x08154d1e] DEBUG NVIC arb basepri=0x30 active_prio=Some(224) irq50_pending=false irq50_enabled=true irq50_prio=0 irq67_pending=true irq67_enabled=true irq67_prio=224 selected=None
[clk=00463992 pc=0x08154d22] DEBUG NVIC arb basepri=0x30 active_prio=Some(224) irq50_pending=false irq50_enabled=true irq50_prio=0 irq67_pending=true irq67_enabled=true irq67_prio=224 selected=None
[clk=00463993 pc=0x08154d26] DEBUG NVIC arb basepri=0x30 active_prio=Some(224) irq50_pending=false irq50_enabled=true irq50_prio=0 irq67_pending=true irq67_enabled=true irq67_prio=224 selected=None
[clk=00463994 pc=0x08154d28] DEBUG NVIC arb basepri=0x30 active_prio=Some(224) irq50_pending=false irq50_enabled=true irq50_prio=0 irq67_pending=true irq67_enabled=true irq67_prio=224 selected=None
[clk=00463995 pc=0x08154d2c] DEBUG NVIC arb basepri=0x30 active_prio=Some(224) irq50_pending=false irq50_enabled=true irq50_prio=0 irq67_pending=true irq67_enabled=true irq67_prio=224 selected=None
[clk=00463996 pc=0x08154d2e] DEBUG NVIC arb basepri=0x30 active_prio=Some(224) irq50_pending=false irq50_enabled=true irq50_prio=0 irq67_pending=true irq67_enabled=true irq67_prio=224 selected=None
[clk=00463997 pc=0x08154d30] DEBUG NVIC arb basepri=0x30 active_prio=Some(224) irq50_pending=false irq50_enabled=true irq50_prio=0 irq67_pending=true irq67_enabled=true irq67_prio=224 selected=None
[clk=00463998 pc=0x08154d32] DEBUG NVIC arb basepri=0x30 active_prio=Some(224) irq50_pending=false irq50_enabled=true irq50_prio=0 irq67_pending=true irq67_enabled=true irq67_prio=224 selected=None
[clk=00463999 pc=0x08154d34] DEBUG NVIC arb basepri=0x30 active_prio=Some(224) irq50_pending=false irq50_enabled=true irq50_prio=0 irq67_pending=true irq67_enabled=true irq67_prio=224 selected=None
[clk=00464000 pc=0x08154d38] DEBUG NVIC arb basepri=0x30 active_prio=Some(224) irq50_pending=false irq50_enabled=true irq50_prio=0 irq67_pending=true irq67_enabled=true irq67_prio=224 selected=None
[clk=00464001 pc=0x08159868] DEBUG NVIC arb basepri=0x30 active_prio=Some(224) irq50_pending=false irq50_enabled=true irq50_prio=0 irq67_pending=true irq67_enabled=true irq67_prio=224 selected=None
[clk=00464002 pc=0x0815986a] DEBUG NVIC arb basepri=0x30 active_prio=Some(224) irq50_pending=false irq50_enabled=true irq50_prio=0 irq67_pending=true irq67_enabled=true irq67_prio=224 selected=None
[clk=00464003 pc=0x0815986c] DEBUG NVIC arb basepri=0x30 active_prio=Some(224) irq50_pending=false irq50_enabled=true irq50_prio=0 irq67_pending=true irq67_enabled=true irq67_prio=224 selected=None
[clk=00464004 pc=0x0815986e] DEBUG NVIC arb basepri=0x30 active_prio=Some(224) irq50_pending=false irq50_enabled=true irq50_prio=0 irq67_pending=true irq67_enabled=true irq67_prio=224 selected=None
[clk=00464005 pc=0x08159870] DEBUG NVIC arb basepri=0x30 active_prio=Some(224) irq50_pending=false irq50_enabled=true irq50_prio=0 irq67_pending=true irq67_enabled=true irq67_prio=224 selected=None
[clk=00464006 pc=0x08159872] DEBUG NVIC arb basepri=0x30 active_prio=Some(224) irq50_pending=false irq50_enabled=true irq50_prio=0 irq67_pending=true irq67_enabled=true irq67_prio=224 selected=None
[clk=00464007 pc=0x08159874] DEBUG NVIC arb basepri=0x30 active_prio=Some(224) irq50_pending=false irq50_enabled=true irq50_prio=0 irq67_pending=true irq67_enabled=true irq67_prio=224 selected=None
[clk=00464008 pc=0x08159876] DEBUG NVIC arb basepri=0x30 active_prio=Some(224) irq50_pending=false irq50_enabled=true irq50_prio=0 irq67_pending=true irq67_enabled=true irq67_prio=224 selected=None
[clk=00464009 pc=0x0815987a] DEBUG NVIC arb basepri=0x30 active_prio=Some(224) irq50_pending=false irq50_enabled=true irq50_prio=0 irq67_pending=true irq67_enabled=true irq67_prio=224 selected=None
[clk=00464010 pc=0x08154d3c] DEBUG NVIC arb basepri=0x30 active_prio=Some(224) irq50_pending=false irq50_enabled=true irq50_prio=0 irq67_pending=true irq67_enabled=true irq67_prio=224 selected=None
[clk=00464011 pc=0x08154d44] DEBUG NVIC arb basepri=0x30 active_prio=Some(224) irq50_pending=false irq50_enabled=true irq50_prio=0 irq67_pending=true irq67_enabled=true irq67_prio=224 selected=None
[clk=00464012 pc=0x08154d46] DEBUG NVIC arb basepri=0x30 active_prio=Some(224) irq50_pending=false irq50_enabled=true irq50_prio=0 irq67_pending=true irq67_enabled=true irq67_prio=224 selected=None
[clk=00464013 pc=0x08154d48] DEBUG NVIC arb basepri=0x30 active_prio=Some(224) irq50_pending=false irq50_enabled=true irq50_prio=0 irq67_pending=true irq67_enabled=true irq67_prio=224 selected=None
[clk=00464014 pc=0x08154d42] DEBUG NVIC arb basepri=0x30 active_prio=Some(224) irq50_pending=false irq50_enabled=true irq50_prio=0 irq67_pending=true irq67_enabled=true irq67_prio=224 selected=None
[clk=00464015 pc=0x0815bee4] DEBUG NVIC arb basepri=0x30 active_prio=Some(224) irq50_pending=false irq50_enabled=true irq50_prio=0 irq67_pending=true irq67_enabled=true irq67_prio=224 selected=None
[clk=00464015 pc=0x0815bee4] DEBUG NVIC arb basepri=0x30 active_prio=None irq50_pending=false irq50_enabled=true irq50_prio=0 irq67_pending=true irq67_enabled=true irq67_prio=224 selected=None
[clk=00464016 pc=0x08005466] DEBUG NVIC arb basepri=0x30 active_prio=None irq50_pending=false irq50_enabled=true irq50_prio=0 irq67_pending=true irq67_enabled=true irq67_prio=224 selected=None
[clk=00464017 pc=0x08154c9c] DEBUG NVIC arb basepri=0x30 active_prio=None irq50_pending=false irq50_enabled=true irq50_prio=0 irq67_pending=true irq67_enabled=true irq67_prio=224 selected=None
[clk=00464018 pc=0x08154ca0] DEBUG NVIC arb basepri=0x30 active_prio=None irq50_pending=false irq50_enabled=true irq50_prio=0 irq67_pending=true irq67_enabled=true irq67_prio=224 selected=None
[clk=00464019 pc=0x08154ca2] DEBUG NVIC arb basepri=0x30 active_prio=None irq50_pending=false irq50_enabled=true irq50_prio=0 irq67_pending=true irq67_enabled=true irq67_prio=224 selected=None
[clk=00464020 pc=0x08154ca4] DEBUG NVIC arb basepri=0x30 active_prio=None irq50_pending=false irq50_enabled=true irq50_prio=0 irq67_pending=true irq67_enabled=true irq67_prio=224 selected=None
[clk=00464021 pc=0x08154ca6] DEBUG NVIC arb basepri=0x30 active_prio=None irq50_pending=false irq50_enabled=true irq50_prio=0 irq67_pending=true irq67_enabled=true irq67_prio=224 selected=None
[clk=00464022 pc=0x08154caa] DEBUG NVIC arb basepri=0x30 active_prio=None irq50_pending=false irq50_enabled=true irq50_prio=0 irq67_pending=true irq67_enabled=true irq67_prio=224 selected=None
[clk=00464023 pc=0x08154cac] DEBUG NVIC arb basepri=0x30 active_prio=None irq50_pending=false irq50_enabled=true irq50_prio=0 irq67_pending=true irq67_enabled=true irq67_prio=224 selected=None
[clk=00464024 pc=0x08154cb0] DEBUG NVIC arb basepri=0x30 active_prio=None irq50_pending=false irq50_enabled=true irq50_prio=0 irq67_pending=true irq67_enabled=true irq67_prio=224 selected=None
[clk=00464025 pc=0x08154cb2] DEBUG NVIC arb basepri=0x30 active_prio=None irq50_pending=false irq50_enabled=true irq50_prio=0 irq67_pending=true irq67_enabled=true irq67_prio=224 selected=None
[clk=00464026 pc=0x08154cb6] DEBUG NVIC arb basepri=0x00 active_prio=None irq50_pending=false irq50_enabled=true irq50_prio=0 irq67_pending=true irq67_enabled=true irq67_prio=224 selected=Some(67)
[clk=00464026 pc=0x08154cb6] DEBUG EMULATOR code_hook: dispatching IRQ 67 (chain_idx=0)
[clk=00464026 pc=0x08154cb6] DEBUG NVIC dispatching IRQ 67 vector=0x815bed9
[clk=00464027 pc=0x0815bed8] DEBUG NVIC arb basepri=0x00 active_prio=Some(224) irq50_pending=false irq50_enabled=true irq50_prio=0 irq67_pending=true irq67_enabled=true irq67_prio=224 selected=None
[clk=00464028 pc=0x0815beda] DEBUG NVIC arb basepri=0x00 active_prio=Some(224) irq50_pending=false irq50_enabled=true irq50_prio=0 irq67_pending=true irq67_enabled=true irq67_prio=224 selected=None
[clk=00464029 pc=0x0815bedc] DEBUG NVIC arb basepri=0x00 active_prio=Some(224) irq50_pending=false irq50_enabled=true irq50_prio=0 irq67_pending=true irq67_enabled=true irq67_prio=224 selected=None
[clk=00464030 pc=0x0815bd50] DEBUG NVIC arb basepri=0x00 active_prio=Some(224) irq50_pending=false irq50_enabled=true irq50_prio=0 irq67_pending=true irq67_enabled=true irq67_prio=224 selected=None
[clk=00464031 pc=0x0815bd52] DEBUG NVIC arb basepri=0x00 active_prio=Some(224) irq50_pending=false irq50_enabled=true irq50_prio=0 irq67_pending=true irq67_enabled=true irq67_prio=224 selected=None
[clk=00464032 pc=0x0815bd54] DEBUG NVIC arb basepri=0x00 active_prio=Some(224) irq50_pending=false irq50_enabled=true irq50_prio=0 irq67_pending=true irq67_enabled=true irq67_prio=224 selected=None
[clk=00464033 pc=0x0815bd56] DEBUG NVIC arb basepri=0x00 active_prio=Some(224) irq50_pending=false irq50_enabled=true irq50_prio=0 irq67_pending=true irq67_enabled=true irq67_prio=224 selected=None
[clk=00464034 pc=0x0815bd58] DEBUG NVIC arb basepri=0x00 active_prio=Some(224) irq50_pending=false irq50_enabled=true irq50_prio=0 irq67_pending=true irq67_enabled=true irq67_prio=224 selected=None
[clk=00464035 pc=0x0815bd5a] DEBUG NVIC arb basepri=0x00 active_prio=Some(224) irq50_pending=false irq50_enabled=true irq50_prio=0 irq67_pending=true irq67_enabled=true irq67_prio=224 selected=None
[clk=00464036 pc=0x0815bd5c] DEBUG NVIC arb basepri=0x00 active_prio=Some(224) irq50_pending=false irq50_enabled=true irq50_prio=0 irq67_pending=true irq67_enabled=true irq67_prio=224 selected=None
[clk=00464037 pc=0x0815bd5e] DEBUG NVIC arb basepri=0x00 active_prio=Some(224) irq50_pending=false irq50_enabled=true irq50_prio=0 irq67_pending=true irq67_enabled=true irq67_prio=224 selected=None
[clk=00464038 pc=0x0815bd62] DEBUG NVIC arb basepri=0x00 active_prio=Some(224) irq50_pending=false irq50_enabled=true irq50_prio=0 irq67_pending=true irq67_enabled=true irq67_prio=224 selected=None
[clk=00464039 pc=0x0815bd64] DEBUG NVIC arb basepri=0x00 active_prio=Some(224) irq50_pending=false irq50_enabled=true irq50_prio=0 irq67_pending=true irq67_enabled=true irq67_prio=224 selected=None
[clk=00464040 pc=0x0815bd66] DEBUG NVIC arb basepri=0x00 active_prio=Some(224) irq50_pending=false irq50_enabled=true irq50_prio=0 irq67_pending=true irq67_enabled=true irq67_prio=224 selected=None
[clk=00464041 pc=0x0815bd68] DEBUG NVIC arb basepri=0x00 active_prio=Some(224) irq50_pending=false irq50_enabled=true irq50_prio=0 irq67_pending=true irq67_enabled=true irq67_prio=224 selected=None
[clk=00464042 pc=0x0815bd6c] DEBUG NVIC arb basepri=0x00 active_prio=Some(224) irq50_pending=false irq50_enabled=true irq50_prio=0 irq67_pending=true irq67_enabled=true irq67_prio=224 selected=None
[clk=00464043 pc=0x0815bd6e] DEBUG NVIC arb basepri=0x00 active_prio=Some(224) irq50_pending=false irq50_enabled=true irq50_prio=0 irq67_pending=true irq67_enabled=true irq67_prio=224 selected=None
[clk=00464044 pc=0x0815bd72] DEBUG NVIC arb basepri=0x00 active_prio=Some(224) irq50_pending=false irq50_enabled=true irq50_prio=0 irq67_pending=true irq67_enabled=true irq67_prio=224 selected=None
[clk=00464045 pc=0x0815bd8a] DEBUG NVIC arb basepri=0x00 active_prio=Some(224) irq50_pending=false irq50_enabled=true irq50_prio=0 irq67_pending=true irq67_enabled=true irq67_prio=224 selected=None
[clk=00464046 pc=0x0815bd8e] DEBUG NVIC arb basepri=0x00 active_prio=Some(224) irq50_pending=false irq50_enabled=true irq50_prio=0 irq67_pending=true irq67_enabled=true irq67_prio=224 selected=None
[clk=00464047 pc=0x0815bda8] DEBUG NVIC arb basepri=0x00 active_prio=Some(224) irq50_pending=false irq50_enabled=true irq50_prio=0 irq67_pending=true irq67_enabled=true irq67_prio=224 selected=None
[clk=00464048 pc=0x0815bdac] DEBUG NVIC arb basepri=0x00 active_prio=Some(224) irq50_pending=false irq50_enabled=true irq50_prio=0 irq67_pending=true irq67_enabled=true irq67_prio=224 selected=None
[clk=00464049 pc=0x0815bdae] DEBUG NVIC arb basepri=0x00 active_prio=Some(224) irq50_pending=false irq50_enabled=true irq50_prio=0 irq67_pending=true irq67_enabled=true irq67_prio=224 selected=None
[clk=00464050 pc=0x0815bdb2] DEBUG NVIC arb basepri=0x00 active_prio=Some(224) irq50_pending=false irq50_enabled=true irq50_prio=0 irq67_pending=true irq67_enabled=true irq67_prio=224 selected=None
[clk=00464051 pc=0x0815bdb4] DEBUG NVIC arb basepri=0x00 active_prio=Some(224) irq50_pending=false irq50_enabled=true irq50_prio=0 irq67_pending=true irq67_enabled=true irq67_prio=224 selected=None
[clk=00464052 pc=0x0815bdb8] DEBUG NVIC arb basepri=0x00 active_prio=Some(224) irq50_pending=false irq50_enabled=true irq50_prio=0 irq67_pending=true irq67_enabled=true irq67_prio=224 selected=None
[clk=00464053 pc=0x0815be80] DEBUG NVIC arb basepri=0x00 active_prio=Some(224) irq50_pending=false irq50_enabled=true irq50_prio=0 irq67_pending=true irq67_enabled=true irq67_prio=224 selected=None
[clk=00464054 pc=0x0815be82] DEBUG NVIC arb basepri=0x00 active_prio=Some(224) irq50_pending=false irq50_enabled=true irq50_prio=0 irq67_pending=true irq67_enabled=true irq67_prio=224 selected=None
[clk=00464055 pc=0x0815b56c] DEBUG NVIC arb basepri=0x00 active_prio=Some(224) irq50_pending=false irq50_enabled=true irq50_prio=0 irq67_pending=true irq67_enabled=true irq67_prio=224 selected=None
[clk=00464056 pc=0x0815b56e] DEBUG NVIC arb basepri=0x00 active_prio=Some(224) irq50_pending=false irq50_enabled=true irq50_prio=0 irq67_pending=true irq67_enabled=true irq67_prio=224 selected=None
[clk=00464057 pc=0x0815b570] DEBUG NVIC arb basepri=0x00 active_prio=Some(224) irq50_pending=false irq50_enabled=true irq50_prio=0 irq67_pending=true irq67_enabled=true irq67_prio=224 selected=None
[clk=00464057 pc=0x0815b570] DEBUG OTG_FS GRXSTSP pop at 0x020 state_after=StupPending result=0x00080000
[clk=00464058 pc=0x0815b572] INFO  OTG_FS: StupPending fires → DOEPINT STUP|XFRC  (enum_stage=DeliverSetAddress)
[clk=00464058 pc=0x0815b572] DEBUG NVIC arb basepri=0x00 active_prio=Some(224) irq50_pending=false irq50_enabled=true irq50_prio=0 irq67_pending=true irq67_enabled=true irq67_prio=224 selected=None
[clk=00464059 pc=0x0815b576] DEBUG NVIC arb basepri=0x00 active_prio=Some(224) irq50_pending=false irq50_enabled=true irq50_prio=0 irq67_pending=true irq67_enabled=true irq67_prio=224 selected=None
[clk=00464060 pc=0x0815b57a] DEBUG NVIC arb basepri=0x00 active_prio=Some(224) irq50_pending=false irq50_enabled=true irq50_prio=0 irq67_pending=true irq67_enabled=true irq67_prio=224 selected=None
[clk=00464061 pc=0x0815b57e] DEBUG NVIC arb basepri=0x00 active_prio=Some(224) irq50_pending=false irq50_enabled=true irq50_prio=0 irq67_pending=true irq67_enabled=true irq67_prio=224 selected=None
[clk=00464062 pc=0x0815b582] DEBUG NVIC arb basepri=0x00 active_prio=Some(224) irq50_pending=false irq50_enabled=true irq50_prio=0 irq67_pending=true irq67_enabled=true irq67_prio=224 selected=None
[clk=00464063 pc=0x0815b584] DEBUG NVIC arb basepri=0x00 active_prio=Some(224) irq50_pending=false irq50_enabled=true irq50_prio=0 irq67_pending=true irq67_enabled=true irq67_prio=224 selected=None
[clk=00464064 pc=0x0815b588] DEBUG NVIC arb basepri=0x00 active_prio=Some(224) irq50_pending=false irq50_enabled=true irq50_prio=0 irq67_pending=true irq67_enabled=true irq67_prio=224 selected=None
[clk=00464065 pc=0x0815b5a0] DEBUG NVIC arb basepri=0x00 active_prio=Some(224) irq50_pending=false irq50_enabled=true irq50_prio=0 irq67_pending=true irq67_enabled=true irq67_prio=224 selected=None
[clk=00464066 pc=0x0815be86] DEBUG NVIC arb basepri=0x00 active_prio=Some(224) irq50_pending=false irq50_enabled=true irq50_prio=0 irq67_pending=true irq67_enabled=true irq67_prio=224 selected=None
[clk=00464067 pc=0x0815bdba] DEBUG NVIC arb basepri=0x00 active_prio=Some(224) irq50_pending=false irq50_enabled=true irq50_prio=0 irq67_pending=true irq67_enabled=true irq67_prio=224 selected=None
[clk=00464068 pc=0x0815bdbe] DEBUG NVIC arb basepri=0x00 active_prio=Some(224) irq50_pending=false irq50_enabled=true irq50_prio=0 irq67_pending=true irq67_enabled=true irq67_prio=224 selected=None
[clk=00464069 pc=0x0815bdc2] DEBUG NVIC arb basepri=0x00 active_prio=Some(224) irq50_pending=false irq50_enabled=true irq50_prio=0 irq67_pending=true irq67_enabled=true irq67_prio=224 selected=None
[clk=00464070 pc=0x0815bddc] DEBUG NVIC arb basepri=0x00 active_prio=Some(224) irq50_pending=false irq50_enabled=true irq50_prio=0 irq67_pending=true irq67_enabled=true irq67_prio=224 selected=None
[clk=00464071 pc=0x0815bde0] DEBUG NVIC arb basepri=0x00 active_prio=Some(224) irq50_pending=false irq50_enabled=true irq50_prio=0 irq67_pending=true irq67_enabled=true irq67_prio=224 selected=None
[clk=00464072 pc=0x0815bdfa] DEBUG NVIC arb basepri=0x00 active_prio=Some(224) irq50_pending=false irq50_enabled=true irq50_prio=0 irq67_pending=true irq67_enabled=true irq67_prio=224 selected=None
[clk=00464073 pc=0x0815bee0] DEBUG NVIC arb basepri=0x00 active_prio=Some(224) irq50_pending=false irq50_enabled=true irq50_prio=0 irq67_pending=true irq67_enabled=true irq67_prio=224 selected=None
[clk=00464074 pc=0x08154d04] DEBUG NVIC arb basepri=0x00 active_prio=Some(224) irq50_pending=false irq50_enabled=true irq50_prio=0 irq67_pending=true irq67_enabled=true irq67_prio=224 selected=None
[clk=00464075 pc=0x08154d06] DEBUG NVIC arb basepri=0x00 active_prio=Some(224) irq50_pending=false irq50_enabled=true irq50_prio=0 irq67_pending=true irq67_enabled=true irq67_prio=224 selected=None
[clk=00464076 pc=0x08154d0a] DEBUG NVIC arb basepri=0x30 active_prio=Some(224) irq50_pending=false irq50_enabled=true irq50_prio=0 irq67_pending=true irq67_enabled=true irq67_prio=224 selected=None
[clk=00464077 pc=0x08154d0c] DEBUG NVIC arb basepri=0x30 active_prio=Some(224) irq50_pending=false irq50_enabled=true irq50_prio=0 irq67_pending=true irq67_enabled=true irq67_prio=224 selected=None
[clk=00464078 pc=0x08154d0e] DEBUG NVIC arb basepri=0x30 active_prio=Some(224) irq50_pending=false irq50_enabled=true irq50_prio=0 irq67_pending=true irq67_enabled=true irq67_prio=224 selected=None
[clk=00464079 pc=0x08154d12] DEBUG NVIC arb basepri=0x30 active_prio=Some(224) irq50_pending=false irq50_enabled=true irq50_prio=0 irq67_pending=true irq67_enabled=true irq67_prio=224 selected=None
[clk=00464080 pc=0x08154d14] DEBUG NVIC arb basepri=0x30 active_prio=Some(224) irq50_pending=false irq50_enabled=true irq50_prio=0 irq67_pending=true irq67_enabled=true irq67_prio=224 selected=None
[clk=00464081 pc=0x08154d16] DEBUG NVIC arb basepri=0x30 active_prio=Some(224) irq50_pending=false irq50_enabled=true irq50_prio=0 irq67_pending=true irq67_enabled=true irq67_prio=224 selected=None
[clk=00464082 pc=0x08154d1a] DEBUG NVIC arb basepri=0x00 active_prio=Some(224) irq50_pending=false irq50_enabled=true irq50_prio=0 irq67_pending=true irq67_enabled=true irq67_prio=224 selected=None
[clk=00464083 pc=0x0815bee4] DEBUG NVIC arb basepri=0x00 active_prio=Some(224) irq50_pending=false irq50_enabled=true irq50_prio=0 irq67_pending=true irq67_enabled=true irq67_prio=224 selected=None
[clk=00464083 pc=0x0815bee4] DEBUG NVIC arb basepri=0x00 active_prio=None irq50_pending=false irq50_enabled=true irq50_prio=0 irq67_pending=true irq67_enabled=true irq67_prio=224 selected=Some(67)
[clk=00464083 pc=0x0815bee4] DEBUG EMULATOR exception_return: dispatching IRQ 67 (chain_idx=0)
[clk=00464083 pc=0x0815bee4] DEBUG NVIC dispatching IRQ 67 vector=0x815bed9
[clk=00464298 pc=0x0815bc4a] INFO  OTG_FS: EP0 IN ZLP XFRC (enum_stage=DeliverSetAddress diepctl0=0x80008040)
[clk=00464298 pc=0x0815bc4a] INFO  OTG_FS: SetAddress ZLP done → DeliverSetConfig
[clk=00464298 pc=0x0815bc4a] DEBUG NVIC arb basepri=0x30 active_prio=Some(224) irq50_pending=false irq50_enabled=true irq50_prio=0 irq67_pending=true irq67_enabled=true irq67_prio=224 selected=None
[clk=00464299 pc=0x0815bc4c] INFO  OTG_FS: delivering SetConfig SETUP packet to EP0
[clk=00464299 pc=0x0815bc4c] DEBUG NVIC arb basepri=0x30 active_prio=Some(224) irq50_pending=false irq50_enabled=true irq50_prio=0 irq67_pending=true irq67_enabled=true irq67_prio=224 selected=None
[clk=00464300 pc=0x0815bc50] DEBUG NVIC arb basepri=0x30 active_prio=Some(224) irq50_pending=false irq50_enabled=true irq50_prio=0 irq67_pending=true irq67_enabled=true irq67_prio=224 selected=None
[clk=00464301 pc=0x0815bc52] DEBUG NVIC arb basepri=0x30 active_prio=Some(224) irq50_pending=false irq50_enabled=true irq50_prio=0 irq67_pending=true irq67_enabled=true irq67_prio=224 selected=None
[clk=00464302 pc=0x0815bc56] DEBUG NVIC arb basepri=0x30 active_prio=Some(224) irq50_pending=false irq50_enabled=true irq50_prio=0 irq67_pending=true irq67_enabled=true irq67_prio=224 selected=None
[clk=00464303 pc=0x0815bc58] DEBUG NVIC arb basepri=0x30 active_prio=Some(224) irq50_pending=false irq50_enabled=true irq50_prio=0 irq67_pending=true irq67_enabled=true irq67_prio=224 selected=None
[clk=00464304 pc=0x0815bc5c] DEBUG NVIC arb basepri=0x30 active_prio=Some(224) irq50_pending=false irq50_enabled=true irq50_prio=0 irq67_pending=true irq67_enabled=true irq67_prio=224 selected=None
[clk=00464305 pc=0x0815bc60] DEBUG NVIC arb basepri=0x30 active_prio=Some(224) irq50_pending=false irq50_enabled=true irq50_prio=0 irq67_pending=true irq67_enabled=true irq67_prio=224 selected=None
[clk=00464306 pc=0x08158d88] DEBUG NVIC arb basepri=0x30 active_prio=Some(224) irq50_pending=false irq50_enabled=true irq50_prio=0 irq67_pending=true irq67_enabled=true irq67_prio=224 selected=None
[clk=00464307 pc=0x08158f12] DEBUG NVIC arb basepri=0x30 active_prio=Some(224) irq50_pending=false irq50_enabled=true irq50_prio=0 irq67_pending=true irq67_enabled=true irq67_prio=224 selected=None
[clk=00464308 pc=0x08158f14] DEBUG NVIC arb basepri=0x30 active_prio=Some(224) irq50_pending=false irq50_enabled=true irq50_prio=0 irq67_pending=true irq67_enabled=true irq67_prio=224 selected=None
[clk=00464309 pc=0x08158f18] DEBUG NVIC arb basepri=0x00 active_prio=Some(224) irq50_pending=false irq50_enabled=true irq50_prio=0 irq67_pending=true irq67_enabled=true irq67_prio=224 selected=None
[clk=00464310 pc=0x08158eb4] DEBUG NVIC arb basepri=0x00 active_prio=Some(224) irq50_pending=false irq50_enabled=true irq50_prio=0 irq67_pending=true irq67_enabled=true irq67_prio=224 selected=None
[clk=00464311 pc=0x0815bba0] DEBUG NVIC arb basepri=0x00 active_prio=Some(224) irq50_pending=false irq50_enabled=true irq50_prio=0 irq67_pending=true irq67_enabled=true irq67_prio=224 selected=None
[clk=00464312 pc=0x0815bba4] DEBUG NVIC arb basepri=0x00 active_prio=Some(224) irq50_pending=false irq50_enabled=true irq50_prio=0 irq67_pending=true irq67_enabled=true irq67_prio=224 selected=None
[clk=00464313 pc=0x0815bba6] DEBUG NVIC arb basepri=0x00 active_prio=Some(224) irq50_pending=false irq50_enabled=true irq50_prio=0 irq67_pending=true irq67_enabled=true irq67_prio=224 selected=None
[clk=00464314 pc=0x0815bbaa] DEBUG NVIC arb basepri=0x00 active_prio=Some(224) irq50_pending=false irq50_enabled=true irq50_prio=0 irq67_pending=true irq67_enabled=true irq67_prio=224 selected=None
[clk=00464315 pc=0x0815bbae] DEBUG NVIC arb basepri=0x00 active_prio=Some(224) irq50_pending=false irq50_enabled=true irq50_prio=0 irq67_pending=true irq67_enabled=true irq67_prio=224 selected=None
[clk=00464316 pc=0x0815bbb0] DEBUG NVIC arb basepri=0x00 active_prio=Some(224) irq50_pending=false irq50_enabled=true irq50_prio=0 irq67_pending=true irq67_enabled=true irq67_prio=224 selected=None
[clk=00464317 pc=0x0815bbb2] DEBUG NVIC arb basepri=0x00 active_prio=Some(224) irq50_pending=false irq50_enabled=true irq50_prio=0 irq67_pending=true irq67_enabled=true irq67_prio=224 selected=None
[clk=00464318 pc=0x0815bbb6] DEBUG NVIC arb basepri=0x00 active_prio=Some(224) irq50_pending=false irq50_enabled=true irq50_prio=0 irq67_pending=true irq67_enabled=true irq67_prio=224 selected=None
[clk=00464319 pc=0x0815bbb8] DEBUG NVIC arb basepri=0x00 active_prio=Some(224) irq50_pending=false irq50_enabled=true irq50_prio=0 irq67_pending=true irq67_enabled=true irq67_prio=224 selected=None
[clk=00464320 pc=0x0815bbba] DEBUG NVIC arb basepri=0x00 active_prio=Some(224) irq50_pending=false irq50_enabled=true irq50_prio=0 irq67_pending=true irq67_enabled=true irq67_prio=224 selected=None
[clk=00464321 pc=0x0815bbbc] DEBUG NVIC arb basepri=0x00 active_prio=Some(224) irq50_pending=false irq50_enabled=true irq50_prio=0 irq67_pending=true irq67_enabled=true irq67_prio=224 selected=None
[clk=00464322 pc=0x0815bbbe] DEBUG NVIC arb basepri=0x00 active_prio=Some(224) irq50_pending=false irq50_enabled=true irq50_prio=0 irq67_pending=true irq67_enabled=true irq67_prio=224 selected=None
[clk=00464323 pc=0x0815bbc0] DEBUG NVIC arb basepri=0x00 active_prio=Some(224) irq50_pending=false irq50_enabled=true irq50_prio=0 irq67_pending=true irq67_enabled=true irq67_prio=224 selected=None
[clk=00464324 pc=0x0815bbc4] DEBUG NVIC arb basepri=0x00 active_prio=Some(224) irq50_pending=false irq50_enabled=true irq50_prio=0 irq67_pending=true irq67_enabled=true irq67_prio=224 selected=None
[clk=00464325 pc=0x0815bbc8] DEBUG NVIC arb basepri=0x00 active_prio=Some(224) irq50_pending=false irq50_enabled=true irq50_prio=0 irq67_pending=true irq67_enabled=true irq67_prio=224 selected=None
[clk=00464326 pc=0x0815bbca] DEBUG NVIC arb basepri=0x00 active_prio=Some(224) irq50_pending=false irq50_enabled=true irq50_prio=0 irq67_pending=true irq67_enabled=true irq67_prio=224 selected=None
[clk=00464327 pc=0x0815bbcc] DEBUG NVIC arb basepri=0x00 active_prio=Some(224) irq50_pending=false irq50_enabled=true irq50_prio=0 irq67_pending=true irq67_enabled=true irq67_prio=224 selected=None
[clk=00464328 pc=0x0815bbce] DEBUG NVIC arb basepri=0x00 active_prio=Some(224) irq50_pending=false irq50_enabled=true irq50_prio=0 irq67_pending=true irq67_enabled=true irq67_prio=224 selected=None
[clk=00464329 pc=0x0815bbd0] DEBUG NVIC arb basepri=0x00 active_prio=Some(224) irq50_pending=false irq50_enabled=true irq50_prio=0 irq67_pending=true irq67_enabled=true irq67_prio=224 selected=None
[clk=00464330 pc=0x0815bbd2] DEBUG NVIC arb basepri=0x00 active_prio=Some(224) irq50_pending=false irq50_enabled=true irq50_prio=0 irq67_pending=true irq67_enabled=true irq67_prio=224 selected=None
[clk=00464331 pc=0x0815bbd4] DEBUG NVIC arb basepri=0x00 active_prio=Some(224) irq50_pending=false irq50_enabled=true irq50_prio=0 irq67_pending=true irq67_enabled=true irq67_prio=224 selected=None
[clk=00464332 pc=0x0815bbd8] DEBUG NVIC arb basepri=0x00 active_prio=Some(224) irq50_pending=false irq50_enabled=true irq50_prio=0 irq67_pending=true irq67_enabled=true irq67_prio=224 selected=None
[clk=00464333 pc=0x0815bbda] DEBUG NVIC arb basepri=0x00 active_prio=Some(224) irq50_pending=false irq50_enabled=true irq50_prio=0 irq67_pending=true irq67_enabled=true irq67_prio=224 selected=None
[clk=00464334 pc=0x0815bbde] DEBUG NVIC arb basepri=0x00 active_prio=Some(224) irq50_pending=false irq50_enabled=true irq50_prio=0 irq67_pending=true irq67_enabled=true irq67_prio=224 selected=None
[clk=00464335 pc=0x0815bbe0] DEBUG NVIC arb basepri=0x00 active_prio=Some(224) irq50_pending=false irq50_enabled=true irq50_prio=0 irq67_pending=true irq67_enabled=true irq67_prio=224 selected=None
[clk=00464336 pc=0x0815bbe2] DEBUG NVIC arb basepri=0x00 active_prio=Some(224) irq50_pending=false irq50_enabled=true irq50_prio=0 irq67_pending=true irq67_enabled=true irq67_prio=224 selected=None
[clk=00464337 pc=0x0815bbe4] DEBUG NVIC arb basepri=0x00 active_prio=Some(224) irq50_pending=false irq50_enabled=true irq50_prio=0 irq67_pending=true irq67_enabled=true irq67_prio=224 selected=None
[clk=00464338 pc=0x0815bbe6] DEBUG NVIC arb basepri=0x00 active_prio=Some(224) irq50_pending=false irq50_enabled=true irq50_prio=0 irq67_pending=true irq67_enabled=true irq67_prio=224 selected=None
[clk=00464339 pc=0x0815bbe8] DEBUG NVIC arb basepri=0x00 active_prio=Some(224) irq50_pending=false irq50_enabled=true irq50_prio=0 irq67_pending=true irq67_enabled=true irq67_prio=224 selected=None
[clk=00464340 pc=0x08158fcc] DEBUG NVIC arb basepri=0x00 active_prio=Some(224) irq50_pending=false irq50_enabled=true irq50_prio=0 irq67_pending=true irq67_enabled=true irq67_prio=224 selected=None
[clk=00464341 pc=0x08158fce] DEBUG NVIC arb basepri=0x00 active_prio=Some(224) irq50_pending=false irq50_enabled=true irq50_prio=0 irq67_pending=true irq67_enabled=true irq67_prio=224 selected=None
[clk=00464342 pc=0x08158fd0] DEBUG NVIC arb basepri=0x00 active_prio=Some(224) irq50_pending=false irq50_enabled=true irq50_prio=0 irq67_pending=true irq67_enabled=true irq67_prio=224 selected=None
[clk=00464343 pc=0x08158fd4] DEBUG NVIC arb basepri=0x00 active_prio=Some(224) irq50_pending=false irq50_enabled=true irq50_prio=0 irq67_pending=true irq67_enabled=true irq67_prio=224 selected=None
[clk=00464344 pc=0x08158fd6] DEBUG NVIC arb basepri=0x00 active_prio=Some(224) irq50_pending=false irq50_enabled=true irq50_prio=0 irq67_pending=true irq67_enabled=true irq67_prio=224 selected=None
[clk=00464345 pc=0x08158fd8] DEBUG NVIC arb basepri=0x00 active_prio=Some(224) irq50_pending=false irq50_enabled=true irq50_prio=0 irq67_pending=true irq67_enabled=true irq67_prio=224 selected=None
[clk=00464346 pc=0x08159028] DEBUG NVIC arb basepri=0x00 active_prio=Some(224) irq50_pending=false irq50_enabled=true irq50_prio=0 irq67_pending=true irq67_enabled=true irq67_prio=224 selected=None
[clk=00464347 pc=0x0815902a] DEBUG NVIC arb basepri=0x00 active_prio=Some(224) irq50_pending=false irq50_enabled=true irq50_prio=0 irq67_pending=true irq67_enabled=true irq67_prio=224 selected=None
[clk=00464348 pc=0x0815befc] DEBUG NVIC arb basepri=0x00 active_prio=Some(224) irq50_pending=false irq50_enabled=true irq50_prio=0 irq67_pending=true irq67_enabled=true irq67_prio=224 selected=None
[clk=00464349 pc=0x0815befe] DEBUG NVIC arb basepri=0x00 active_prio=Some(224) irq50_pending=false irq50_enabled=true irq50_prio=0 irq67_pending=true irq67_enabled=true irq67_prio=224 selected=None
[clk=00464350 pc=0x0815bf00] DEBUG NVIC arb basepri=0x00 active_prio=Some(224) irq50_pending=false irq50_enabled=true irq50_prio=0 irq67_pending=true irq67_enabled=true irq67_prio=224 selected=None
[clk=00464351 pc=0x0815bf02] DEBUG NVIC arb basepri=0x00 active_prio=Some(224) irq50_pending=false irq50_enabled=true irq50_prio=0 irq67_pending=true irq67_enabled=true irq67_prio=224 selected=None
[clk=00464352 pc=0x0815bf04] DEBUG NVIC arb basepri=0x00 active_prio=Some(224) irq50_pending=false irq50_enabled=true irq50_prio=0 irq67_pending=true irq67_enabled=true irq67_prio=224 selected=None
[clk=00464353 pc=0x0815bf08] DEBUG NVIC arb basepri=0x00 active_prio=Some(224) irq50_pending=false irq50_enabled=true irq50_prio=0 irq67_pending=true irq67_enabled=true irq67_prio=224 selected=None
[clk=00464354 pc=0x0815bf0a] DEBUG NVIC arb basepri=0x00 active_prio=Some(224) irq50_pending=false irq50_enabled=true irq50_prio=0 irq67_pending=true irq67_enabled=true irq67_prio=224 selected=None
[clk=00464355 pc=0x0815902e] DEBUG NVIC arb basepri=0x00 active_prio=Some(224) irq50_pending=false irq50_enabled=true irq50_prio=0 irq67_pending=true irq67_enabled=true irq67_prio=224 selected=None
[clk=00464356 pc=0x08159030] DEBUG NVIC arb basepri=0x00 active_prio=Some(224) irq50_pending=false irq50_enabled=true irq50_prio=0 irq67_pending=true irq67_enabled=true irq67_prio=224 selected=None
[clk=00464357 pc=0x08159032] DEBUG NVIC arb basepri=0x00 active_prio=Some(224) irq50_pending=false irq50_enabled=true irq50_prio=0 irq67_pending=true irq67_enabled=true irq67_prio=224 selected=None
[clk=00464358 pc=0x0815beec] DEBUG NVIC arb basepri=0x00 active_prio=Some(224) irq50_pending=false irq50_enabled=true irq50_prio=0 irq67_pending=true irq67_enabled=true irq67_prio=224 selected=None
[clk=00464359 pc=0x0815beee] DEBUG NVIC arb basepri=0x00 active_prio=Some(224) irq50_pending=false irq50_enabled=true irq50_prio=0 irq67_pending=true irq67_enabled=true irq67_prio=224 selected=None
[clk=00464360 pc=0x0815bef0] DEBUG NVIC arb basepri=0x00 active_prio=Some(224) irq50_pending=false irq50_enabled=true irq50_prio=0 irq67_pending=true irq67_enabled=true irq67_prio=224 selected=None
[clk=00464361 pc=0x0815bef2] DEBUG NVIC arb basepri=0x00 active_prio=Some(224) irq50_pending=false irq50_enabled=true irq50_prio=0 irq67_pending=true irq67_enabled=true irq67_prio=224 selected=None
[clk=00464362 pc=0x0815bef4] DEBUG NVIC arb basepri=0x00 active_prio=Some(224) irq50_pending=false irq50_enabled=true irq50_prio=0 irq67_pending=true irq67_enabled=true irq67_prio=224 selected=None
[clk=00464363 pc=0x0815bef8] DEBUG NVIC arb basepri=0x00 active_prio=Some(224) irq50_pending=false irq50_enabled=true irq50_prio=0 irq67_pending=true irq67_enabled=true irq67_prio=224 selected=None
[clk=00464364 pc=0x0815befa] DEBUG NVIC arb basepri=0x00 active_prio=Some(224) irq50_pending=false irq50_enabled=true irq50_prio=0 irq67_pending=true irq67_enabled=true irq67_prio=224 selected=None
[clk=00464365 pc=0x08159036] DEBUG NVIC arb basepri=0x00 active_prio=Some(224) irq50_pending=false irq50_enabled=true irq50_prio=0 irq67_pending=true irq67_enabled=true irq67_prio=224 selected=None
[clk=00464366 pc=0x08159038] DEBUG NVIC arb basepri=0x00 active_prio=Some(224) irq50_pending=false irq50_enabled=true irq50_prio=0 irq67_pending=true irq67_enabled=true irq67_prio=224 selected=None
[clk=00464367 pc=0x0815903a] DEBUG NVIC arb basepri=0x00 active_prio=Some(224) irq50_pending=false irq50_enabled=true irq50_prio=0 irq67_pending=true irq67_enabled=true irq67_prio=224 selected=None
[clk=00464368 pc=0x0815903c] DEBUG NVIC arb basepri=0x00 active_prio=Some(224) irq50_pending=false irq50_enabled=true irq50_prio=0 irq67_pending=true irq67_enabled=true irq67_prio=224 selected=None
[clk=00464369 pc=0x0815903e] DEBUG NVIC arb basepri=0x00 active_prio=Some(224) irq50_pending=false irq50_enabled=true irq50_prio=0 irq67_pending=true irq67_enabled=true irq67_prio=224 selected=None
[clk=00464370 pc=0x08159040] DEBUG NVIC arb basepri=0x00 active_prio=Some(224) irq50_pending=false irq50_enabled=true irq50_prio=0 irq67_pending=true irq67_enabled=true irq67_prio=224 selected=None
[clk=00464371 pc=0x0815a32c] DEBUG NVIC arb basepri=0x00 active_prio=Some(224) irq50_pending=false irq50_enabled=true irq50_prio=0 irq67_pending=true irq67_enabled=true irq67_prio=224 selected=None
[clk=00464372 pc=0x0815a32e] DEBUG NVIC arb basepri=0x00 active_prio=Some(224) irq50_pending=false irq50_enabled=true irq50_prio=0 irq67_pending=true irq67_enabled=true irq67_prio=224 selected=None
[clk=00464373 pc=0x0815a330] DEBUG NVIC arb basepri=0x00 active_prio=Some(224) irq50_pending=false irq50_enabled=true irq50_prio=0 irq67_pending=true irq67_enabled=true irq67_prio=224 selected=None
[clk=00464374 pc=0x0815a362] DEBUG NVIC arb basepri=0x00 active_prio=Some(224) irq50_pending=false irq50_enabled=true irq50_prio=0 irq67_pending=true irq67_enabled=true irq67_prio=224 selected=None
[clk=00464375 pc=0x08159042] DEBUG NVIC arb basepri=0x00 active_prio=Some(224) irq50_pending=false irq50_enabled=true irq50_prio=0 irq67_pending=true irq67_enabled=true irq67_prio=224 selected=None
[clk=00464376 pc=0x08159044] DEBUG NVIC arb basepri=0x00 active_prio=Some(224) irq50_pending=false irq50_enabled=true irq50_prio=0 irq67_pending=true irq67_enabled=true irq67_prio=224 selected=None
[clk=00464377 pc=0x08159048] DEBUG NVIC arb basepri=0x00 active_prio=Some(224) irq50_pending=false irq50_enabled=true irq50_prio=0 irq67_pending=true irq67_enabled=true irq67_prio=224 selected=None
[clk=00464378 pc=0x0815900e] DEBUG NVIC arb basepri=0x00 active_prio=Some(224) irq50_pending=false irq50_enabled=true irq50_prio=0 irq67_pending=true irq67_enabled=true irq67_prio=224 selected=None
[clk=00464379 pc=0x0815bbea] DEBUG NVIC arb basepri=0x00 active_prio=Some(224) irq50_pending=false irq50_enabled=true irq50_prio=0 irq67_pending=true irq67_enabled=true irq67_prio=224 selected=None
[clk=00464380 pc=0x0815be90] DEBUG NVIC arb basepri=0x00 active_prio=Some(224) irq50_pending=false irq50_enabled=true irq50_prio=0 irq67_pending=true irq67_enabled=true irq67_prio=224 selected=None
[clk=00464381 pc=0x0815bdca] DEBUG NVIC arb basepri=0x00 active_prio=Some(224) irq50_pending=false irq50_enabled=true irq50_prio=0 irq67_pending=true irq67_enabled=true irq67_prio=224 selected=None
[clk=00464382 pc=0x0815bdce] DEBUG NVIC arb basepri=0x00 active_prio=Some(224) irq50_pending=false irq50_enabled=true irq50_prio=0 irq67_pending=true irq67_enabled=true irq67_prio=224 selected=None
[clk=00464383 pc=0x0815bdd0] DEBUG NVIC arb basepri=0x00 active_prio=Some(224) irq50_pending=false irq50_enabled=true irq50_prio=0 irq67_pending=true irq67_enabled=true irq67_prio=224 selected=None
[clk=00464384 pc=0x0815bdd4] DEBUG NVIC arb basepri=0x00 active_prio=Some(224) irq50_pending=false irq50_enabled=true irq50_prio=0 irq67_pending=true irq67_enabled=true irq67_prio=224 selected=None
[clk=00464385 pc=0x0815bdd6] DEBUG NVIC arb basepri=0x00 active_prio=Some(224) irq50_pending=false irq50_enabled=true irq50_prio=0 irq67_pending=true irq67_enabled=true irq67_prio=224 selected=None
[clk=00464386 pc=0x0815bdda] DEBUG NVIC arb basepri=0x00 active_prio=Some(224) irq50_pending=false irq50_enabled=true irq50_prio=0 irq67_pending=true irq67_enabled=true irq67_prio=224 selected=None
[clk=00464387 pc=0x0815bddc] DEBUG NVIC arb basepri=0x00 active_prio=Some(224) irq50_pending=false irq50_enabled=true irq50_prio=0 irq67_pending=true irq67_enabled=true irq67_prio=224 selected=None
[clk=00464388 pc=0x0815bde0] DEBUG NVIC arb basepri=0x00 active_prio=Some(224) irq50_pending=false irq50_enabled=true irq50_prio=0 irq67_pending=true irq67_enabled=true irq67_prio=224 selected=None
[clk=00464389 pc=0x0815bdfa] DEBUG NVIC arb basepri=0x00 active_prio=Some(224) irq50_pending=false irq50_enabled=true irq50_prio=0 irq67_pending=true irq67_enabled=true irq67_prio=224 selected=None
[clk=00464390 pc=0x0815bee0] DEBUG NVIC arb basepri=0x00 active_prio=Some(224) irq50_pending=false irq50_enabled=true irq50_prio=0 irq67_pending=true irq67_enabled=true irq67_prio=224 selected=None
[clk=00464391 pc=0x08154d04] DEBUG NVIC arb basepri=0x00 active_prio=Some(224) irq50_pending=false irq50_enabled=true irq50_prio=0 irq67_pending=true irq67_enabled=true irq67_prio=224 selected=None
[clk=00464392 pc=0x08154d06] DEBUG NVIC arb basepri=0x00 active_prio=Some(224) irq50_pending=false irq50_enabled=true irq50_prio=0 irq67_pending=true irq67_enabled=true irq67_prio=224 selected=None
[clk=00464393 pc=0x08154d0a] DEBUG NVIC arb basepri=0x30 active_prio=Some(224) irq50_pending=false irq50_enabled=true irq50_prio=0 irq67_pending=true irq67_enabled=true irq67_prio=224 selected=None
[clk=00464394 pc=0x08154d0c] DEBUG NVIC arb basepri=0x30 active_prio=Some(224) irq50_pending=false irq50_enabled=true irq50_prio=0 irq67_pending=true irq67_enabled=true irq67_prio=224 selected=None
[clk=00464395 pc=0x08154d0e] DEBUG NVIC arb basepri=0x30 active_prio=Some(224) irq50_pending=false irq50_enabled=true irq50_prio=0 irq67_pending=true irq67_enabled=true irq67_prio=224 selected=None
[clk=00464396 pc=0x08154d12] DEBUG NVIC arb basepri=0x30 active_prio=Some(224) irq50_pending=false irq50_enabled=true irq50_prio=0 irq67_pending=true irq67_enabled=true irq67_prio=224 selected=None
[clk=00464397 pc=0x08154d14] DEBUG NVIC arb basepri=0x30 active_prio=Some(224) irq50_pending=false irq50_enabled=true irq50_prio=0 irq67_pending=true irq67_enabled=true irq67_prio=224 selected=None
[clk=00464398 pc=0x08154d16] DEBUG NVIC arb basepri=0x30 active_prio=Some(224) irq50_pending=false irq50_enabled=true irq50_prio=0 irq67_pending=true irq67_enabled=true irq67_prio=224 selected=None
[clk=00464399 pc=0x08154d1a] DEBUG NVIC arb basepri=0x00 active_prio=Some(224) irq50_pending=false irq50_enabled=true irq50_prio=0 irq67_pending=true irq67_enabled=true irq67_prio=224 selected=None
[clk=00464400 pc=0x0815bee4] DEBUG NVIC arb basepri=0x00 active_prio=Some(224) irq50_pending=false irq50_enabled=true irq50_prio=0 irq67_pending=true irq67_enabled=true irq67_prio=224 selected=None
[clk=00464400 pc=0x0815bee4] DEBUG NVIC arb basepri=0x00 active_prio=None irq50_pending=false irq50_enabled=true irq50_prio=0 irq67_pending=true irq67_enabled=true irq67_prio=224 selected=Some(67)
[clk=00464400 pc=0x0815bee4] DEBUG EMULATOR exception_return: dispatching IRQ 67 (chain_idx=0)
[clk=00464400 pc=0x0815bee4] DEBUG NVIC dispatching IRQ 67 vector=0x815bed9
[clk=00464431 pc=0x0815b570] DEBUG OTG_FS GRXSTSP pop at 0x020 state_after=RxFlvlFifoPending result=0x000c0080
[clk=00464455 pc=0x0815b558] DEBUG OTG_FS FIFO read idx=0 word=0x00010900 state_after=RxFlvlFifoPending
[clk=00464496 pc=0x0815b558] DEBUG OTG_FS FIFO read idx=1 word=0x00000000 state_after=RxFlvlFifoPending
[clk=00464497 pc=0x0815b55a] DEBUG NVIC arb basepri=0x00 active_prio=Some(224) irq50_pending=false irq50_enabled=true irq50_prio=0 irq67_pending=true irq67_enabled=true irq67_prio=224 selected=None
[clk=00464498 pc=0x0815b55c] DEBUG NVIC arb basepri=0x00 active_prio=Some(224) irq50_pending=false irq50_enabled=true irq50_prio=0 irq67_pending=true irq67_enabled=true irq67_prio=224 selected=None
[clk=00464499 pc=0x0815b55e] DEBUG NVIC arb basepri=0x00 active_prio=Some(224) irq50_pending=false irq50_enabled=true irq50_prio=0 irq67_pending=true irq67_enabled=true irq67_prio=224 selected=None
[clk=00464500 pc=0x0815b562] DEBUG NVIC arb basepri=0x00 active_prio=Some(224) irq50_pending=false irq50_enabled=true irq50_prio=0 irq67_pending=true irq67_enabled=true irq67_prio=224 selected=None
[clk=00464501 pc=0x0815b564] DEBUG NVIC arb basepri=0x00 active_prio=Some(224) irq50_pending=false irq50_enabled=true irq50_prio=0 irq67_pending=true irq67_enabled=true irq67_prio=224 selected=None
[clk=00464502 pc=0x0815b54a] DEBUG NVIC arb basepri=0x00 active_prio=Some(224) irq50_pending=false irq50_enabled=true irq50_prio=0 irq67_pending=true irq67_enabled=true irq67_prio=224 selected=None
[clk=00464503 pc=0x0815b54e] DEBUG NVIC arb basepri=0x00 active_prio=Some(224) irq50_pending=false irq50_enabled=true irq50_prio=0 irq67_pending=true irq67_enabled=true irq67_prio=224 selected=None
[clk=00464504 pc=0x0815b550] DEBUG NVIC arb basepri=0x00 active_prio=Some(224) irq50_pending=false irq50_enabled=true irq50_prio=0 irq67_pending=true irq67_enabled=true irq67_prio=224 selected=None
[clk=00464505 pc=0x0815b552] DEBUG NVIC arb basepri=0x00 active_prio=Some(224) irq50_pending=false irq50_enabled=true irq50_prio=0 irq67_pending=true irq67_enabled=true irq67_prio=224 selected=None
[clk=00464506 pc=0x0815b556] DEBUG NVIC arb basepri=0x00 active_prio=Some(224) irq50_pending=false irq50_enabled=true irq50_prio=0 irq67_pending=true irq67_enabled=true irq67_prio=224 selected=None
[clk=00464507 pc=0x0815b55a] DEBUG NVIC arb basepri=0x00 active_prio=Some(224) irq50_pending=false irq50_enabled=true irq50_prio=0 irq67_pending=true irq67_enabled=true irq67_prio=224 selected=None
[clk=00464508 pc=0x0815b55c] DEBUG NVIC arb basepri=0x00 active_prio=Some(224) irq50_pending=false irq50_enabled=true irq50_prio=0 irq67_pending=true irq67_enabled=true irq67_prio=224 selected=None
[clk=00464509 pc=0x0815b55e] DEBUG NVIC arb basepri=0x00 active_prio=Some(224) irq50_pending=false irq50_enabled=true irq50_prio=0 irq67_pending=true irq67_enabled=true irq67_prio=224 selected=None
[clk=00464510 pc=0x0815b562] DEBUG NVIC arb basepri=0x00 active_prio=Some(224) irq50_pending=false irq50_enabled=true irq50_prio=0 irq67_pending=true irq67_enabled=true irq67_prio=224 selected=None
[clk=00464511 pc=0x0815b564] DEBUG NVIC arb basepri=0x00 active_prio=Some(224) irq50_pending=false irq50_enabled=true irq50_prio=0 irq67_pending=true irq67_enabled=true irq67_prio=224 selected=None
[clk=00464512 pc=0x0815b54a] DEBUG NVIC arb basepri=0x00 active_prio=Some(224) irq50_pending=false irq50_enabled=true irq50_prio=0 irq67_pending=true irq67_enabled=true irq67_prio=224 selected=None
[clk=00464513 pc=0x0815b54e] DEBUG NVIC arb basepri=0x00 active_prio=Some(224) irq50_pending=false irq50_enabled=true irq50_prio=0 irq67_pending=true irq67_enabled=true irq67_prio=224 selected=None
[clk=00464514 pc=0x0815b550] DEBUG NVIC arb basepri=0x00 active_prio=Some(224) irq50_pending=false irq50_enabled=true irq50_prio=0 irq67_pending=true irq67_enabled=true irq67_prio=224 selected=None
[clk=00464515 pc=0x0815b552] DEBUG NVIC arb basepri=0x00 active_prio=Some(224) irq50_pending=false irq50_enabled=true irq50_prio=0 irq67_pending=true irq67_enabled=true irq67_prio=224 selected=None
[clk=00464516 pc=0x0815b556] DEBUG NVIC arb basepri=0x00 active_prio=Some(224) irq50_pending=false irq50_enabled=true irq50_prio=0 irq67_pending=true irq67_enabled=true irq67_prio=224 selected=None
[clk=00464517 pc=0x0815b55a] DEBUG NVIC arb basepri=0x00 active_prio=Some(224) irq50_pending=false irq50_enabled=true irq50_prio=0 irq67_pending=true irq67_enabled=true irq67_prio=224 selected=None
[clk=00464518 pc=0x0815b55c] DEBUG NVIC arb basepri=0x00 active_prio=Some(224) irq50_pending=false irq50_enabled=true irq50_prio=0 irq67_pending=true irq67_enabled=true irq67_prio=224 selected=None
[clk=00464519 pc=0x0815b55e] DEBUG NVIC arb basepri=0x00 active_prio=Some(224) irq50_pending=false irq50_enabled=true irq50_prio=0 irq67_pending=true irq67_enabled=true irq67_prio=224 selected=None
[clk=00464520 pc=0x0815b562] DEBUG NVIC arb basepri=0x00 active_prio=Some(224) irq50_pending=false irq50_enabled=true irq50_prio=0 irq67_pending=true irq67_enabled=true irq67_prio=224 selected=None
[clk=00464521 pc=0x0815b564] DEBUG NVIC arb basepri=0x00 active_prio=Some(224) irq50_pending=false irq50_enabled=true irq50_prio=0 irq67_pending=true irq67_enabled=true irq67_prio=224 selected=None
[clk=00464522 pc=0x0815b54a] DEBUG NVIC arb basepri=0x00 active_prio=Some(224) irq50_pending=false irq50_enabled=true irq50_prio=0 irq67_pending=true irq67_enabled=true irq67_prio=224 selected=None
[clk=00464523 pc=0x0815b54e] DEBUG NVIC arb basepri=0x00 active_prio=Some(224) irq50_pending=false irq50_enabled=true irq50_prio=0 irq67_pending=true irq67_enabled=true irq67_prio=224 selected=None
[clk=00464524 pc=0x0815b550] DEBUG NVIC arb basepri=0x00 active_prio=Some(224) irq50_pending=false irq50_enabled=true irq50_prio=0 irq67_pending=true irq67_enabled=true irq67_prio=224 selected=None
[clk=00464525 pc=0x0815b552] DEBUG NVIC arb basepri=0x00 active_prio=Some(224) irq50_pending=false irq50_enabled=true irq50_prio=0 irq67_pending=true irq67_enabled=true irq67_prio=224 selected=None
[clk=00464526 pc=0x0815b556] DEBUG NVIC arb basepri=0x00 active_prio=Some(224) irq50_pending=false irq50_enabled=true irq50_prio=0 irq67_pending=true irq67_enabled=true irq67_prio=224 selected=None
[clk=00464527 pc=0x0815b55a] DEBUG NVIC arb basepri=0x00 active_prio=Some(224) irq50_pending=false irq50_enabled=true irq50_prio=0 irq67_pending=true irq67_enabled=true irq67_prio=224 selected=None
[clk=00464528 pc=0x0815b55c] DEBUG NVIC arb basepri=0x00 active_prio=Some(224) irq50_pending=false irq50_enabled=true irq50_prio=0 irq67_pending=true irq67_enabled=true irq67_prio=224 selected=None
[clk=00464529 pc=0x0815b55e] DEBUG NVIC arb basepri=0x00 active_prio=Some(224) irq50_pending=false irq50_enabled=true irq50_prio=0 irq67_pending=true irq67_enabled=true irq67_prio=224 selected=None
[clk=00464530 pc=0x0815b562] DEBUG NVIC arb basepri=0x00 active_prio=Some(224) irq50_pending=false irq50_enabled=true irq50_prio=0 irq67_pending=true irq67_enabled=true irq67_prio=224 selected=None
[clk=00464531 pc=0x0815b564] DEBUG NVIC arb basepri=0x00 active_prio=Some(224) irq50_pending=false irq50_enabled=true irq50_prio=0 irq67_pending=true irq67_enabled=true irq67_prio=224 selected=None
[clk=00464532 pc=0x0815b54a] DEBUG NVIC arb basepri=0x00 active_prio=Some(224) irq50_pending=false irq50_enabled=true irq50_prio=0 irq67_pending=true irq67_enabled=true irq67_prio=224 selected=None
[clk=00464533 pc=0x0815b54e] DEBUG NVIC arb basepri=0x00 active_prio=Some(224) irq50_pending=false irq50_enabled=true irq50_prio=0 irq67_pending=true irq67_enabled=true irq67_prio=224 selected=None
[clk=00464534 pc=0x0815b550] DEBUG NVIC arb basepri=0x00 active_prio=Some(224) irq50_pending=false irq50_enabled=true irq50_prio=0 irq67_pending=true irq67_enabled=true irq67_prio=224 selected=None
[clk=00464535 pc=0x0815b566] DEBUG NVIC arb basepri=0x00 active_prio=Some(224) irq50_pending=false irq50_enabled=true irq50_prio=0 irq67_pending=true irq67_enabled=true irq67_prio=224 selected=None
[clk=00464536 pc=0x0815b56a] DEBUG NVIC arb basepri=0x00 active_prio=Some(224) irq50_pending=false irq50_enabled=true irq50_prio=0 irq67_pending=true irq67_enabled=true irq67_prio=224 selected=None
[clk=00464537 pc=0x0815b5a0] DEBUG NVIC arb basepri=0x00 active_prio=Some(224) irq50_pending=false irq50_enabled=true irq50_prio=0 irq67_pending=true irq67_enabled=true irq67_prio=224 selected=None
[clk=00464538 pc=0x0815be86] DEBUG NVIC arb basepri=0x00 active_prio=Some(224) irq50_pending=false irq50_enabled=true irq50_prio=0 irq67_pending=true irq67_enabled=true irq67_prio=224 selected=None
[clk=00464539 pc=0x0815bdba] DEBUG NVIC arb basepri=0x00 active_prio=Some(224) irq50_pending=false irq50_enabled=true irq50_prio=0 irq67_pending=true irq67_enabled=true irq67_prio=224 selected=None
[clk=00464540 pc=0x0815bdbe] DEBUG NVIC arb basepri=0x00 active_prio=Some(224) irq50_pending=false irq50_enabled=true irq50_prio=0 irq67_pending=true irq67_enabled=true irq67_prio=224 selected=None
[clk=00464541 pc=0x0815bdc2] DEBUG NVIC arb basepri=0x00 active_prio=Some(224) irq50_pending=false irq50_enabled=true irq50_prio=0 irq67_pending=true irq67_enabled=true irq67_prio=224 selected=None
[clk=00464542 pc=0x0815bddc] DEBUG NVIC arb basepri=0x00 active_prio=Some(224) irq50_pending=false irq50_enabled=true irq50_prio=0 irq67_pending=true irq67_enabled=true irq67_prio=224 selected=None
[clk=00464543 pc=0x0815bde0] DEBUG NVIC arb basepri=0x00 active_prio=Some(224) irq50_pending=false irq50_enabled=true irq50_prio=0 irq67_pending=true irq67_enabled=true irq67_prio=224 selected=None
[clk=00464544 pc=0x0815bde2] DEBUG NVIC arb basepri=0x00 active_prio=Some(224) irq50_pending=false irq50_enabled=true irq50_prio=0 irq67_pending=true irq67_enabled=true irq67_prio=224 selected=None
[clk=00464545 pc=0x0815bde6] DEBUG NVIC arb basepri=0x00 active_prio=Some(224) irq50_pending=false irq50_enabled=true irq50_prio=0 irq67_pending=true irq67_enabled=true irq67_prio=224 selected=None
[clk=00464546 pc=0x0815beb0] DEBUG NVIC arb basepri=0x00 active_prio=Some(224) irq50_pending=false irq50_enabled=true irq50_prio=0 irq67_pending=true irq67_enabled=true irq67_prio=224 selected=None
[clk=00464547 pc=0x0815beb2] DEBUG NVIC arb basepri=0x00 active_prio=Some(224) irq50_pending=false irq50_enabled=true irq50_prio=0 irq67_pending=true irq67_enabled=true irq67_prio=224 selected=None
[clk=00464548 pc=0x0815beb4] DEBUG NVIC arb basepri=0x00 active_prio=Some(224) irq50_pending=false irq50_enabled=true irq50_prio=0 irq67_pending=true irq67_enabled=true irq67_prio=224 selected=None
[clk=00464549 pc=0x0815bcc0] DEBUG NVIC arb basepri=0x00 active_prio=Some(224) irq50_pending=false irq50_enabled=true irq50_prio=0 irq67_pending=true irq67_enabled=true irq67_prio=224 selected=None
[clk=00464550 pc=0x0815bcc4] DEBUG NVIC arb basepri=0x00 active_prio=Some(224) irq50_pending=false irq50_enabled=true irq50_prio=0 irq67_pending=true irq67_enabled=true irq67_prio=224 selected=None
[clk=00464551 pc=0x0815bcc6] DEBUG NVIC arb basepri=0x00 active_prio=Some(224) irq50_pending=false irq50_enabled=true irq50_prio=0 irq67_pending=true irq67_enabled=true irq67_prio=224 selected=None
[clk=00464552 pc=0x0815bcc8] DEBUG NVIC arb basepri=0x00 active_prio=Some(224) irq50_pending=false irq50_enabled=true irq50_prio=0 irq67_pending=true irq67_enabled=true irq67_prio=224 selected=None
[clk=00464553 pc=0x0815bcca] DEBUG NVIC arb basepri=0x00 active_prio=Some(224) irq50_pending=false irq50_enabled=true irq50_prio=0 irq67_pending=true irq67_enabled=true irq67_prio=224 selected=None
[clk=00464554 pc=0x0815bcce] DEBUG NVIC arb basepri=0x00 active_prio=Some(224) irq50_pending=false irq50_enabled=true irq50_prio=0 irq67_pending=true irq67_enabled=true irq67_prio=224 selected=None
[clk=00464555 pc=0x0815bcd2] DEBUG NVIC arb basepri=0x00 active_prio=Some(224) irq50_pending=false irq50_enabled=true irq50_prio=0 irq67_pending=true irq67_enabled=true irq67_prio=224 selected=None
[clk=00464556 pc=0x0815bcd6] DEBUG NVIC arb basepri=0x00 active_prio=Some(224) irq50_pending=false irq50_enabled=true irq50_prio=0 irq67_pending=true irq67_enabled=true irq67_prio=224 selected=None
[clk=00464557 pc=0x0815bcda] DEBUG NVIC arb basepri=0x00 active_prio=Some(224) irq50_pending=false irq50_enabled=true irq50_prio=0 irq67_pending=true irq67_enabled=true irq67_prio=224 selected=None
[clk=00464558 pc=0x0815bcdc] DEBUG NVIC arb basepri=0x00 active_prio=Some(224) irq50_pending=false irq50_enabled=true irq50_prio=0 irq67_pending=true irq67_enabled=true irq67_prio=224 selected=None
[clk=00464559 pc=0x0815bce0] DEBUG NVIC arb basepri=0x00 active_prio=Some(224) irq50_pending=false irq50_enabled=true irq50_prio=0 irq67_pending=true irq67_enabled=true irq67_prio=224 selected=None
[clk=00464560 pc=0x0815bce4] DEBUG NVIC arb basepri=0x00 active_prio=Some(224) irq50_pending=false irq50_enabled=true irq50_prio=0 irq67_pending=true irq67_enabled=true irq67_prio=224 selected=None
[clk=00464561 pc=0x0815bce6] DEBUG NVIC arb basepri=0x00 active_prio=Some(224) irq50_pending=false irq50_enabled=true irq50_prio=0 irq67_pending=true irq67_enabled=true irq67_prio=224 selected=None
[clk=00464562 pc=0x0815bce8] DEBUG NVIC arb basepri=0x00 active_prio=Some(224) irq50_pending=false irq50_enabled=true irq50_prio=0 irq67_pending=true irq67_enabled=true irq67_prio=224 selected=None
[clk=00464563 pc=0x0815bcec] DEBUG NVIC arb basepri=0x00 active_prio=Some(224) irq50_pending=false irq50_enabled=true irq50_prio=0 irq67_pending=true irq67_enabled=true irq67_prio=224 selected=None
[clk=00464564 pc=0x0815bcee] DEBUG NVIC arb basepri=0x00 active_prio=Some(224) irq50_pending=false irq50_enabled=true irq50_prio=0 irq67_pending=true irq67_enabled=true irq67_prio=224 selected=None
[clk=00464565 pc=0x0815bcf0] DEBUG NVIC arb basepri=0x00 active_prio=Some(224) irq50_pending=false irq50_enabled=true irq50_prio=0 irq67_pending=true irq67_enabled=true irq67_prio=224 selected=None
[clk=00464566 pc=0x0815bcf2] DEBUG NVIC arb basepri=0x00 active_prio=Some(224) irq50_pending=false irq50_enabled=true irq50_prio=0 irq67_pending=true irq67_enabled=true irq67_prio=224 selected=None
[clk=00464567 pc=0x0815bcf4] DEBUG NVIC arb basepri=0x00 active_prio=Some(224) irq50_pending=false irq50_enabled=true irq50_prio=0 irq67_pending=true irq67_enabled=true irq67_prio=224 selected=None
[clk=00464568 pc=0x0815bcf6] DEBUG NVIC arb basepri=0x00 active_prio=Some(224) irq50_pending=false irq50_enabled=true irq50_prio=0 irq67_pending=true irq67_enabled=true irq67_prio=224 selected=None
[clk=00464569 pc=0x0815bcf8] DEBUG NVIC arb basepri=0x00 active_prio=Some(224) irq50_pending=false irq50_enabled=true irq50_prio=0 irq67_pending=true irq67_enabled=true irq67_prio=224 selected=None
[clk=00464570 pc=0x0815bcfa] DEBUG NVIC arb basepri=0x00 active_prio=Some(224) irq50_pending=false irq50_enabled=true irq50_prio=0 irq67_pending=true irq67_enabled=true irq67_prio=224 selected=None
[clk=00464571 pc=0x0815bcfe] DEBUG NVIC arb basepri=0x00 active_prio=Some(224) irq50_pending=false irq50_enabled=true irq50_prio=0 irq67_pending=true irq67_enabled=true irq67_prio=224 selected=None
[clk=00464572 pc=0x0815bd00] DEBUG NVIC arb basepri=0x00 active_prio=Some(224) irq50_pending=false irq50_enabled=true irq50_prio=0 irq67_pending=true irq67_enabled=true irq67_prio=224 selected=None
[clk=00464573 pc=0x0815bd04] DEBUG NVIC arb basepri=0x00 active_prio=Some(224) irq50_pending=false irq50_enabled=true irq50_prio=0 irq67_pending=true irq67_enabled=true irq67_prio=224 selected=None
[clk=00464574 pc=0x0815bd06] DEBUG NVIC arb basepri=0x00 active_prio=Some(224) irq50_pending=false irq50_enabled=true irq50_prio=0 irq67_pending=true irq67_enabled=true irq67_prio=224 selected=None
[clk=00464575 pc=0x0815bd08] DEBUG NVIC arb basepri=0x00 active_prio=Some(224) irq50_pending=false irq50_enabled=true irq50_prio=0 irq67_pending=true irq67_enabled=true irq67_prio=224 selected=None
[clk=00464576 pc=0x0815bd0a] DEBUG NVIC arb basepri=0x00 active_prio=Some(224) irq50_pending=false irq50_enabled=true irq50_prio=0 irq67_pending=true irq67_enabled=true irq67_prio=224 selected=None
[clk=00464577 pc=0x0815bd0c] DEBUG NVIC arb basepri=0x00 active_prio=Some(224) irq50_pending=false irq50_enabled=true irq50_prio=0 irq67_pending=true irq67_enabled=true irq67_prio=224 selected=None
[clk=00464578 pc=0x0815bd0e] DEBUG NVIC arb basepri=0x00 active_prio=Some(224) irq50_pending=false irq50_enabled=true irq50_prio=0 irq67_pending=true irq67_enabled=true irq67_prio=224 selected=None
[clk=00464579 pc=0x08158f1c] DEBUG NVIC arb basepri=0x00 active_prio=Some(224) irq50_pending=false irq50_enabled=true irq50_prio=0 irq67_pending=true irq67_enabled=true irq67_prio=224 selected=None
[clk=00464580 pc=0x08158f1e] DEBUG NVIC arb basepri=0x00 active_prio=Some(224) irq50_pending=false irq50_enabled=true irq50_prio=0 irq67_pending=true irq67_enabled=true irq67_prio=224 selected=None
[clk=00464581 pc=0x08158f20] DEBUG NVIC arb basepri=0x00 active_prio=Some(224) irq50_pending=false irq50_enabled=true irq50_prio=0 irq67_pending=true irq67_enabled=true irq67_prio=224 selected=None
[clk=00464582 pc=0x08158f24] DEBUG NVIC arb basepri=0x00 active_prio=Some(224) irq50_pending=false irq50_enabled=true irq50_prio=0 irq67_pending=true irq67_enabled=true irq67_prio=224 selected=None
[clk=00464583 pc=0x08158f26] DEBUG NVIC arb basepri=0x00 active_prio=Some(224) irq50_pending=false irq50_enabled=true irq50_prio=0 irq67_pending=true irq67_enabled=true irq67_prio=224 selected=None
[clk=00464584 pc=0x08158f28] DEBUG NVIC arb basepri=0x00 active_prio=Some(224) irq50_pending=false irq50_enabled=true irq50_prio=0 irq67_pending=true irq67_enabled=true irq67_prio=224 selected=None
[clk=00464585 pc=0x08158faa] DEBUG NVIC arb basepri=0x00 active_prio=Some(224) irq50_pending=false irq50_enabled=true irq50_prio=0 irq67_pending=true irq67_enabled=true irq67_prio=224 selected=None
[clk=00464586 pc=0x08158fac] DEBUG NVIC arb basepri=0x00 active_prio=Some(224) irq50_pending=false irq50_enabled=true irq50_prio=0 irq67_pending=true irq67_enabled=true irq67_prio=224 selected=None
[clk=00464587 pc=0x0815befc] DEBUG NVIC arb basepri=0x00 active_prio=Some(224) irq50_pending=false irq50_enabled=true irq50_prio=0 irq67_pending=true irq67_enabled=true irq67_prio=224 selected=None
[clk=00464588 pc=0x0815befe] DEBUG NVIC arb basepri=0x00 active_prio=Some(224) irq50_pending=false irq50_enabled=true irq50_prio=0 irq67_pending=true irq67_enabled=true irq67_prio=224 selected=None
[clk=00464589 pc=0x0815bf00] DEBUG NVIC arb basepri=0x00 active_prio=Some(224) irq50_pending=false irq50_enabled=true irq50_prio=0 irq67_pending=true irq67_enabled=true irq67_prio=224 selected=None
[clk=00464590 pc=0x0815bf02] DEBUG NVIC arb basepri=0x00 active_prio=Some(224) irq50_pending=false irq50_enabled=true irq50_prio=0 irq67_pending=true irq67_enabled=true irq67_prio=224 selected=None
[clk=00464591 pc=0x0815bf04] DEBUG NVIC arb basepri=0x00 active_prio=Some(224) irq50_pending=false irq50_enabled=true irq50_prio=0 irq67_pending=true irq67_enabled=true irq67_prio=224 selected=None
[clk=00464592 pc=0x0815bf08] DEBUG NVIC arb basepri=0x00 active_prio=Some(224) irq50_pending=false irq50_enabled=true irq50_prio=0 irq67_pending=true irq67_enabled=true irq67_prio=224 selected=None
[clk=00464593 pc=0x0815bf0a] DEBUG NVIC arb basepri=0x00 active_prio=Some(224) irq50_pending=false irq50_enabled=true irq50_prio=0 irq67_pending=true irq67_enabled=true irq67_prio=224 selected=None
[clk=00464594 pc=0x08158fb0] DEBUG NVIC arb basepri=0x00 active_prio=Some(224) irq50_pending=false irq50_enabled=true irq50_prio=0 irq67_pending=true irq67_enabled=true irq67_prio=224 selected=None
[clk=00464595 pc=0x08158fb2] DEBUG NVIC arb basepri=0x00 active_prio=Some(224) irq50_pending=false irq50_enabled=true irq50_prio=0 irq67_pending=true irq67_enabled=true irq67_prio=224 selected=None
[clk=00464596 pc=0x08158fb4] DEBUG NVIC arb basepri=0x00 active_prio=Some(224) irq50_pending=false irq50_enabled=true irq50_prio=0 irq67_pending=true irq67_enabled=true irq67_prio=224 selected=None
[clk=00464597 pc=0x0815beec] DEBUG NVIC arb basepri=0x00 active_prio=Some(224) irq50_pending=false irq50_enabled=true irq50_prio=0 irq67_pending=true irq67_enabled=true irq67_prio=224 selected=None
[clk=00464598 pc=0x0815beee] DEBUG NVIC arb basepri=0x00 active_prio=Some(224) irq50_pending=false irq50_enabled=true irq50_prio=0 irq67_pending=true irq67_enabled=true irq67_prio=224 selected=None
[clk=00464599 pc=0x0815bef0] DEBUG NVIC arb basepri=0x00 active_prio=Some(224) irq50_pending=false irq50_enabled=true irq50_prio=0 irq67_pending=true irq67_enabled=true irq67_prio=224 selected=None
[clk=00464600 pc=0x0815bef2] DEBUG NVIC arb basepri=0x00 active_prio=Some(224) irq50_pending=false irq50_enabled=true irq50_prio=0 irq67_pending=true irq67_enabled=true irq67_prio=224 selected=None
[clk=00464601 pc=0x0815bef4] DEBUG NVIC arb basepri=0x00 active_prio=Some(224) irq50_pending=false irq50_enabled=true irq50_prio=0 irq67_pending=true irq67_enabled=true irq67_prio=224 selected=None
[clk=00464602 pc=0x0815bef8] DEBUG NVIC arb basepri=0x00 active_prio=Some(224) irq50_pending=false irq50_enabled=true irq50_prio=0 irq67_pending=true irq67_enabled=true irq67_prio=224 selected=None
[clk=00464603 pc=0x0815befa] DEBUG NVIC arb basepri=0x00 active_prio=Some(224) irq50_pending=false irq50_enabled=true irq50_prio=0 irq67_pending=true irq67_enabled=true irq67_prio=224 selected=None
[clk=00464604 pc=0x08158fb8] DEBUG NVIC arb basepri=0x00 active_prio=Some(224) irq50_pending=false irq50_enabled=true irq50_prio=0 irq67_pending=true irq67_enabled=true irq67_prio=224 selected=None
[clk=00464605 pc=0x08158fba] DEBUG NVIC arb basepri=0x00 active_prio=Some(224) irq50_pending=false irq50_enabled=true irq50_prio=0 irq67_pending=true irq67_enabled=true irq67_prio=224 selected=None
[clk=00464606 pc=0x08158fbc] DEBUG NVIC arb basepri=0x00 active_prio=Some(224) irq50_pending=false irq50_enabled=true irq50_prio=0 irq67_pending=true irq67_enabled=true irq67_prio=224 selected=None
[clk=00464607 pc=0x08158fbe] DEBUG NVIC arb basepri=0x00 active_prio=Some(224) irq50_pending=false irq50_enabled=true irq50_prio=0 irq67_pending=true irq67_enabled=true irq67_prio=224 selected=None
[clk=00464608 pc=0x08158fc0] DEBUG NVIC arb basepri=0x00 active_prio=Some(224) irq50_pending=false irq50_enabled=true irq50_prio=0 irq67_pending=true irq67_enabled=true irq67_prio=224 selected=None
[clk=00464609 pc=0x08158fc2] DEBUG NVIC arb basepri=0x00 active_prio=Some(224) irq50_pending=false irq50_enabled=true irq50_prio=0 irq67_pending=true irq67_enabled=true irq67_prio=224 selected=None
[clk=00464610 pc=0x0815a32c] DEBUG NVIC arb basepri=0x00 active_prio=Some(224) irq50_pending=false irq50_enabled=true irq50_prio=0 irq67_pending=true irq67_enabled=true irq67_prio=224 selected=None
[clk=00464611 pc=0x0815a32e] DEBUG NVIC arb basepri=0x00 active_prio=Some(224) irq50_pending=false irq50_enabled=true irq50_prio=0 irq67_pending=true irq67_enabled=true irq67_prio=224 selected=None
[clk=00464612 pc=0x0815a330] DEBUG NVIC arb basepri=0x00 active_prio=Some(224) irq50_pending=false irq50_enabled=true irq50_prio=0 irq67_pending=true irq67_enabled=true irq67_prio=224 selected=None
[clk=00464613 pc=0x0815a362] DEBUG NVIC arb basepri=0x00 active_prio=Some(224) irq50_pending=false irq50_enabled=true irq50_prio=0 irq67_pending=true irq67_enabled=true irq67_prio=224 selected=None
[clk=00464614 pc=0x08158fc4] DEBUG NVIC arb basepri=0x00 active_prio=Some(224) irq50_pending=false irq50_enabled=true irq50_prio=0 irq67_pending=true irq67_enabled=true irq67_prio=224 selected=None
[clk=00464615 pc=0x08158fc6] DEBUG NVIC arb basepri=0x00 active_prio=Some(224) irq50_pending=false irq50_enabled=true irq50_prio=0 irq67_pending=true irq67_enabled=true irq67_prio=224 selected=None
[clk=00464616 pc=0x08158fca] DEBUG NVIC arb basepri=0x00 active_prio=Some(224) irq50_pending=false irq50_enabled=true irq50_prio=0 irq67_pending=true irq67_enabled=true irq67_prio=224 selected=None
[clk=00464617 pc=0x08158f7a] DEBUG NVIC arb basepri=0x00 active_prio=Some(224) irq50_pending=false irq50_enabled=true irq50_prio=0 irq67_pending=true irq67_enabled=true irq67_prio=224 selected=None
[clk=00464618 pc=0x0815bd10] DEBUG NVIC arb basepri=0x00 active_prio=Some(224) irq50_pending=false irq50_enabled=true irq50_prio=0 irq67_pending=true irq67_enabled=true irq67_prio=224 selected=None
[clk=00464619 pc=0x0815bd14] DEBUG NVIC arb basepri=0x00 active_prio=Some(224) irq50_pending=false irq50_enabled=true irq50_prio=0 irq67_pending=true irq67_enabled=true irq67_prio=224 selected=None
[clk=00464620 pc=0x0815bd22] DEBUG NVIC arb basepri=0x00 active_prio=Some(224) irq50_pending=false irq50_enabled=true irq50_prio=0 irq67_pending=true irq67_enabled=true irq67_prio=224 selected=None
[clk=00464621 pc=0x0815beb8] DEBUG NVIC arb basepri=0x00 active_prio=Some(224) irq50_pending=false irq50_enabled=true irq50_prio=0 irq67_pending=true irq67_enabled=true irq67_prio=224 selected=None
[clk=00464622 pc=0x0815bde8] DEBUG NVIC arb basepri=0x00 active_prio=Some(224) irq50_pending=false irq50_enabled=true irq50_prio=0 irq67_pending=true irq67_enabled=true irq67_prio=224 selected=None
[clk=00464623 pc=0x0815bdec] DEBUG NVIC arb basepri=0x00 active_prio=Some(224) irq50_pending=false irq50_enabled=true irq50_prio=0 irq67_pending=true irq67_enabled=true irq67_prio=224 selected=None
[clk=00464624 pc=0x0815bdee] DEBUG NVIC arb basepri=0x00 active_prio=Some(224) irq50_pending=false irq50_enabled=true irq50_prio=0 irq67_pending=true irq67_enabled=true irq67_prio=224 selected=None
[clk=00464625 pc=0x0815bdf2] DEBUG NVIC arb basepri=0x00 active_prio=Some(224) irq50_pending=false irq50_enabled=true irq50_prio=0 irq67_pending=true irq67_enabled=true irq67_prio=224 selected=None
[clk=00464626 pc=0x0815bdf4] DEBUG NVIC arb basepri=0x00 active_prio=Some(224) irq50_pending=false irq50_enabled=true irq50_prio=0 irq67_pending=true irq67_enabled=true irq67_prio=224 selected=None
[clk=00464627 pc=0x0815bdf8] DEBUG NVIC arb basepri=0x00 active_prio=Some(224) irq50_pending=false irq50_enabled=true irq50_prio=0 irq67_pending=true irq67_enabled=true irq67_prio=224 selected=None
[clk=00464628 pc=0x0815bdfa] DEBUG NVIC arb basepri=0x00 active_prio=Some(224) irq50_pending=false irq50_enabled=true irq50_prio=0 irq67_pending=true irq67_enabled=true irq67_prio=224 selected=None
[clk=00464629 pc=0x0815bee0] DEBUG NVIC arb basepri=0x00 active_prio=Some(224) irq50_pending=false irq50_enabled=true irq50_prio=0 irq67_pending=true irq67_enabled=true irq67_prio=224 selected=None
[clk=00464630 pc=0x08154d04] DEBUG NVIC arb basepri=0x00 active_prio=Some(224) irq50_pending=false irq50_enabled=true irq50_prio=0 irq67_pending=true irq67_enabled=true irq67_prio=224 selected=None
[clk=00464631 pc=0x08154d06] DEBUG NVIC arb basepri=0x00 active_prio=Some(224) irq50_pending=false irq50_enabled=true irq50_prio=0 irq67_pending=true irq67_enabled=true irq67_prio=224 selected=None
[clk=00464632 pc=0x08154d0a] DEBUG NVIC arb basepri=0x30 active_prio=Some(224) irq50_pending=false irq50_enabled=true irq50_prio=0 irq67_pending=true irq67_enabled=true irq67_prio=224 selected=None
[clk=00464633 pc=0x08154d0c] DEBUG NVIC arb basepri=0x30 active_prio=Some(224) irq50_pending=false irq50_enabled=true irq50_prio=0 irq67_pending=true irq67_enabled=true irq67_prio=224 selected=None
[clk=00464634 pc=0x08154d0e] DEBUG NVIC arb basepri=0x30 active_prio=Some(224) irq50_pending=false irq50_enabled=true irq50_prio=0 irq67_pending=true irq67_enabled=true irq67_prio=224 selected=None
[clk=00464635 pc=0x08154d12] DEBUG NVIC arb basepri=0x30 active_prio=Some(224) irq50_pending=false irq50_enabled=true irq50_prio=0 irq67_pending=true irq67_enabled=true irq67_prio=224 selected=None
[clk=00464636 pc=0x08154d14] DEBUG NVIC arb basepri=0x30 active_prio=Some(224) irq50_pending=false irq50_enabled=true irq50_prio=0 irq67_pending=true irq67_enabled=true irq67_prio=224 selected=None
[clk=00464637 pc=0x08154d16] DEBUG NVIC arb basepri=0x30 active_prio=Some(224) irq50_pending=false irq50_enabled=true irq50_prio=0 irq67_pending=true irq67_enabled=true irq67_prio=224 selected=None
[clk=00464638 pc=0x08154d1a] DEBUG NVIC arb basepri=0x00 active_prio=Some(224) irq50_pending=false irq50_enabled=true irq50_prio=0 irq67_pending=true irq67_enabled=true irq67_prio=224 selected=None
[clk=00464639 pc=0x0815bee4] DEBUG NVIC arb basepri=0x00 active_prio=Some(224) irq50_pending=false irq50_enabled=true irq50_prio=0 irq67_pending=true irq67_enabled=true irq67_prio=224 selected=None
[clk=00464639 pc=0x0815bee4] DEBUG NVIC arb basepri=0x00 active_prio=None irq50_pending=false irq50_enabled=true irq50_prio=0 irq67_pending=true irq67_enabled=true irq67_prio=224 selected=Some(67)
[clk=00464639 pc=0x0815bee4] DEBUG EMULATOR exception_return: dispatching IRQ 67 (chain_idx=0)
[clk=00464639 pc=0x0815bee4] DEBUG NVIC dispatching IRQ 67 vector=0x815bed9
[clk=00464640 pc=0x0815bed8] DEBUG NVIC arb basepri=0x00 active_prio=Some(224) irq50_pending=false irq50_enabled=true irq50_prio=0 irq67_pending=true irq67_enabled=true irq67_prio=224 selected=None
[clk=00464641 pc=0x0815beda] DEBUG NVIC arb basepri=0x00 active_prio=Some(224) irq50_pending=false irq50_enabled=true irq50_prio=0 irq67_pending=true irq67_enabled=true irq67_prio=224 selected=None
[clk=00464642 pc=0x0815bedc] DEBUG NVIC arb basepri=0x00 active_prio=Some(224) irq50_pending=false irq50_enabled=true irq50_prio=0 irq67_pending=true irq67_enabled=true irq67_prio=224 selected=None
[clk=00464643 pc=0x0815bd50] DEBUG NVIC arb basepri=0x00 active_prio=Some(224) irq50_pending=false irq50_enabled=true irq50_prio=0 irq67_pending=true irq67_enabled=true irq67_prio=224 selected=None
[clk=00464644 pc=0x0815bd52] DEBUG NVIC arb basepri=0x00 active_prio=Some(224) irq50_pending=false irq50_enabled=true irq50_prio=0 irq67_pending=true irq67_enabled=true irq67_prio=224 selected=None
[clk=00464645 pc=0x0815bd54] DEBUG NVIC arb basepri=0x00 active_prio=Some(224) irq50_pending=false irq50_enabled=true irq50_prio=0 irq67_pending=true irq67_enabled=true irq67_prio=224 selected=None
[clk=00464646 pc=0x0815bd56] DEBUG NVIC arb basepri=0x00 active_prio=Some(224) irq50_pending=false irq50_enabled=true irq50_prio=0 irq67_pending=true irq67_enabled=true irq67_prio=224 selected=None
[clk=00464647 pc=0x0815bd58] DEBUG NVIC arb basepri=0x00 active_prio=Some(224) irq50_pending=false irq50_enabled=true irq50_prio=0 irq67_pending=true irq67_enabled=true irq67_prio=224 selected=None
[clk=00464648 pc=0x0815bd5a] DEBUG NVIC arb basepri=0x00 active_prio=Some(224) irq50_pending=false irq50_enabled=true irq50_prio=0 irq67_pending=true irq67_enabled=true irq67_prio=224 selected=None
[clk=00464649 pc=0x0815bd5c] DEBUG NVIC arb basepri=0x00 active_prio=Some(224) irq50_pending=false irq50_enabled=true irq50_prio=0 irq67_pending=true irq67_enabled=true irq67_prio=224 selected=None
[clk=00464650 pc=0x0815bd5e] DEBUG NVIC arb basepri=0x00 active_prio=Some(224) irq50_pending=false irq50_enabled=true irq50_prio=0 irq67_pending=true irq67_enabled=true irq67_prio=224 selected=None
[clk=00464651 pc=0x0815bd62] DEBUG NVIC arb basepri=0x00 active_prio=Some(224) irq50_pending=false irq50_enabled=true irq50_prio=0 irq67_pending=true irq67_enabled=true irq67_prio=224 selected=None
[clk=00464652 pc=0x0815bd64] DEBUG NVIC arb basepri=0x00 active_prio=Some(224) irq50_pending=false irq50_enabled=true irq50_prio=0 irq67_pending=true irq67_enabled=true irq67_prio=224 selected=None
[clk=00464653 pc=0x0815bd66] DEBUG NVIC arb basepri=0x00 active_prio=Some(224) irq50_pending=false irq50_enabled=true irq50_prio=0 irq67_pending=true irq67_enabled=true irq67_prio=224 selected=None
[clk=00464654 pc=0x0815bd68] DEBUG NVIC arb basepri=0x00 active_prio=Some(224) irq50_pending=false irq50_enabled=true irq50_prio=0 irq67_pending=true irq67_enabled=true irq67_prio=224 selected=None
[clk=00464655 pc=0x0815bd6c] DEBUG NVIC arb basepri=0x00 active_prio=Some(224) irq50_pending=false irq50_enabled=true irq50_prio=0 irq67_pending=true irq67_enabled=true irq67_prio=224 selected=None
[clk=00464656 pc=0x0815bd6e] DEBUG NVIC arb basepri=0x00 active_prio=Some(224) irq50_pending=false irq50_enabled=true irq50_prio=0 irq67_pending=true irq67_enabled=true irq67_prio=224 selected=None
[clk=00464657 pc=0x0815bd72] DEBUG NVIC arb basepri=0x00 active_prio=Some(224) irq50_pending=false irq50_enabled=true irq50_prio=0 irq67_pending=true irq67_enabled=true irq67_prio=224 selected=None
[clk=00464658 pc=0x0815bd8a] DEBUG NVIC arb basepri=0x00 active_prio=Some(224) irq50_pending=false irq50_enabled=true irq50_prio=0 irq67_pending=true irq67_enabled=true irq67_prio=224 selected=None
[clk=00464659 pc=0x0815bd8e] DEBUG NVIC arb basepri=0x00 active_prio=Some(224) irq50_pending=false irq50_enabled=true irq50_prio=0 irq67_pending=true irq67_enabled=true irq67_prio=224 selected=None
[clk=00464660 pc=0x0815bda8] DEBUG NVIC arb basepri=0x00 active_prio=Some(224) irq50_pending=false irq50_enabled=true irq50_prio=0 irq67_pending=true irq67_enabled=true irq67_prio=224 selected=None
[clk=00464661 pc=0x0815bdac] DEBUG NVIC arb basepri=0x00 active_prio=Some(224) irq50_pending=false irq50_enabled=true irq50_prio=0 irq67_pending=true irq67_enabled=true irq67_prio=224 selected=None
[clk=00464662 pc=0x0815bdae] DEBUG NVIC arb basepri=0x00 active_prio=Some(224) irq50_pending=false irq50_enabled=true irq50_prio=0 irq67_pending=true irq67_enabled=true irq67_prio=224 selected=None
[clk=00464663 pc=0x0815bdb2] DEBUG NVIC arb basepri=0x00 active_prio=Some(224) irq50_pending=false irq50_enabled=true irq50_prio=0 irq67_pending=true irq67_enabled=true irq67_prio=224 selected=None
[clk=00464664 pc=0x0815bdb4] DEBUG NVIC arb basepri=0x00 active_prio=Some(224) irq50_pending=false irq50_enabled=true irq50_prio=0 irq67_pending=true irq67_enabled=true irq67_prio=224 selected=None
[clk=00464665 pc=0x0815bdb8] DEBUG NVIC arb basepri=0x00 active_prio=Some(224) irq50_pending=false irq50_enabled=true irq50_prio=0 irq67_pending=true irq67_enabled=true irq67_prio=224 selected=None
[clk=00464666 pc=0x0815be80] DEBUG NVIC arb basepri=0x00 active_prio=Some(224) irq50_pending=false irq50_enabled=true irq50_prio=0 irq67_pending=true irq67_enabled=true irq67_prio=224 selected=None
[clk=00464667 pc=0x0815be82] DEBUG NVIC arb basepri=0x00 active_prio=Some(224) irq50_pending=false irq50_enabled=true irq50_prio=0 irq67_pending=true irq67_enabled=true irq67_prio=224 selected=None
[clk=00464668 pc=0x0815b56c] DEBUG NVIC arb basepri=0x00 active_prio=Some(224) irq50_pending=false irq50_enabled=true irq50_prio=0 irq67_pending=true irq67_enabled=true irq67_prio=224 selected=None
[clk=00464669 pc=0x0815b56e] DEBUG NVIC arb basepri=0x00 active_prio=Some(224) irq50_pending=false irq50_enabled=true irq50_prio=0 irq67_pending=true irq67_enabled=true irq67_prio=224 selected=None
[clk=00464670 pc=0x0815b570] DEBUG NVIC arb basepri=0x00 active_prio=Some(224) irq50_pending=false irq50_enabled=true irq50_prio=0 irq67_pending=true irq67_enabled=true irq67_prio=224 selected=None
[clk=00464670 pc=0x0815b570] DEBUG OTG_FS GRXSTSP pop at 0x020 state_after=StupPending result=0x00080000
[clk=00464671 pc=0x0815b572] INFO  OTG_FS: StupPending fires → DOEPINT STUP|XFRC  (enum_stage=DeliverSetConfig)
[clk=00464671 pc=0x0815b572] DEBUG NVIC arb basepri=0x00 active_prio=Some(224) irq50_pending=false irq50_enabled=true irq50_prio=0 irq67_pending=true irq67_enabled=true irq67_prio=224 selected=None
[clk=00464672 pc=0x0815b576] DEBUG NVIC arb basepri=0x00 active_prio=Some(224) irq50_pending=false irq50_enabled=true irq50_prio=0 irq67_pending=true irq67_enabled=true irq67_prio=224 selected=None
[clk=00464673 pc=0x0815b57a] DEBUG NVIC arb basepri=0x00 active_prio=Some(224) irq50_pending=false irq50_enabled=true irq50_prio=0 irq67_pending=true irq67_enabled=true irq67_prio=224 selected=None
[clk=00464674 pc=0x0815b57e] DEBUG NVIC arb basepri=0x00 active_prio=Some(224) irq50_pending=false irq50_enabled=true irq50_prio=0 irq67_pending=true irq67_enabled=true irq67_prio=224 selected=None
[clk=00464675 pc=0x0815b582] DEBUG NVIC arb basepri=0x00 active_prio=Some(224) irq50_pending=false irq50_enabled=true irq50_prio=0 irq67_pending=true irq67_enabled=true irq67_prio=224 selected=None
[clk=00464676 pc=0x0815b584] DEBUG NVIC arb basepri=0x00 active_prio=Some(224) irq50_pending=false irq50_enabled=true irq50_prio=0 irq67_pending=true irq67_enabled=true irq67_prio=224 selected=None
[clk=00464677 pc=0x0815b588] DEBUG NVIC arb basepri=0x00 active_prio=Some(224) irq50_pending=false irq50_enabled=true irq50_prio=0 irq67_pending=true irq67_enabled=true irq67_prio=224 selected=None
[clk=00464678 pc=0x0815b5a0] DEBUG NVIC arb basepri=0x00 active_prio=Some(224) irq50_pending=false irq50_enabled=true irq50_prio=0 irq67_pending=true irq67_enabled=true irq67_prio=224 selected=None
[clk=00464679 pc=0x0815be86] DEBUG NVIC arb basepri=0x00 active_prio=Some(224) irq50_pending=false irq50_enabled=true irq50_prio=0 irq67_pending=true irq67_enabled=true irq67_prio=224 selected=None
[clk=00464680 pc=0x0815bdba] DEBUG NVIC arb basepri=0x00 active_prio=Some(224) irq50_pending=false irq50_enabled=true irq50_prio=0 irq67_pending=true irq67_enabled=true irq67_prio=224 selected=None
[clk=00464681 pc=0x0815bdbe] DEBUG NVIC arb basepri=0x00 active_prio=Some(224) irq50_pending=false irq50_enabled=true irq50_prio=0 irq67_pending=true irq67_enabled=true irq67_prio=224 selected=None
[clk=00464682 pc=0x0815bdc2] DEBUG NVIC arb basepri=0x00 active_prio=Some(224) irq50_pending=false irq50_enabled=true irq50_prio=0 irq67_pending=true irq67_enabled=true irq67_prio=224 selected=None
[clk=00464683 pc=0x0815bddc] DEBUG NVIC arb basepri=0x00 active_prio=Some(224) irq50_pending=false irq50_enabled=true irq50_prio=0 irq67_pending=true irq67_enabled=true irq67_prio=224 selected=None
[clk=00464684 pc=0x0815bde0] DEBUG NVIC arb basepri=0x00 active_prio=Some(224) irq50_pending=false irq50_enabled=true irq50_prio=0 irq67_pending=true irq67_enabled=true irq67_prio=224 selected=None
[clk=00464685 pc=0x0815bdfa] DEBUG NVIC arb basepri=0x00 active_prio=Some(224) irq50_pending=false irq50_enabled=true irq50_prio=0 irq67_pending=true irq67_enabled=true irq67_prio=224 selected=None
[clk=00464686 pc=0x0815bee0] DEBUG NVIC arb basepri=0x00 active_prio=Some(224) irq50_pending=false irq50_enabled=true irq50_prio=0 irq67_pending=true irq67_enabled=true irq67_prio=224 selected=None
[clk=00464687 pc=0x08154d04] DEBUG NVIC arb basepri=0x00 active_prio=Some(224) irq50_pending=false irq50_enabled=true irq50_prio=0 irq67_pending=true irq67_enabled=true irq67_prio=224 selected=None
[clk=00464688 pc=0x08154d06] DEBUG NVIC arb basepri=0x00 active_prio=Some(224) irq50_pending=false irq50_enabled=true irq50_prio=0 irq67_pending=true irq67_enabled=true irq67_prio=224 selected=None
[clk=00464689 pc=0x08154d0a] DEBUG NVIC arb basepri=0x30 active_prio=Some(224) irq50_pending=false irq50_enabled=true irq50_prio=0 irq67_pending=true irq67_enabled=true irq67_prio=224 selected=None
[clk=00464690 pc=0x08154d0c] DEBUG NVIC arb basepri=0x30 active_prio=Some(224) irq50_pending=false irq50_enabled=true irq50_prio=0 irq67_pending=true irq67_enabled=true irq67_prio=224 selected=None
[clk=00464691 pc=0x08154d0e] DEBUG NVIC arb basepri=0x30 active_prio=Some(224) irq50_pending=false irq50_enabled=true irq50_prio=0 irq67_pending=true irq67_enabled=true irq67_prio=224 selected=None
[clk=00464692 pc=0x08154d12] DEBUG NVIC arb basepri=0x30 active_prio=Some(224) irq50_pending=false irq50_enabled=true irq50_prio=0 irq67_pending=true irq67_enabled=true irq67_prio=224 selected=None
[clk=00464693 pc=0x08154d14] DEBUG NVIC arb basepri=0x30 active_prio=Some(224) irq50_pending=false irq50_enabled=true irq50_prio=0 irq67_pending=true irq67_enabled=true irq67_prio=224 selected=None
[clk=00464694 pc=0x08154d16] DEBUG NVIC arb basepri=0x30 active_prio=Some(224) irq50_pending=false irq50_enabled=true irq50_prio=0 irq67_pending=true irq67_enabled=true irq67_prio=224 selected=None
[clk=00464695 pc=0x08154d1a] DEBUG NVIC arb basepri=0x00 active_prio=Some(224) irq50_pending=false irq50_enabled=true irq50_prio=0 irq67_pending=true irq67_enabled=true irq67_prio=224 selected=None
[clk=00464696 pc=0x0815bee4] DEBUG NVIC arb basepri=0x00 active_prio=Some(224) irq50_pending=false irq50_enabled=true irq50_prio=0 irq67_pending=true irq67_enabled=true irq67_prio=224 selected=None
[clk=00464696 pc=0x0815bee4] DEBUG NVIC arb basepri=0x00 active_prio=None irq50_pending=false irq50_enabled=true irq50_prio=0 irq67_pending=true irq67_enabled=true irq67_prio=224 selected=Some(67)
[clk=00464696 pc=0x0815bee4] DEBUG EMULATOR exception_return: dispatching IRQ 67 (chain_idx=0)
[clk=00464696 pc=0x0815bee4] DEBUG NVIC dispatching IRQ 67 vector=0x815bed9
[clk=00464887 pc=0x0815b98a] INFO  OTG_FS: EP1 DIEPTSIZ write value=0x00000000 (usb_lld_start_in)
[clk=00465041 pc=0x0815b98a] INFO  OTG_FS: EP2 DIEPTSIZ write value=0x00000000 (usb_lld_start_in)
[clk=00465373 pc=0x0815bc4a] INFO  OTG_FS: EP0 IN ZLP XFRC (enum_stage=DeliverSetConfig diepctl0=0x80208040)
[clk=00465373 pc=0x0815bc4a] INFO  OTG_FS: SetConfig ZLP done → DeliverGetLineCoding
[clk=00465373 pc=0x0815bc4a] DEBUG NVIC arb basepri=0x30 active_prio=Some(224) irq50_pending=false irq50_enabled=true irq50_prio=0 irq67_pending=true irq67_enabled=true irq67_prio=224 selected=None
[clk=00465374 pc=0x0815bc4c] INFO  OTG_FS: delivering GetLineCoding SETUP packet to EP0
[clk=00465374 pc=0x0815bc4c] DEBUG NVIC arb basepri=0x30 active_prio=Some(224) irq50_pending=false irq50_enabled=true irq50_prio=0 irq67_pending=true irq67_enabled=true irq67_prio=224 selected=None
[clk=00465375 pc=0x0815bc50] DEBUG NVIC arb basepri=0x30 active_prio=Some(224) irq50_pending=false irq50_enabled=true irq50_prio=0 irq67_pending=true irq67_enabled=true irq67_prio=224 selected=None
[clk=00465376 pc=0x0815bc52] DEBUG NVIC arb basepri=0x30 active_prio=Some(224) irq50_pending=false irq50_enabled=true irq50_prio=0 irq67_pending=true irq67_enabled=true irq67_prio=224 selected=None
[clk=00465377 pc=0x0815bc56] DEBUG NVIC arb basepri=0x30 active_prio=Some(224) irq50_pending=false irq50_enabled=true irq50_prio=0 irq67_pending=true irq67_enabled=true irq67_prio=224 selected=None
[clk=00465378 pc=0x0815bc58] DEBUG NVIC arb basepri=0x30 active_prio=Some(224) irq50_pending=false irq50_enabled=true irq50_prio=0 irq67_pending=true irq67_enabled=true irq67_prio=224 selected=None
[clk=00465379 pc=0x0815bc5c] DEBUG NVIC arb basepri=0x30 active_prio=Some(224) irq50_pending=false irq50_enabled=true irq50_prio=0 irq67_pending=true irq67_enabled=true irq67_prio=224 selected=None
[clk=00465380 pc=0x0815bc60] DEBUG NVIC arb basepri=0x30 active_prio=Some(224) irq50_pending=false irq50_enabled=true irq50_prio=0 irq67_pending=true irq67_enabled=true irq67_prio=224 selected=None
[clk=00465381 pc=0x08158d88] DEBUG NVIC arb basepri=0x30 active_prio=Some(224) irq50_pending=false irq50_enabled=true irq50_prio=0 irq67_pending=true irq67_enabled=true irq67_prio=224 selected=None
[clk=00465382 pc=0x08158f12] DEBUG NVIC arb basepri=0x30 active_prio=Some(224) irq50_pending=false irq50_enabled=true irq50_prio=0 irq67_pending=true irq67_enabled=true irq67_prio=224 selected=None
[clk=00465383 pc=0x08158f14] DEBUG NVIC arb basepri=0x30 active_prio=Some(224) irq50_pending=false irq50_enabled=true irq50_prio=0 irq67_pending=true irq67_enabled=true irq67_prio=224 selected=None
[clk=00465384 pc=0x08158f18] DEBUG NVIC arb basepri=0x00 active_prio=Some(224) irq50_pending=false irq50_enabled=true irq50_prio=0 irq67_pending=true irq67_enabled=true irq67_prio=224 selected=None
[clk=00465385 pc=0x08158eb4] DEBUG NVIC arb basepri=0x00 active_prio=Some(224) irq50_pending=false irq50_enabled=true irq50_prio=0 irq67_pending=true irq67_enabled=true irq67_prio=224 selected=None
[clk=00465386 pc=0x0815bba0] DEBUG NVIC arb basepri=0x00 active_prio=Some(224) irq50_pending=false irq50_enabled=true irq50_prio=0 irq67_pending=true irq67_enabled=true irq67_prio=224 selected=None
[clk=00465387 pc=0x0815bba4] DEBUG NVIC arb basepri=0x00 active_prio=Some(224) irq50_pending=false irq50_enabled=true irq50_prio=0 irq67_pending=true irq67_enabled=true irq67_prio=224 selected=None
[clk=00465388 pc=0x0815bba6] DEBUG NVIC arb basepri=0x00 active_prio=Some(224) irq50_pending=false irq50_enabled=true irq50_prio=0 irq67_pending=true irq67_enabled=true irq67_prio=224 selected=None
[clk=00465389 pc=0x0815bbaa] DEBUG NVIC arb basepri=0x00 active_prio=Some(224) irq50_pending=false irq50_enabled=true irq50_prio=0 irq67_pending=true irq67_enabled=true irq67_prio=224 selected=None
[clk=00465390 pc=0x0815bbae] DEBUG NVIC arb basepri=0x00 active_prio=Some(224) irq50_pending=false irq50_enabled=true irq50_prio=0 irq67_pending=true irq67_enabled=true irq67_prio=224 selected=None
[clk=00465391 pc=0x0815bbb0] DEBUG NVIC arb basepri=0x00 active_prio=Some(224) irq50_pending=false irq50_enabled=true irq50_prio=0 irq67_pending=true irq67_enabled=true irq67_prio=224 selected=None
[clk=00465392 pc=0x0815bbb2] DEBUG NVIC arb basepri=0x00 active_prio=Some(224) irq50_pending=false irq50_enabled=true irq50_prio=0 irq67_pending=true irq67_enabled=true irq67_prio=224 selected=None
[clk=00465393 pc=0x0815bbb6] DEBUG NVIC arb basepri=0x00 active_prio=Some(224) irq50_pending=false irq50_enabled=true irq50_prio=0 irq67_pending=true irq67_enabled=true irq67_prio=224 selected=None
[clk=00465394 pc=0x0815bbb8] DEBUG NVIC arb basepri=0x00 active_prio=Some(224) irq50_pending=false irq50_enabled=true irq50_prio=0 irq67_pending=true irq67_enabled=true irq67_prio=224 selected=None
[clk=00465395 pc=0x0815bbba] DEBUG NVIC arb basepri=0x00 active_prio=Some(224) irq50_pending=false irq50_enabled=true irq50_prio=0 irq67_pending=true irq67_enabled=true irq67_prio=224 selected=None
[clk=00465396 pc=0x0815bbbc] DEBUG NVIC arb basepri=0x00 active_prio=Some(224) irq50_pending=false irq50_enabled=true irq50_prio=0 irq67_pending=true irq67_enabled=true irq67_prio=224 selected=None
[clk=00465397 pc=0x0815bbbe] DEBUG NVIC arb basepri=0x00 active_prio=Some(224) irq50_pending=false irq50_enabled=true irq50_prio=0 irq67_pending=true irq67_enabled=true irq67_prio=224 selected=None
[clk=00465398 pc=0x0815bbc0] DEBUG NVIC arb basepri=0x00 active_prio=Some(224) irq50_pending=false irq50_enabled=true irq50_prio=0 irq67_pending=true irq67_enabled=true irq67_prio=224 selected=None
[clk=00465399 pc=0x0815bbc4] DEBUG NVIC arb basepri=0x00 active_prio=Some(224) irq50_pending=false irq50_enabled=true irq50_prio=0 irq67_pending=true irq67_enabled=true irq67_prio=224 selected=None
[clk=00465400 pc=0x0815bbc8] DEBUG NVIC arb basepri=0x00 active_prio=Some(224) irq50_pending=false irq50_enabled=true irq50_prio=0 irq67_pending=true irq67_enabled=true irq67_prio=224 selected=None
[clk=00465401 pc=0x0815bbca] DEBUG NVIC arb basepri=0x00 active_prio=Some(224) irq50_pending=false irq50_enabled=true irq50_prio=0 irq67_pending=true irq67_enabled=true irq67_prio=224 selected=None
[clk=00465402 pc=0x0815bbcc] DEBUG NVIC arb basepri=0x00 active_prio=Some(224) irq50_pending=false irq50_enabled=true irq50_prio=0 irq67_pending=true irq67_enabled=true irq67_prio=224 selected=None
[clk=00465403 pc=0x0815bbce] DEBUG NVIC arb basepri=0x00 active_prio=Some(224) irq50_pending=false irq50_enabled=true irq50_prio=0 irq67_pending=true irq67_enabled=true irq67_prio=224 selected=None
[clk=00465404 pc=0x0815bbd0] DEBUG NVIC arb basepri=0x00 active_prio=Some(224) irq50_pending=false irq50_enabled=true irq50_prio=0 irq67_pending=true irq67_enabled=true irq67_prio=224 selected=None
[clk=00465405 pc=0x0815bbd2] DEBUG NVIC arb basepri=0x00 active_prio=Some(224) irq50_pending=false irq50_enabled=true irq50_prio=0 irq67_pending=true irq67_enabled=true irq67_prio=224 selected=None
[clk=00465406 pc=0x0815bbd4] DEBUG NVIC arb basepri=0x00 active_prio=Some(224) irq50_pending=false irq50_enabled=true irq50_prio=0 irq67_pending=true irq67_enabled=true irq67_prio=224 selected=None
[clk=00465407 pc=0x0815bbd8] DEBUG NVIC arb basepri=0x00 active_prio=Some(224) irq50_pending=false irq50_enabled=true irq50_prio=0 irq67_pending=true irq67_enabled=true irq67_prio=224 selected=None
[clk=00465408 pc=0x0815bbda] DEBUG NVIC arb basepri=0x00 active_prio=Some(224) irq50_pending=false irq50_enabled=true irq50_prio=0 irq67_pending=true irq67_enabled=true irq67_prio=224 selected=None
[clk=00465409 pc=0x0815bbde] DEBUG NVIC arb basepri=0x00 active_prio=Some(224) irq50_pending=false irq50_enabled=true irq50_prio=0 irq67_pending=true irq67_enabled=true irq67_prio=224 selected=None
[clk=00465410 pc=0x0815bbe0] DEBUG NVIC arb basepri=0x00 active_prio=Some(224) irq50_pending=false irq50_enabled=true irq50_prio=0 irq67_pending=true irq67_enabled=true irq67_prio=224 selected=None
[clk=00465411 pc=0x0815bbe2] DEBUG NVIC arb basepri=0x00 active_prio=Some(224) irq50_pending=false irq50_enabled=true irq50_prio=0 irq67_pending=true irq67_enabled=true irq67_prio=224 selected=None
[clk=00465412 pc=0x0815bbe4] DEBUG NVIC arb basepri=0x00 active_prio=Some(224) irq50_pending=false irq50_enabled=true irq50_prio=0 irq67_pending=true irq67_enabled=true irq67_prio=224 selected=None
[clk=00465413 pc=0x0815bbe6] DEBUG NVIC arb basepri=0x00 active_prio=Some(224) irq50_pending=false irq50_enabled=true irq50_prio=0 irq67_pending=true irq67_enabled=true irq67_prio=224 selected=None
[clk=00465414 pc=0x0815bbe8] DEBUG NVIC arb basepri=0x00 active_prio=Some(224) irq50_pending=false irq50_enabled=true irq50_prio=0 irq67_pending=true irq67_enabled=true irq67_prio=224 selected=None
[clk=00465415 pc=0x08158fcc] DEBUG NVIC arb basepri=0x00 active_prio=Some(224) irq50_pending=false irq50_enabled=true irq50_prio=0 irq67_pending=true irq67_enabled=true irq67_prio=224 selected=None
[clk=00465416 pc=0x08158fce] DEBUG NVIC arb basepri=0x00 active_prio=Some(224) irq50_pending=false irq50_enabled=true irq50_prio=0 irq67_pending=true irq67_enabled=true irq67_prio=224 selected=None
[clk=00465417 pc=0x08158fd0] DEBUG NVIC arb basepri=0x00 active_prio=Some(224) irq50_pending=false irq50_enabled=true irq50_prio=0 irq67_pending=true irq67_enabled=true irq67_prio=224 selected=None
[clk=00465418 pc=0x08158fd4] DEBUG NVIC arb basepri=0x00 active_prio=Some(224) irq50_pending=false irq50_enabled=true irq50_prio=0 irq67_pending=true irq67_enabled=true irq67_prio=224 selected=None
[clk=00465419 pc=0x08158fd6] DEBUG NVIC arb basepri=0x00 active_prio=Some(224) irq50_pending=false irq50_enabled=true irq50_prio=0 irq67_pending=true irq67_enabled=true irq67_prio=224 selected=None
[clk=00465420 pc=0x08158fd8] DEBUG NVIC arb basepri=0x00 active_prio=Some(224) irq50_pending=false irq50_enabled=true irq50_prio=0 irq67_pending=true irq67_enabled=true irq67_prio=224 selected=None
[clk=00465421 pc=0x08159028] DEBUG NVIC arb basepri=0x00 active_prio=Some(224) irq50_pending=false irq50_enabled=true irq50_prio=0 irq67_pending=true irq67_enabled=true irq67_prio=224 selected=None
[clk=00465422 pc=0x0815902a] DEBUG NVIC arb basepri=0x00 active_prio=Some(224) irq50_pending=false irq50_enabled=true irq50_prio=0 irq67_pending=true irq67_enabled=true irq67_prio=224 selected=None
[clk=00465423 pc=0x0815befc] DEBUG NVIC arb basepri=0x00 active_prio=Some(224) irq50_pending=false irq50_enabled=true irq50_prio=0 irq67_pending=true irq67_enabled=true irq67_prio=224 selected=None
[clk=00465424 pc=0x0815befe] DEBUG NVIC arb basepri=0x00 active_prio=Some(224) irq50_pending=false irq50_enabled=true irq50_prio=0 irq67_pending=true irq67_enabled=true irq67_prio=224 selected=None
[clk=00465425 pc=0x0815bf00] DEBUG NVIC arb basepri=0x00 active_prio=Some(224) irq50_pending=false irq50_enabled=true irq50_prio=0 irq67_pending=true irq67_enabled=true irq67_prio=224 selected=None
[clk=00465426 pc=0x0815bf02] DEBUG NVIC arb basepri=0x00 active_prio=Some(224) irq50_pending=false irq50_enabled=true irq50_prio=0 irq67_pending=true irq67_enabled=true irq67_prio=224 selected=None
[clk=00465427 pc=0x0815bf04] DEBUG NVIC arb basepri=0x00 active_prio=Some(224) irq50_pending=false irq50_enabled=true irq50_prio=0 irq67_pending=true irq67_enabled=true irq67_prio=224 selected=None
[clk=00465428 pc=0x0815bf08] DEBUG NVIC arb basepri=0x00 active_prio=Some(224) irq50_pending=false irq50_enabled=true irq50_prio=0 irq67_pending=true irq67_enabled=true irq67_prio=224 selected=None
[clk=00465429 pc=0x0815bf0a] DEBUG NVIC arb basepri=0x00 active_prio=Some(224) irq50_pending=false irq50_enabled=true irq50_prio=0 irq67_pending=true irq67_enabled=true irq67_prio=224 selected=None
[clk=00465430 pc=0x0815902e] DEBUG NVIC arb basepri=0x00 active_prio=Some(224) irq50_pending=false irq50_enabled=true irq50_prio=0 irq67_pending=true irq67_enabled=true irq67_prio=224 selected=None
[clk=00465431 pc=0x08159030] DEBUG NVIC arb basepri=0x00 active_prio=Some(224) irq50_pending=false irq50_enabled=true irq50_prio=0 irq67_pending=true irq67_enabled=true irq67_prio=224 selected=None
[clk=00465432 pc=0x08159032] DEBUG NVIC arb basepri=0x00 active_prio=Some(224) irq50_pending=false irq50_enabled=true irq50_prio=0 irq67_pending=true irq67_enabled=true irq67_prio=224 selected=None
[clk=00465433 pc=0x0815beec] DEBUG NVIC arb basepri=0x00 active_prio=Some(224) irq50_pending=false irq50_enabled=true irq50_prio=0 irq67_pending=true irq67_enabled=true irq67_prio=224 selected=None
[clk=00465434 pc=0x0815beee] DEBUG NVIC arb basepri=0x00 active_prio=Some(224) irq50_pending=false irq50_enabled=true irq50_prio=0 irq67_pending=true irq67_enabled=true irq67_prio=224 selected=None
[clk=00465435 pc=0x0815bef0] DEBUG NVIC arb basepri=0x00 active_prio=Some(224) irq50_pending=false irq50_enabled=true irq50_prio=0 irq67_pending=true irq67_enabled=true irq67_prio=224 selected=None
[clk=00465436 pc=0x0815bef2] DEBUG NVIC arb basepri=0x00 active_prio=Some(224) irq50_pending=false irq50_enabled=true irq50_prio=0 irq67_pending=true irq67_enabled=true irq67_prio=224 selected=None
[clk=00465437 pc=0x0815bef4] DEBUG NVIC arb basepri=0x00 active_prio=Some(224) irq50_pending=false irq50_enabled=true irq50_prio=0 irq67_pending=true irq67_enabled=true irq67_prio=224 selected=None
[clk=00465438 pc=0x0815bef8] DEBUG NVIC arb basepri=0x00 active_prio=Some(224) irq50_pending=false irq50_enabled=true irq50_prio=0 irq67_pending=true irq67_enabled=true irq67_prio=224 selected=None
[clk=00465439 pc=0x0815befa] DEBUG NVIC arb basepri=0x00 active_prio=Some(224) irq50_pending=false irq50_enabled=true irq50_prio=0 irq67_pending=true irq67_enabled=true irq67_prio=224 selected=None
[clk=00465440 pc=0x08159036] DEBUG NVIC arb basepri=0x00 active_prio=Some(224) irq50_pending=false irq50_enabled=true irq50_prio=0 irq67_pending=true irq67_enabled=true irq67_prio=224 selected=None
[clk=00465441 pc=0x08159038] DEBUG NVIC arb basepri=0x00 active_prio=Some(224) irq50_pending=false irq50_enabled=true irq50_prio=0 irq67_pending=true irq67_enabled=true irq67_prio=224 selected=None
[clk=00465442 pc=0x0815903a] DEBUG NVIC arb basepri=0x00 active_prio=Some(224) irq50_pending=false irq50_enabled=true irq50_prio=0 irq67_pending=true irq67_enabled=true irq67_prio=224 selected=None
[clk=00465443 pc=0x0815903c] DEBUG NVIC arb basepri=0x00 active_prio=Some(224) irq50_pending=false irq50_enabled=true irq50_prio=0 irq67_pending=true irq67_enabled=true irq67_prio=224 selected=None
[clk=00465444 pc=0x0815903e] DEBUG NVIC arb basepri=0x00 active_prio=Some(224) irq50_pending=false irq50_enabled=true irq50_prio=0 irq67_pending=true irq67_enabled=true irq67_prio=224 selected=None
[clk=00465445 pc=0x08159040] DEBUG NVIC arb basepri=0x00 active_prio=Some(224) irq50_pending=false irq50_enabled=true irq50_prio=0 irq67_pending=true irq67_enabled=true irq67_prio=224 selected=None
[clk=00465446 pc=0x0815a32c] DEBUG NVIC arb basepri=0x00 active_prio=Some(224) irq50_pending=false irq50_enabled=true irq50_prio=0 irq67_pending=true irq67_enabled=true irq67_prio=224 selected=None
[clk=00465447 pc=0x0815a32e] DEBUG NVIC arb basepri=0x00 active_prio=Some(224) irq50_pending=false irq50_enabled=true irq50_prio=0 irq67_pending=true irq67_enabled=true irq67_prio=224 selected=None
[clk=00465448 pc=0x0815a330] DEBUG NVIC arb basepri=0x00 active_prio=Some(224) irq50_pending=false irq50_enabled=true irq50_prio=0 irq67_pending=true irq67_enabled=true irq67_prio=224 selected=None
[clk=00465449 pc=0x0815a362] DEBUG NVIC arb basepri=0x00 active_prio=Some(224) irq50_pending=false irq50_enabled=true irq50_prio=0 irq67_pending=true irq67_enabled=true irq67_prio=224 selected=None
[clk=00465450 pc=0x08159042] DEBUG NVIC arb basepri=0x00 active_prio=Some(224) irq50_pending=false irq50_enabled=true irq50_prio=0 irq67_pending=true irq67_enabled=true irq67_prio=224 selected=None
[clk=00465451 pc=0x08159044] DEBUG NVIC arb basepri=0x00 active_prio=Some(224) irq50_pending=false irq50_enabled=true irq50_prio=0 irq67_pending=true irq67_enabled=true irq67_prio=224 selected=None
[clk=00465452 pc=0x08159048] DEBUG NVIC arb basepri=0x00 active_prio=Some(224) irq50_pending=false irq50_enabled=true irq50_prio=0 irq67_pending=true irq67_enabled=true irq67_prio=224 selected=None
[clk=00465453 pc=0x0815900e] DEBUG NVIC arb basepri=0x00 active_prio=Some(224) irq50_pending=false irq50_enabled=true irq50_prio=0 irq67_pending=true irq67_enabled=true irq67_prio=224 selected=None
[clk=00465454 pc=0x0815bbea] DEBUG NVIC arb basepri=0x00 active_prio=Some(224) irq50_pending=false irq50_enabled=true irq50_prio=0 irq67_pending=true irq67_enabled=true irq67_prio=224 selected=None
[clk=00465455 pc=0x0815be90] DEBUG NVIC arb basepri=0x00 active_prio=Some(224) irq50_pending=false irq50_enabled=true irq50_prio=0 irq67_pending=true irq67_enabled=true irq67_prio=224 selected=None
[clk=00465456 pc=0x0815bdca] DEBUG NVIC arb basepri=0x00 active_prio=Some(224) irq50_pending=false irq50_enabled=true irq50_prio=0 irq67_pending=true irq67_enabled=true irq67_prio=224 selected=None
[clk=00465457 pc=0x0815bdce] DEBUG NVIC arb basepri=0x00 active_prio=Some(224) irq50_pending=false irq50_enabled=true irq50_prio=0 irq67_pending=true irq67_enabled=true irq67_prio=224 selected=None
[clk=00465458 pc=0x0815bdd0] DEBUG NVIC arb basepri=0x00 active_prio=Some(224) irq50_pending=false irq50_enabled=true irq50_prio=0 irq67_pending=true irq67_enabled=true irq67_prio=224 selected=None
[clk=00465459 pc=0x0815bdd4] DEBUG NVIC arb basepri=0x00 active_prio=Some(224) irq50_pending=false irq50_enabled=true irq50_prio=0 irq67_pending=true irq67_enabled=true irq67_prio=224 selected=None
[clk=00465460 pc=0x0815bdd6] DEBUG NVIC arb basepri=0x00 active_prio=Some(224) irq50_pending=false irq50_enabled=true irq50_prio=0 irq67_pending=true irq67_enabled=true irq67_prio=224 selected=None
[clk=00465461 pc=0x0815bdda] DEBUG NVIC arb basepri=0x00 active_prio=Some(224) irq50_pending=false irq50_enabled=true irq50_prio=0 irq67_pending=true irq67_enabled=true irq67_prio=224 selected=None
[clk=00465462 pc=0x0815bddc] DEBUG NVIC arb basepri=0x00 active_prio=Some(224) irq50_pending=false irq50_enabled=true irq50_prio=0 irq67_pending=true irq67_enabled=true irq67_prio=224 selected=None
[clk=00465463 pc=0x0815bde0] DEBUG NVIC arb basepri=0x00 active_prio=Some(224) irq50_pending=false irq50_enabled=true irq50_prio=0 irq67_pending=true irq67_enabled=true irq67_prio=224 selected=None
[clk=00465464 pc=0x0815bdfa] DEBUG NVIC arb basepri=0x00 active_prio=Some(224) irq50_pending=false irq50_enabled=true irq50_prio=0 irq67_pending=true irq67_enabled=true irq67_prio=224 selected=None
[clk=00465465 pc=0x0815bee0] DEBUG NVIC arb basepri=0x00 active_prio=Some(224) irq50_pending=false irq50_enabled=true irq50_prio=0 irq67_pending=true irq67_enabled=true irq67_prio=224 selected=None
[clk=00465466 pc=0x08154d04] DEBUG NVIC arb basepri=0x00 active_prio=Some(224) irq50_pending=false irq50_enabled=true irq50_prio=0 irq67_pending=true irq67_enabled=true irq67_prio=224 selected=None
[clk=00465467 pc=0x08154d06] DEBUG NVIC arb basepri=0x00 active_prio=Some(224) irq50_pending=false irq50_enabled=true irq50_prio=0 irq67_pending=true irq67_enabled=true irq67_prio=224 selected=None
[clk=00465468 pc=0x08154d0a] DEBUG NVIC arb basepri=0x30 active_prio=Some(224) irq50_pending=false irq50_enabled=true irq50_prio=0 irq67_pending=true irq67_enabled=true irq67_prio=224 selected=None
[clk=00465469 pc=0x08154d0c] DEBUG NVIC arb basepri=0x30 active_prio=Some(224) irq50_pending=false irq50_enabled=true irq50_prio=0 irq67_pending=true irq67_enabled=true irq67_prio=224 selected=None
[clk=00465470 pc=0x08154d0e] DEBUG NVIC arb basepri=0x30 active_prio=Some(224) irq50_pending=false irq50_enabled=true irq50_prio=0 irq67_pending=true irq67_enabled=true irq67_prio=224 selected=None
[clk=00465471 pc=0x08154d12] DEBUG NVIC arb basepri=0x30 active_prio=Some(224) irq50_pending=false irq50_enabled=true irq50_prio=0 irq67_pending=true irq67_enabled=true irq67_prio=224 selected=None
[clk=00465472 pc=0x08154d14] DEBUG NVIC arb basepri=0x30 active_prio=Some(224) irq50_pending=false irq50_enabled=true irq50_prio=0 irq67_pending=true irq67_enabled=true irq67_prio=224 selected=None
[clk=00465473 pc=0x08154d16] DEBUG NVIC arb basepri=0x30 active_prio=Some(224) irq50_pending=false irq50_enabled=true irq50_prio=0 irq67_pending=true irq67_enabled=true irq67_prio=224 selected=None
[clk=00465474 pc=0x08154d1a] DEBUG NVIC arb basepri=0x00 active_prio=Some(224) irq50_pending=false irq50_enabled=true irq50_prio=0 irq67_pending=true irq67_enabled=true irq67_prio=224 selected=None
[clk=00465475 pc=0x0815bee4] DEBUG NVIC arb basepri=0x00 active_prio=Some(224) irq50_pending=false irq50_enabled=true irq50_prio=0 irq67_pending=true irq67_enabled=true irq67_prio=224 selected=None
[clk=00465475 pc=0x0815bee4] DEBUG NVIC arb basepri=0x00 active_prio=None irq50_pending=false irq50_enabled=true irq50_prio=0 irq67_pending=true irq67_enabled=true irq67_prio=224 selected=Some(67)
[clk=00465475 pc=0x0815bee4] DEBUG EMULATOR exception_return: dispatching IRQ 67 (chain_idx=0)
[clk=00465475 pc=0x0815bee4] DEBUG NVIC dispatching IRQ 67 vector=0x815bed9
[clk=00465506 pc=0x0815b570] DEBUG OTG_FS GRXSTSP pop at 0x020 state_after=RxFlvlFifoPending result=0x000c0080
[clk=00465530 pc=0x0815b558] DEBUG OTG_FS FIFO read idx=0 word=0x000021a1 state_after=RxFlvlFifoPending
[clk=00465571 pc=0x0815b558] DEBUG OTG_FS FIFO read idx=1 word=0x00070000 state_after=RxFlvlFifoPending
[clk=00465572 pc=0x0815b55a] DEBUG NVIC arb basepri=0x00 active_prio=Some(224) irq50_pending=false irq50_enabled=true irq50_prio=0 irq67_pending=true irq67_enabled=true irq67_prio=224 selected=None
[clk=00465573 pc=0x0815b55c] DEBUG NVIC arb basepri=0x00 active_prio=Some(224) irq50_pending=false irq50_enabled=true irq50_prio=0 irq67_pending=true irq67_enabled=true irq67_prio=224 selected=None
[clk=00465574 pc=0x0815b55e] DEBUG NVIC arb basepri=0x00 active_prio=Some(224) irq50_pending=false irq50_enabled=true irq50_prio=0 irq67_pending=true irq67_enabled=true irq67_prio=224 selected=None
[clk=00465575 pc=0x0815b562] DEBUG NVIC arb basepri=0x00 active_prio=Some(224) irq50_pending=false irq50_enabled=true irq50_prio=0 irq67_pending=true irq67_enabled=true irq67_prio=224 selected=None
[clk=00465576 pc=0x0815b564] DEBUG NVIC arb basepri=0x00 active_prio=Some(224) irq50_pending=false irq50_enabled=true irq50_prio=0 irq67_pending=true irq67_enabled=true irq67_prio=224 selected=None
[clk=00465577 pc=0x0815b54a] DEBUG NVIC arb basepri=0x00 active_prio=Some(224) irq50_pending=false irq50_enabled=true irq50_prio=0 irq67_pending=true irq67_enabled=true irq67_prio=224 selected=None
[clk=00465578 pc=0x0815b54e] DEBUG NVIC arb basepri=0x00 active_prio=Some(224) irq50_pending=false irq50_enabled=true irq50_prio=0 irq67_pending=true irq67_enabled=true irq67_prio=224 selected=None
[clk=00465579 pc=0x0815b550] DEBUG NVIC arb basepri=0x00 active_prio=Some(224) irq50_pending=false irq50_enabled=true irq50_prio=0 irq67_pending=true irq67_enabled=true irq67_prio=224 selected=None
[clk=00465580 pc=0x0815b552] DEBUG NVIC arb basepri=0x00 active_prio=Some(224) irq50_pending=false irq50_enabled=true irq50_prio=0 irq67_pending=true irq67_enabled=true irq67_prio=224 selected=None
[clk=00465581 pc=0x0815b556] DEBUG NVIC arb basepri=0x00 active_prio=Some(224) irq50_pending=false irq50_enabled=true irq50_prio=0 irq67_pending=true irq67_enabled=true irq67_prio=224 selected=None
[clk=00465582 pc=0x0815b55a] DEBUG NVIC arb basepri=0x00 active_prio=Some(224) irq50_pending=false irq50_enabled=true irq50_prio=0 irq67_pending=true irq67_enabled=true irq67_prio=224 selected=None
[clk=00465583 pc=0x0815b55c] DEBUG NVIC arb basepri=0x00 active_prio=Some(224) irq50_pending=false irq50_enabled=true irq50_prio=0 irq67_pending=true irq67_enabled=true irq67_prio=224 selected=None
[clk=00465584 pc=0x0815b55e] DEBUG NVIC arb basepri=0x00 active_prio=Some(224) irq50_pending=false irq50_enabled=true irq50_prio=0 irq67_pending=true irq67_enabled=true irq67_prio=224 selected=None
[clk=00465585 pc=0x0815b562] DEBUG NVIC arb basepri=0x00 active_prio=Some(224) irq50_pending=false irq50_enabled=true irq50_prio=0 irq67_pending=true irq67_enabled=true irq67_prio=224 selected=None
[clk=00465586 pc=0x0815b564] DEBUG NVIC arb basepri=0x00 active_prio=Some(224) irq50_pending=false irq50_enabled=true irq50_prio=0 irq67_pending=true irq67_enabled=true irq67_prio=224 selected=None
[clk=00465587 pc=0x0815b54a] DEBUG NVIC arb basepri=0x00 active_prio=Some(224) irq50_pending=false irq50_enabled=true irq50_prio=0 irq67_pending=true irq67_enabled=true irq67_prio=224 selected=None
[clk=00465588 pc=0x0815b54e] DEBUG NVIC arb basepri=0x00 active_prio=Some(224) irq50_pending=false irq50_enabled=true irq50_prio=0 irq67_pending=true irq67_enabled=true irq67_prio=224 selected=None
[clk=00465589 pc=0x0815b550] DEBUG NVIC arb basepri=0x00 active_prio=Some(224) irq50_pending=false irq50_enabled=true irq50_prio=0 irq67_pending=true irq67_enabled=true irq67_prio=224 selected=None
[clk=00465590 pc=0x0815b552] DEBUG NVIC arb basepri=0x00 active_prio=Some(224) irq50_pending=false irq50_enabled=true irq50_prio=0 irq67_pending=true irq67_enabled=true irq67_prio=224 selected=None
[clk=00465591 pc=0x0815b556] DEBUG NVIC arb basepri=0x00 active_prio=Some(224) irq50_pending=false irq50_enabled=true irq50_prio=0 irq67_pending=true irq67_enabled=true irq67_prio=224 selected=None
[clk=00465592 pc=0x0815b55a] DEBUG NVIC arb basepri=0x00 active_prio=Some(224) irq50_pending=false irq50_enabled=true irq50_prio=0 irq67_pending=true irq67_enabled=true irq67_prio=224 selected=None
[clk=00465593 pc=0x0815b55c] DEBUG NVIC arb basepri=0x00 active_prio=Some(224) irq50_pending=false irq50_enabled=true irq50_prio=0 irq67_pending=true irq67_enabled=true irq67_prio=224 selected=None
[clk=00465594 pc=0x0815b55e] DEBUG NVIC arb basepri=0x00 active_prio=Some(224) irq50_pending=false irq50_enabled=true irq50_prio=0 irq67_pending=true irq67_enabled=true irq67_prio=224 selected=None
[clk=00465595 pc=0x0815b562] DEBUG NVIC arb basepri=0x00 active_prio=Some(224) irq50_pending=false irq50_enabled=true irq50_prio=0 irq67_pending=true irq67_enabled=true irq67_prio=224 selected=None
[clk=00465596 pc=0x0815b564] DEBUG NVIC arb basepri=0x00 active_prio=Some(224) irq50_pending=false irq50_enabled=true irq50_prio=0 irq67_pending=true irq67_enabled=true irq67_prio=224 selected=None
[clk=00465597 pc=0x0815b54a] DEBUG NVIC arb basepri=0x00 active_prio=Some(224) irq50_pending=false irq50_enabled=true irq50_prio=0 irq67_pending=true irq67_enabled=true irq67_prio=224 selected=None
[clk=00465598 pc=0x0815b54e] DEBUG NVIC arb basepri=0x00 active_prio=Some(224) irq50_pending=false irq50_enabled=true irq50_prio=0 irq67_pending=true irq67_enabled=true irq67_prio=224 selected=None
[clk=00465599 pc=0x0815b550] DEBUG NVIC arb basepri=0x00 active_prio=Some(224) irq50_pending=false irq50_enabled=true irq50_prio=0 irq67_pending=true irq67_enabled=true irq67_prio=224 selected=None
[clk=00465600 pc=0x0815b552] DEBUG NVIC arb basepri=0x00 active_prio=Some(224) irq50_pending=false irq50_enabled=true irq50_prio=0 irq67_pending=true irq67_enabled=true irq67_prio=224 selected=None
[clk=00465601 pc=0x0815b556] DEBUG NVIC arb basepri=0x00 active_prio=Some(224) irq50_pending=false irq50_enabled=true irq50_prio=0 irq67_pending=true irq67_enabled=true irq67_prio=224 selected=None
[clk=00465602 pc=0x0815b55a] DEBUG NVIC arb basepri=0x00 active_prio=Some(224) irq50_pending=false irq50_enabled=true irq50_prio=0 irq67_pending=true irq67_enabled=true irq67_prio=224 selected=None
[clk=00465603 pc=0x0815b55c] DEBUG NVIC arb basepri=0x00 active_prio=Some(224) irq50_pending=false irq50_enabled=true irq50_prio=0 irq67_pending=true irq67_enabled=true irq67_prio=224 selected=None
[clk=00465604 pc=0x0815b55e] DEBUG NVIC arb basepri=0x00 active_prio=Some(224) irq50_pending=false irq50_enabled=true irq50_prio=0 irq67_pending=true irq67_enabled=true irq67_prio=224 selected=None
[clk=00465605 pc=0x0815b562] DEBUG NVIC arb basepri=0x00 active_prio=Some(224) irq50_pending=false irq50_enabled=true irq50_prio=0 irq67_pending=true irq67_enabled=true irq67_prio=224 selected=None
[clk=00465606 pc=0x0815b564] DEBUG NVIC arb basepri=0x00 active_prio=Some(224) irq50_pending=false irq50_enabled=true irq50_prio=0 irq67_pending=true irq67_enabled=true irq67_prio=224 selected=None
[clk=00465607 pc=0x0815b54a] DEBUG NVIC arb basepri=0x00 active_prio=Some(224) irq50_pending=false irq50_enabled=true irq50_prio=0 irq67_pending=true irq67_enabled=true irq67_prio=224 selected=None
[clk=00465608 pc=0x0815b54e] DEBUG NVIC arb basepri=0x00 active_prio=Some(224) irq50_pending=false irq50_enabled=true irq50_prio=0 irq67_pending=true irq67_enabled=true irq67_prio=224 selected=None
[clk=00465609 pc=0x0815b550] DEBUG NVIC arb basepri=0x00 active_prio=Some(224) irq50_pending=false irq50_enabled=true irq50_prio=0 irq67_pending=true irq67_enabled=true irq67_prio=224 selected=None
[clk=00465610 pc=0x0815b566] DEBUG NVIC arb basepri=0x00 active_prio=Some(224) irq50_pending=false irq50_enabled=true irq50_prio=0 irq67_pending=true irq67_enabled=true irq67_prio=224 selected=None
[clk=00465611 pc=0x0815b56a] DEBUG NVIC arb basepri=0x00 active_prio=Some(224) irq50_pending=false irq50_enabled=true irq50_prio=0 irq67_pending=true irq67_enabled=true irq67_prio=224 selected=None
[clk=00465612 pc=0x0815b5a0] DEBUG NVIC arb basepri=0x00 active_prio=Some(224) irq50_pending=false irq50_enabled=true irq50_prio=0 irq67_pending=true irq67_enabled=true irq67_prio=224 selected=None
[clk=00465613 pc=0x0815be86] DEBUG NVIC arb basepri=0x00 active_prio=Some(224) irq50_pending=false irq50_enabled=true irq50_prio=0 irq67_pending=true irq67_enabled=true irq67_prio=224 selected=None
[clk=00465614 pc=0x0815bdba] DEBUG NVIC arb basepri=0x00 active_prio=Some(224) irq50_pending=false irq50_enabled=true irq50_prio=0 irq67_pending=true irq67_enabled=true irq67_prio=224 selected=None
[clk=00465615 pc=0x0815bdbe] DEBUG NVIC arb basepri=0x00 active_prio=Some(224) irq50_pending=false irq50_enabled=true irq50_prio=0 irq67_pending=true irq67_enabled=true irq67_prio=224 selected=None
[clk=00465616 pc=0x0815bdc2] DEBUG NVIC arb basepri=0x00 active_prio=Some(224) irq50_pending=false irq50_enabled=true irq50_prio=0 irq67_pending=true irq67_enabled=true irq67_prio=224 selected=None
[clk=00465617 pc=0x0815bddc] DEBUG NVIC arb basepri=0x00 active_prio=Some(224) irq50_pending=false irq50_enabled=true irq50_prio=0 irq67_pending=true irq67_enabled=true irq67_prio=224 selected=None
[clk=00465618 pc=0x0815bde0] DEBUG NVIC arb basepri=0x00 active_prio=Some(224) irq50_pending=false irq50_enabled=true irq50_prio=0 irq67_pending=true irq67_enabled=true irq67_prio=224 selected=None
[clk=00465619 pc=0x0815bde2] DEBUG NVIC arb basepri=0x00 active_prio=Some(224) irq50_pending=false irq50_enabled=true irq50_prio=0 irq67_pending=true irq67_enabled=true irq67_prio=224 selected=None
[clk=00465620 pc=0x0815bde6] DEBUG NVIC arb basepri=0x00 active_prio=Some(224) irq50_pending=false irq50_enabled=true irq50_prio=0 irq67_pending=true irq67_enabled=true irq67_prio=224 selected=None
[clk=00465621 pc=0x0815beb0] DEBUG NVIC arb basepri=0x00 active_prio=Some(224) irq50_pending=false irq50_enabled=true irq50_prio=0 irq67_pending=true irq67_enabled=true irq67_prio=224 selected=None
[clk=00465622 pc=0x0815beb2] DEBUG NVIC arb basepri=0x00 active_prio=Some(224) irq50_pending=false irq50_enabled=true irq50_prio=0 irq67_pending=true irq67_enabled=true irq67_prio=224 selected=None
[clk=00465623 pc=0x0815beb4] DEBUG NVIC arb basepri=0x00 active_prio=Some(224) irq50_pending=false irq50_enabled=true irq50_prio=0 irq67_pending=true irq67_enabled=true irq67_prio=224 selected=None
[clk=00465624 pc=0x0815bcc0] DEBUG NVIC arb basepri=0x00 active_prio=Some(224) irq50_pending=false irq50_enabled=true irq50_prio=0 irq67_pending=true irq67_enabled=true irq67_prio=224 selected=None
[clk=00465625 pc=0x0815bcc4] DEBUG NVIC arb basepri=0x00 active_prio=Some(224) irq50_pending=false irq50_enabled=true irq50_prio=0 irq67_pending=true irq67_enabled=true irq67_prio=224 selected=None
[clk=00465626 pc=0x0815bcc6] DEBUG NVIC arb basepri=0x00 active_prio=Some(224) irq50_pending=false irq50_enabled=true irq50_prio=0 irq67_pending=true irq67_enabled=true irq67_prio=224 selected=None
[clk=00465627 pc=0x0815bcc8] DEBUG NVIC arb basepri=0x00 active_prio=Some(224) irq50_pending=false irq50_enabled=true irq50_prio=0 irq67_pending=true irq67_enabled=true irq67_prio=224 selected=None
[clk=00465628 pc=0x0815bcca] DEBUG NVIC arb basepri=0x00 active_prio=Some(224) irq50_pending=false irq50_enabled=true irq50_prio=0 irq67_pending=true irq67_enabled=true irq67_prio=224 selected=None
[clk=00465629 pc=0x0815bcce] DEBUG NVIC arb basepri=0x00 active_prio=Some(224) irq50_pending=false irq50_enabled=true irq50_prio=0 irq67_pending=true irq67_enabled=true irq67_prio=224 selected=None
[clk=00465630 pc=0x0815bcd2] DEBUG NVIC arb basepri=0x00 active_prio=Some(224) irq50_pending=false irq50_enabled=true irq50_prio=0 irq67_pending=true irq67_enabled=true irq67_prio=224 selected=None
[clk=00465631 pc=0x0815bcd6] DEBUG NVIC arb basepri=0x00 active_prio=Some(224) irq50_pending=false irq50_enabled=true irq50_prio=0 irq67_pending=true irq67_enabled=true irq67_prio=224 selected=None
[clk=00465632 pc=0x0815bcda] DEBUG NVIC arb basepri=0x00 active_prio=Some(224) irq50_pending=false irq50_enabled=true irq50_prio=0 irq67_pending=true irq67_enabled=true irq67_prio=224 selected=None
[clk=00465633 pc=0x0815bcdc] DEBUG NVIC arb basepri=0x00 active_prio=Some(224) irq50_pending=false irq50_enabled=true irq50_prio=0 irq67_pending=true irq67_enabled=true irq67_prio=224 selected=None
[clk=00465634 pc=0x0815bce0] DEBUG NVIC arb basepri=0x00 active_prio=Some(224) irq50_pending=false irq50_enabled=true irq50_prio=0 irq67_pending=true irq67_enabled=true irq67_prio=224 selected=None
[clk=00465635 pc=0x0815bce4] DEBUG NVIC arb basepri=0x00 active_prio=Some(224) irq50_pending=false irq50_enabled=true irq50_prio=0 irq67_pending=true irq67_enabled=true irq67_prio=224 selected=None
[clk=00465636 pc=0x0815bce6] DEBUG NVIC arb basepri=0x00 active_prio=Some(224) irq50_pending=false irq50_enabled=true irq50_prio=0 irq67_pending=true irq67_enabled=true irq67_prio=224 selected=None
[clk=00465637 pc=0x0815bce8] DEBUG NVIC arb basepri=0x00 active_prio=Some(224) irq50_pending=false irq50_enabled=true irq50_prio=0 irq67_pending=true irq67_enabled=true irq67_prio=224 selected=None
[clk=00465638 pc=0x0815bcec] DEBUG NVIC arb basepri=0x00 active_prio=Some(224) irq50_pending=false irq50_enabled=true irq50_prio=0 irq67_pending=true irq67_enabled=true irq67_prio=224 selected=None
[clk=00465639 pc=0x0815bcee] DEBUG NVIC arb basepri=0x00 active_prio=Some(224) irq50_pending=false irq50_enabled=true irq50_prio=0 irq67_pending=true irq67_enabled=true irq67_prio=224 selected=None
[clk=00465640 pc=0x0815bcf0] DEBUG NVIC arb basepri=0x00 active_prio=Some(224) irq50_pending=false irq50_enabled=true irq50_prio=0 irq67_pending=true irq67_enabled=true irq67_prio=224 selected=None
[clk=00465641 pc=0x0815bcf2] DEBUG NVIC arb basepri=0x00 active_prio=Some(224) irq50_pending=false irq50_enabled=true irq50_prio=0 irq67_pending=true irq67_enabled=true irq67_prio=224 selected=None
[clk=00465642 pc=0x0815bcf4] DEBUG NVIC arb basepri=0x00 active_prio=Some(224) irq50_pending=false irq50_enabled=true irq50_prio=0 irq67_pending=true irq67_enabled=true irq67_prio=224 selected=None
[clk=00465643 pc=0x0815bcf6] DEBUG NVIC arb basepri=0x00 active_prio=Some(224) irq50_pending=false irq50_enabled=true irq50_prio=0 irq67_pending=true irq67_enabled=true irq67_prio=224 selected=None
[clk=00465644 pc=0x0815bcf8] DEBUG NVIC arb basepri=0x00 active_prio=Some(224) irq50_pending=false irq50_enabled=true irq50_prio=0 irq67_pending=true irq67_enabled=true irq67_prio=224 selected=None
[clk=00465645 pc=0x0815bcfa] DEBUG NVIC arb basepri=0x00 active_prio=Some(224) irq50_pending=false irq50_enabled=true irq50_prio=0 irq67_pending=true irq67_enabled=true irq67_prio=224 selected=None
[clk=00465646 pc=0x0815bcfe] DEBUG NVIC arb basepri=0x00 active_prio=Some(224) irq50_pending=false irq50_enabled=true irq50_prio=0 irq67_pending=true irq67_enabled=true irq67_prio=224 selected=None
[clk=00465647 pc=0x0815bd00] DEBUG NVIC arb basepri=0x00 active_prio=Some(224) irq50_pending=false irq50_enabled=true irq50_prio=0 irq67_pending=true irq67_enabled=true irq67_prio=224 selected=None
[clk=00465648 pc=0x0815bd04] DEBUG NVIC arb basepri=0x00 active_prio=Some(224) irq50_pending=false irq50_enabled=true irq50_prio=0 irq67_pending=true irq67_enabled=true irq67_prio=224 selected=None
[clk=00465649 pc=0x0815bd06] DEBUG NVIC arb basepri=0x00 active_prio=Some(224) irq50_pending=false irq50_enabled=true irq50_prio=0 irq67_pending=true irq67_enabled=true irq67_prio=224 selected=None
[clk=00465650 pc=0x0815bd08] DEBUG NVIC arb basepri=0x00 active_prio=Some(224) irq50_pending=false irq50_enabled=true irq50_prio=0 irq67_pending=true irq67_enabled=true irq67_prio=224 selected=None
[clk=00465651 pc=0x0815bd0a] DEBUG NVIC arb basepri=0x00 active_prio=Some(224) irq50_pending=false irq50_enabled=true irq50_prio=0 irq67_pending=true irq67_enabled=true irq67_prio=224 selected=None
[clk=00465652 pc=0x0815bd0c] DEBUG NVIC arb basepri=0x00 active_prio=Some(224) irq50_pending=false irq50_enabled=true irq50_prio=0 irq67_pending=true irq67_enabled=true irq67_prio=224 selected=None
[clk=00465653 pc=0x0815bd0e] DEBUG NVIC arb basepri=0x00 active_prio=Some(224) irq50_pending=false irq50_enabled=true irq50_prio=0 irq67_pending=true irq67_enabled=true irq67_prio=224 selected=None
[clk=00465654 pc=0x08158f1c] DEBUG NVIC arb basepri=0x00 active_prio=Some(224) irq50_pending=false irq50_enabled=true irq50_prio=0 irq67_pending=true irq67_enabled=true irq67_prio=224 selected=None
[clk=00465655 pc=0x08158f1e] DEBUG NVIC arb basepri=0x00 active_prio=Some(224) irq50_pending=false irq50_enabled=true irq50_prio=0 irq67_pending=true irq67_enabled=true irq67_prio=224 selected=None
[clk=00465656 pc=0x08158f20] DEBUG NVIC arb basepri=0x00 active_prio=Some(224) irq50_pending=false irq50_enabled=true irq50_prio=0 irq67_pending=true irq67_enabled=true irq67_prio=224 selected=None
[clk=00465657 pc=0x08158f24] DEBUG NVIC arb basepri=0x00 active_prio=Some(224) irq50_pending=false irq50_enabled=true irq50_prio=0 irq67_pending=true irq67_enabled=true irq67_prio=224 selected=None
[clk=00465658 pc=0x08158f26] DEBUG NVIC arb basepri=0x00 active_prio=Some(224) irq50_pending=false irq50_enabled=true irq50_prio=0 irq67_pending=true irq67_enabled=true irq67_prio=224 selected=None
[clk=00465659 pc=0x08158f28] DEBUG NVIC arb basepri=0x00 active_prio=Some(224) irq50_pending=false irq50_enabled=true irq50_prio=0 irq67_pending=true irq67_enabled=true irq67_prio=224 selected=None
[clk=00465660 pc=0x08158faa] DEBUG NVIC arb basepri=0x00 active_prio=Some(224) irq50_pending=false irq50_enabled=true irq50_prio=0 irq67_pending=true irq67_enabled=true irq67_prio=224 selected=None
[clk=00465661 pc=0x08158fac] DEBUG NVIC arb basepri=0x00 active_prio=Some(224) irq50_pending=false irq50_enabled=true irq50_prio=0 irq67_pending=true irq67_enabled=true irq67_prio=224 selected=None
[clk=00465662 pc=0x0815befc] DEBUG NVIC arb basepri=0x00 active_prio=Some(224) irq50_pending=false irq50_enabled=true irq50_prio=0 irq67_pending=true irq67_enabled=true irq67_prio=224 selected=None
[clk=00465663 pc=0x0815befe] DEBUG NVIC arb basepri=0x00 active_prio=Some(224) irq50_pending=false irq50_enabled=true irq50_prio=0 irq67_pending=true irq67_enabled=true irq67_prio=224 selected=None
[clk=00465664 pc=0x0815bf00] DEBUG NVIC arb basepri=0x00 active_prio=Some(224) irq50_pending=false irq50_enabled=true irq50_prio=0 irq67_pending=true irq67_enabled=true irq67_prio=224 selected=None
[clk=00465665 pc=0x0815bf02] DEBUG NVIC arb basepri=0x00 active_prio=Some(224) irq50_pending=false irq50_enabled=true irq50_prio=0 irq67_pending=true irq67_enabled=true irq67_prio=224 selected=None
[clk=00465666 pc=0x0815bf04] DEBUG NVIC arb basepri=0x00 active_prio=Some(224) irq50_pending=false irq50_enabled=true irq50_prio=0 irq67_pending=true irq67_enabled=true irq67_prio=224 selected=None
[clk=00465667 pc=0x0815bf08] DEBUG NVIC arb basepri=0x00 active_prio=Some(224) irq50_pending=false irq50_enabled=true irq50_prio=0 irq67_pending=true irq67_enabled=true irq67_prio=224 selected=None
[clk=00465668 pc=0x0815bf0a] DEBUG NVIC arb basepri=0x00 active_prio=Some(224) irq50_pending=false irq50_enabled=true irq50_prio=0 irq67_pending=true irq67_enabled=true irq67_prio=224 selected=None
[clk=00465669 pc=0x08158fb0] DEBUG NVIC arb basepri=0x00 active_prio=Some(224) irq50_pending=false irq50_enabled=true irq50_prio=0 irq67_pending=true irq67_enabled=true irq67_prio=224 selected=None
[clk=00465670 pc=0x08158fb2] DEBUG NVIC arb basepri=0x00 active_prio=Some(224) irq50_pending=false irq50_enabled=true irq50_prio=0 irq67_pending=true irq67_enabled=true irq67_prio=224 selected=None
[clk=00465671 pc=0x08158fb4] DEBUG NVIC arb basepri=0x00 active_prio=Some(224) irq50_pending=false irq50_enabled=true irq50_prio=0 irq67_pending=true irq67_enabled=true irq67_prio=224 selected=None
[clk=00465672 pc=0x0815beec] DEBUG NVIC arb basepri=0x00 active_prio=Some(224) irq50_pending=false irq50_enabled=true irq50_prio=0 irq67_pending=true irq67_enabled=true irq67_prio=224 selected=None
[clk=00465673 pc=0x0815beee] DEBUG NVIC arb basepri=0x00 active_prio=Some(224) irq50_pending=false irq50_enabled=true irq50_prio=0 irq67_pending=true irq67_enabled=true irq67_prio=224 selected=None
[clk=00465674 pc=0x0815bef0] DEBUG NVIC arb basepri=0x00 active_prio=Some(224) irq50_pending=false irq50_enabled=true irq50_prio=0 irq67_pending=true irq67_enabled=true irq67_prio=224 selected=None
[clk=00465675 pc=0x0815bef2] DEBUG NVIC arb basepri=0x00 active_prio=Some(224) irq50_pending=false irq50_enabled=true irq50_prio=0 irq67_pending=true irq67_enabled=true irq67_prio=224 selected=None
[clk=00465676 pc=0x0815bef4] DEBUG NVIC arb basepri=0x00 active_prio=Some(224) irq50_pending=false irq50_enabled=true irq50_prio=0 irq67_pending=true irq67_enabled=true irq67_prio=224 selected=None
[clk=00465677 pc=0x0815bef8] DEBUG NVIC arb basepri=0x00 active_prio=Some(224) irq50_pending=false irq50_enabled=true irq50_prio=0 irq67_pending=true irq67_enabled=true irq67_prio=224 selected=None
[clk=00465678 pc=0x0815befa] DEBUG NVIC arb basepri=0x00 active_prio=Some(224) irq50_pending=false irq50_enabled=true irq50_prio=0 irq67_pending=true irq67_enabled=true irq67_prio=224 selected=None
[clk=00465679 pc=0x08158fb8] DEBUG NVIC arb basepri=0x00 active_prio=Some(224) irq50_pending=false irq50_enabled=true irq50_prio=0 irq67_pending=true irq67_enabled=true irq67_prio=224 selected=None
[clk=00465680 pc=0x08158fba] DEBUG NVIC arb basepri=0x00 active_prio=Some(224) irq50_pending=false irq50_enabled=true irq50_prio=0 irq67_pending=true irq67_enabled=true irq67_prio=224 selected=None
[clk=00465681 pc=0x08158fbc] DEBUG NVIC arb basepri=0x00 active_prio=Some(224) irq50_pending=false irq50_enabled=true irq50_prio=0 irq67_pending=true irq67_enabled=true irq67_prio=224 selected=None
[clk=00465682 pc=0x08158fbe] DEBUG NVIC arb basepri=0x00 active_prio=Some(224) irq50_pending=false irq50_enabled=true irq50_prio=0 irq67_pending=true irq67_enabled=true irq67_prio=224 selected=None
[clk=00465683 pc=0x08158fc0] DEBUG NVIC arb basepri=0x00 active_prio=Some(224) irq50_pending=false irq50_enabled=true irq50_prio=0 irq67_pending=true irq67_enabled=true irq67_prio=224 selected=None
[clk=00465684 pc=0x08158fc2] DEBUG NVIC arb basepri=0x00 active_prio=Some(224) irq50_pending=false irq50_enabled=true irq50_prio=0 irq67_pending=true irq67_enabled=true irq67_prio=224 selected=None
[clk=00465685 pc=0x0815a32c] DEBUG NVIC arb basepri=0x00 active_prio=Some(224) irq50_pending=false irq50_enabled=true irq50_prio=0 irq67_pending=true irq67_enabled=true irq67_prio=224 selected=None
[clk=00465686 pc=0x0815a32e] DEBUG NVIC arb basepri=0x00 active_prio=Some(224) irq50_pending=false irq50_enabled=true irq50_prio=0 irq67_pending=true irq67_enabled=true irq67_prio=224 selected=None
[clk=00465687 pc=0x0815a330] DEBUG NVIC arb basepri=0x00 active_prio=Some(224) irq50_pending=false irq50_enabled=true irq50_prio=0 irq67_pending=true irq67_enabled=true irq67_prio=224 selected=None
[clk=00465688 pc=0x0815a362] DEBUG NVIC arb basepri=0x00 active_prio=Some(224) irq50_pending=false irq50_enabled=true irq50_prio=0 irq67_pending=true irq67_enabled=true irq67_prio=224 selected=None
[clk=00465689 pc=0x08158fc4] DEBUG NVIC arb basepri=0x00 active_prio=Some(224) irq50_pending=false irq50_enabled=true irq50_prio=0 irq67_pending=true irq67_enabled=true irq67_prio=224 selected=None
[clk=00465690 pc=0x08158fc6] DEBUG NVIC arb basepri=0x00 active_prio=Some(224) irq50_pending=false irq50_enabled=true irq50_prio=0 irq67_pending=true irq67_enabled=true irq67_prio=224 selected=None
[clk=00465691 pc=0x08158fca] DEBUG NVIC arb basepri=0x00 active_prio=Some(224) irq50_pending=false irq50_enabled=true irq50_prio=0 irq67_pending=true irq67_enabled=true irq67_prio=224 selected=None
[clk=00465692 pc=0x08158f7a] DEBUG NVIC arb basepri=0x00 active_prio=Some(224) irq50_pending=false irq50_enabled=true irq50_prio=0 irq67_pending=true irq67_enabled=true irq67_prio=224 selected=None
[clk=00465693 pc=0x0815bd10] DEBUG NVIC arb basepri=0x00 active_prio=Some(224) irq50_pending=false irq50_enabled=true irq50_prio=0 irq67_pending=true irq67_enabled=true irq67_prio=224 selected=None
[clk=00465694 pc=0x0815bd14] DEBUG NVIC arb basepri=0x00 active_prio=Some(224) irq50_pending=false irq50_enabled=true irq50_prio=0 irq67_pending=true irq67_enabled=true irq67_prio=224 selected=None
[clk=00465695 pc=0x0815bd22] DEBUG NVIC arb basepri=0x00 active_prio=Some(224) irq50_pending=false irq50_enabled=true irq50_prio=0 irq67_pending=true irq67_enabled=true irq67_prio=224 selected=None
[clk=00465696 pc=0x0815beb8] DEBUG NVIC arb basepri=0x00 active_prio=Some(224) irq50_pending=false irq50_enabled=true irq50_prio=0 irq67_pending=true irq67_enabled=true irq67_prio=224 selected=None
[clk=00465697 pc=0x0815bde8] DEBUG NVIC arb basepri=0x00 active_prio=Some(224) irq50_pending=false irq50_enabled=true irq50_prio=0 irq67_pending=true irq67_enabled=true irq67_prio=224 selected=None
[clk=00465698 pc=0x0815bdec] DEBUG NVIC arb basepri=0x00 active_prio=Some(224) irq50_pending=false irq50_enabled=true irq50_prio=0 irq67_pending=true irq67_enabled=true irq67_prio=224 selected=None
[clk=00465699 pc=0x0815bdee] DEBUG NVIC arb basepri=0x00 active_prio=Some(224) irq50_pending=false irq50_enabled=true irq50_prio=0 irq67_pending=true irq67_enabled=true irq67_prio=224 selected=None
[clk=00465700 pc=0x0815bdf2] DEBUG NVIC arb basepri=0x00 active_prio=Some(224) irq50_pending=false irq50_enabled=true irq50_prio=0 irq67_pending=true irq67_enabled=true irq67_prio=224 selected=None
[clk=00465701 pc=0x0815bdf4] DEBUG NVIC arb basepri=0x00 active_prio=Some(224) irq50_pending=false irq50_enabled=true irq50_prio=0 irq67_pending=true irq67_enabled=true irq67_prio=224 selected=None
[clk=00465702 pc=0x0815bdf8] DEBUG NVIC arb basepri=0x00 active_prio=Some(224) irq50_pending=false irq50_enabled=true irq50_prio=0 irq67_pending=true irq67_enabled=true irq67_prio=224 selected=None
[clk=00465703 pc=0x0815bdfa] DEBUG NVIC arb basepri=0x00 active_prio=Some(224) irq50_pending=false irq50_enabled=true irq50_prio=0 irq67_pending=true irq67_enabled=true irq67_prio=224 selected=None
[clk=00465704 pc=0x0815bee0] DEBUG NVIC arb basepri=0x00 active_prio=Some(224) irq50_pending=false irq50_enabled=true irq50_prio=0 irq67_pending=true irq67_enabled=true irq67_prio=224 selected=None
[clk=00465705 pc=0x08154d04] DEBUG NVIC arb basepri=0x00 active_prio=Some(224) irq50_pending=false irq50_enabled=true irq50_prio=0 irq67_pending=true irq67_enabled=true irq67_prio=224 selected=None
[clk=00465706 pc=0x08154d06] DEBUG NVIC arb basepri=0x00 active_prio=Some(224) irq50_pending=false irq50_enabled=true irq50_prio=0 irq67_pending=true irq67_enabled=true irq67_prio=224 selected=None
[clk=00465707 pc=0x08154d0a] DEBUG NVIC arb basepri=0x30 active_prio=Some(224) irq50_pending=false irq50_enabled=true irq50_prio=0 irq67_pending=true irq67_enabled=true irq67_prio=224 selected=None
[clk=00465708 pc=0x08154d0c] DEBUG NVIC arb basepri=0x30 active_prio=Some(224) irq50_pending=false irq50_enabled=true irq50_prio=0 irq67_pending=true irq67_enabled=true irq67_prio=224 selected=None
[clk=00465709 pc=0x08154d0e] DEBUG NVIC arb basepri=0x30 active_prio=Some(224) irq50_pending=false irq50_enabled=true irq50_prio=0 irq67_pending=true irq67_enabled=true irq67_prio=224 selected=None
[clk=00465710 pc=0x08154d12] DEBUG NVIC arb basepri=0x30 active_prio=Some(224) irq50_pending=false irq50_enabled=true irq50_prio=0 irq67_pending=true irq67_enabled=true irq67_prio=224 selected=None
[clk=00465711 pc=0x08154d14] DEBUG NVIC arb basepri=0x30 active_prio=Some(224) irq50_pending=false irq50_enabled=true irq50_prio=0 irq67_pending=true irq67_enabled=true irq67_prio=224 selected=None
[clk=00465712 pc=0x08154d16] DEBUG NVIC arb basepri=0x30 active_prio=Some(224) irq50_pending=false irq50_enabled=true irq50_prio=0 irq67_pending=true irq67_enabled=true irq67_prio=224 selected=None
[clk=00465713 pc=0x08154d1a] DEBUG NVIC arb basepri=0x00 active_prio=Some(224) irq50_pending=false irq50_enabled=true irq50_prio=0 irq67_pending=true irq67_enabled=true irq67_prio=224 selected=None
[clk=00465714 pc=0x0815bee4] DEBUG NVIC arb basepri=0x00 active_prio=Some(224) irq50_pending=false irq50_enabled=true irq50_prio=0 irq67_pending=true irq67_enabled=true irq67_prio=224 selected=None
[clk=00465714 pc=0x0815bee4] DEBUG NVIC arb basepri=0x00 active_prio=None irq50_pending=false irq50_enabled=true irq50_prio=0 irq67_pending=true irq67_enabled=true irq67_prio=224 selected=Some(67)
[clk=00465714 pc=0x0815bee4] DEBUG EMULATOR exception_return: dispatching IRQ 67 (chain_idx=0)
[clk=00465714 pc=0x0815bee4] DEBUG NVIC dispatching IRQ 67 vector=0x815bed9
[clk=00465715 pc=0x0815bed8] DEBUG NVIC arb basepri=0x00 active_prio=Some(224) irq50_pending=false irq50_enabled=true irq50_prio=0 irq67_pending=true irq67_enabled=true irq67_prio=224 selected=None
[clk=00465716 pc=0x0815beda] DEBUG NVIC arb basepri=0x00 active_prio=Some(224) irq50_pending=false irq50_enabled=true irq50_prio=0 irq67_pending=true irq67_enabled=true irq67_prio=224 selected=None
[clk=00465717 pc=0x0815bedc] DEBUG NVIC arb basepri=0x00 active_prio=Some(224) irq50_pending=false irq50_enabled=true irq50_prio=0 irq67_pending=true irq67_enabled=true irq67_prio=224 selected=None
[clk=00465718 pc=0x0815bd50] DEBUG NVIC arb basepri=0x00 active_prio=Some(224) irq50_pending=false irq50_enabled=true irq50_prio=0 irq67_pending=true irq67_enabled=true irq67_prio=224 selected=None
[clk=00465719 pc=0x0815bd52] DEBUG NVIC arb basepri=0x00 active_prio=Some(224) irq50_pending=false irq50_enabled=true irq50_prio=0 irq67_pending=true irq67_enabled=true irq67_prio=224 selected=None
[clk=00465720 pc=0x0815bd54] DEBUG NVIC arb basepri=0x00 active_prio=Some(224) irq50_pending=false irq50_enabled=true irq50_prio=0 irq67_pending=true irq67_enabled=true irq67_prio=224 selected=None
[clk=00465721 pc=0x0815bd56] DEBUG NVIC arb basepri=0x00 active_prio=Some(224) irq50_pending=false irq50_enabled=true irq50_prio=0 irq67_pending=true irq67_enabled=true irq67_prio=224 selected=None
[clk=00465722 pc=0x0815bd58] DEBUG NVIC arb basepri=0x00 active_prio=Some(224) irq50_pending=false irq50_enabled=true irq50_prio=0 irq67_pending=true irq67_enabled=true irq67_prio=224 selected=None
[clk=00465723 pc=0x0815bd5a] DEBUG NVIC arb basepri=0x00 active_prio=Some(224) irq50_pending=false irq50_enabled=true irq50_prio=0 irq67_pending=true irq67_enabled=true irq67_prio=224 selected=None
[clk=00465724 pc=0x0815bd5c] DEBUG NVIC arb basepri=0x00 active_prio=Some(224) irq50_pending=false irq50_enabled=true irq50_prio=0 irq67_pending=true irq67_enabled=true irq67_prio=224 selected=None
[clk=00465725 pc=0x0815bd5e] DEBUG NVIC arb basepri=0x00 active_prio=Some(224) irq50_pending=false irq50_enabled=true irq50_prio=0 irq67_pending=true irq67_enabled=true irq67_prio=224 selected=None
[clk=00465726 pc=0x0815bd62] DEBUG NVIC arb basepri=0x00 active_prio=Some(224) irq50_pending=false irq50_enabled=true irq50_prio=0 irq67_pending=true irq67_enabled=true irq67_prio=224 selected=None
[clk=00465727 pc=0x0815bd64] DEBUG NVIC arb basepri=0x00 active_prio=Some(224) irq50_pending=false irq50_enabled=true irq50_prio=0 irq67_pending=true irq67_enabled=true irq67_prio=224 selected=None
[clk=00465728 pc=0x0815bd66] DEBUG NVIC arb basepri=0x00 active_prio=Some(224) irq50_pending=false irq50_enabled=true irq50_prio=0 irq67_pending=true irq67_enabled=true irq67_prio=224 selected=None
[clk=00465729 pc=0x0815bd68] DEBUG NVIC arb basepri=0x00 active_prio=Some(224) irq50_pending=false irq50_enabled=true irq50_prio=0 irq67_pending=true irq67_enabled=true irq67_prio=224 selected=None
[clk=00465730 pc=0x0815bd6c] DEBUG NVIC arb basepri=0x00 active_prio=Some(224) irq50_pending=false irq50_enabled=true irq50_prio=0 irq67_pending=true irq67_enabled=true irq67_prio=224 selected=None
[clk=00465731 pc=0x0815bd6e] DEBUG NVIC arb basepri=0x00 active_prio=Some(224) irq50_pending=false irq50_enabled=true irq50_prio=0 irq67_pending=true irq67_enabled=true irq67_prio=224 selected=None
[clk=00465732 pc=0x0815bd72] DEBUG NVIC arb basepri=0x00 active_prio=Some(224) irq50_pending=false irq50_enabled=true irq50_prio=0 irq67_pending=true irq67_enabled=true irq67_prio=224 selected=None
[clk=00465733 pc=0x0815bd8a] DEBUG NVIC arb basepri=0x00 active_prio=Some(224) irq50_pending=false irq50_enabled=true irq50_prio=0 irq67_pending=true irq67_enabled=true irq67_prio=224 selected=None
[clk=00465734 pc=0x0815bd8e] DEBUG NVIC arb basepri=0x00 active_prio=Some(224) irq50_pending=false irq50_enabled=true irq50_prio=0 irq67_pending=true irq67_enabled=true irq67_prio=224 selected=None
[clk=00465735 pc=0x0815bda8] DEBUG NVIC arb basepri=0x00 active_prio=Some(224) irq50_pending=false irq50_enabled=true irq50_prio=0 irq67_pending=true irq67_enabled=true irq67_prio=224 selected=None
[clk=00465736 pc=0x0815bdac] DEBUG NVIC arb basepri=0x00 active_prio=Some(224) irq50_pending=false irq50_enabled=true irq50_prio=0 irq67_pending=true irq67_enabled=true irq67_prio=224 selected=None
[clk=00465737 pc=0x0815bdae] DEBUG NVIC arb basepri=0x00 active_prio=Some(224) irq50_pending=false irq50_enabled=true irq50_prio=0 irq67_pending=true irq67_enabled=true irq67_prio=224 selected=None
[clk=00465738 pc=0x0815bdb2] DEBUG NVIC arb basepri=0x00 active_prio=Some(224) irq50_pending=false irq50_enabled=true irq50_prio=0 irq67_pending=true irq67_enabled=true irq67_prio=224 selected=None
[clk=00465739 pc=0x0815bdb4] DEBUG NVIC arb basepri=0x00 active_prio=Some(224) irq50_pending=false irq50_enabled=true irq50_prio=0 irq67_pending=true irq67_enabled=true irq67_prio=224 selected=None
[clk=00465740 pc=0x0815bdb8] DEBUG NVIC arb basepri=0x00 active_prio=Some(224) irq50_pending=false irq50_enabled=true irq50_prio=0 irq67_pending=true irq67_enabled=true irq67_prio=224 selected=None
[clk=00465741 pc=0x0815be80] DEBUG NVIC arb basepri=0x00 active_prio=Some(224) irq50_pending=false irq50_enabled=true irq50_prio=0 irq67_pending=true irq67_enabled=true irq67_prio=224 selected=None
[clk=00465742 pc=0x0815be82] DEBUG NVIC arb basepri=0x00 active_prio=Some(224) irq50_pending=false irq50_enabled=true irq50_prio=0 irq67_pending=true irq67_enabled=true irq67_prio=224 selected=None
[clk=00465743 pc=0x0815b56c] DEBUG NVIC arb basepri=0x00 active_prio=Some(224) irq50_pending=false irq50_enabled=true irq50_prio=0 irq67_pending=true irq67_enabled=true irq67_prio=224 selected=None
[clk=00465744 pc=0x0815b56e] DEBUG NVIC arb basepri=0x00 active_prio=Some(224) irq50_pending=false irq50_enabled=true irq50_prio=0 irq67_pending=true irq67_enabled=true irq67_prio=224 selected=None
[clk=00465745 pc=0x0815b570] DEBUG NVIC arb basepri=0x00 active_prio=Some(224) irq50_pending=false irq50_enabled=true irq50_prio=0 irq67_pending=true irq67_enabled=true irq67_prio=224 selected=None
[clk=00465745 pc=0x0815b570] DEBUG OTG_FS GRXSTSP pop at 0x020 state_after=StupPending result=0x00080000
[clk=00465746 pc=0x0815b572] INFO  OTG_FS: StupPending fires → DOEPINT STUP (enum_stage=DeliverGetLineCoding)
[clk=00465746 pc=0x0815b572] DEBUG NVIC arb basepri=0x00 active_prio=Some(224) irq50_pending=false irq50_enabled=true irq50_prio=0 irq67_pending=true irq67_enabled=true irq67_prio=224 selected=None
[clk=00465747 pc=0x0815b576] DEBUG NVIC arb basepri=0x00 active_prio=Some(224) irq50_pending=false irq50_enabled=true irq50_prio=0 irq67_pending=true irq67_enabled=true irq67_prio=224 selected=None
[clk=00465748 pc=0x0815b57a] DEBUG NVIC arb basepri=0x00 active_prio=Some(224) irq50_pending=false irq50_enabled=true irq50_prio=0 irq67_pending=true irq67_enabled=true irq67_prio=224 selected=None
[clk=00465749 pc=0x0815b57e] DEBUG NVIC arb basepri=0x00 active_prio=Some(224) irq50_pending=false irq50_enabled=true irq50_prio=0 irq67_pending=true irq67_enabled=true irq67_prio=224 selected=None
[clk=00465750 pc=0x0815b582] DEBUG NVIC arb basepri=0x00 active_prio=Some(224) irq50_pending=false irq50_enabled=true irq50_prio=0 irq67_pending=true irq67_enabled=true irq67_prio=224 selected=None
[clk=00465751 pc=0x0815b584] DEBUG NVIC arb basepri=0x00 active_prio=Some(224) irq50_pending=false irq50_enabled=true irq50_prio=0 irq67_pending=true irq67_enabled=true irq67_prio=224 selected=None
[clk=00465752 pc=0x0815b588] DEBUG NVIC arb basepri=0x00 active_prio=Some(224) irq50_pending=false irq50_enabled=true irq50_prio=0 irq67_pending=true irq67_enabled=true irq67_prio=224 selected=None
[clk=00465753 pc=0x0815b5a0] DEBUG NVIC arb basepri=0x00 active_prio=Some(224) irq50_pending=false irq50_enabled=true irq50_prio=0 irq67_pending=true irq67_enabled=true irq67_prio=224 selected=None
[clk=00465754 pc=0x0815be86] DEBUG NVIC arb basepri=0x00 active_prio=Some(224) irq50_pending=false irq50_enabled=true irq50_prio=0 irq67_pending=true irq67_enabled=true irq67_prio=224 selected=None
[clk=00465755 pc=0x0815bdba] DEBUG NVIC arb basepri=0x00 active_prio=Some(224) irq50_pending=false irq50_enabled=true irq50_prio=0 irq67_pending=true irq67_enabled=true irq67_prio=224 selected=None
[clk=00465756 pc=0x0815bdbe] DEBUG NVIC arb basepri=0x00 active_prio=Some(224) irq50_pending=false irq50_enabled=true irq50_prio=0 irq67_pending=true irq67_enabled=true irq67_prio=224 selected=None
[clk=00465757 pc=0x0815bdc2] DEBUG NVIC arb basepri=0x00 active_prio=Some(224) irq50_pending=false irq50_enabled=true irq50_prio=0 irq67_pending=true irq67_enabled=true irq67_prio=224 selected=None
[clk=00465758 pc=0x0815bddc] DEBUG NVIC arb basepri=0x00 active_prio=Some(224) irq50_pending=false irq50_enabled=true irq50_prio=0 irq67_pending=true irq67_enabled=true irq67_prio=224 selected=None
[clk=00465759 pc=0x0815bde0] DEBUG NVIC arb basepri=0x00 active_prio=Some(224) irq50_pending=false irq50_enabled=true irq50_prio=0 irq67_pending=true irq67_enabled=true irq67_prio=224 selected=None
[clk=00465760 pc=0x0815bdfa] DEBUG NVIC arb basepri=0x00 active_prio=Some(224) irq50_pending=false irq50_enabled=true irq50_prio=0 irq67_pending=true irq67_enabled=true irq67_prio=224 selected=None
[clk=00465761 pc=0x0815bee0] DEBUG NVIC arb basepri=0x00 active_prio=Some(224) irq50_pending=false irq50_enabled=true irq50_prio=0 irq67_pending=true irq67_enabled=true irq67_prio=224 selected=None
[clk=00465762 pc=0x08154d04] DEBUG NVIC arb basepri=0x00 active_prio=Some(224) irq50_pending=false irq50_enabled=true irq50_prio=0 irq67_pending=true irq67_enabled=true irq67_prio=224 selected=None
[clk=00465763 pc=0x08154d06] DEBUG NVIC arb basepri=0x00 active_prio=Some(224) irq50_pending=false irq50_enabled=true irq50_prio=0 irq67_pending=true irq67_enabled=true irq67_prio=224 selected=None
[clk=00465764 pc=0x08154d0a] DEBUG NVIC arb basepri=0x30 active_prio=Some(224) irq50_pending=false irq50_enabled=true irq50_prio=0 irq67_pending=true irq67_enabled=true irq67_prio=224 selected=None
[clk=00465765 pc=0x08154d0c] DEBUG NVIC arb basepri=0x30 active_prio=Some(224) irq50_pending=false irq50_enabled=true irq50_prio=0 irq67_pending=true irq67_enabled=true irq67_prio=224 selected=None
[clk=00465766 pc=0x08154d0e] DEBUG NVIC arb basepri=0x30 active_prio=Some(224) irq50_pending=false irq50_enabled=true irq50_prio=0 irq67_pending=true irq67_enabled=true irq67_prio=224 selected=None
[clk=00465767 pc=0x08154d12] DEBUG NVIC arb basepri=0x30 active_prio=Some(224) irq50_pending=false irq50_enabled=true irq50_prio=0 irq67_pending=true irq67_enabled=true irq67_prio=224 selected=None
[clk=00465768 pc=0x08154d14] DEBUG NVIC arb basepri=0x30 active_prio=Some(224) irq50_pending=false irq50_enabled=true irq50_prio=0 irq67_pending=true irq67_enabled=true irq67_prio=224 selected=None
[clk=00465769 pc=0x08154d16] DEBUG NVIC arb basepri=0x30 active_prio=Some(224) irq50_pending=false irq50_enabled=true irq50_prio=0 irq67_pending=true irq67_enabled=true irq67_prio=224 selected=None
[clk=00465770 pc=0x08154d1a] DEBUG NVIC arb basepri=0x00 active_prio=Some(224) irq50_pending=false irq50_enabled=true irq50_prio=0 irq67_pending=true irq67_enabled=true irq67_prio=224 selected=None
[clk=00465771 pc=0x0815bee4] DEBUG NVIC arb basepri=0x00 active_prio=Some(224) irq50_pending=false irq50_enabled=true irq50_prio=0 irq67_pending=true irq67_enabled=true irq67_prio=224 selected=None
[clk=00465771 pc=0x0815bee4] DEBUG NVIC arb basepri=0x00 active_prio=None irq50_pending=false irq50_enabled=true irq50_prio=0 irq67_pending=true irq67_enabled=true irq67_prio=224 selected=Some(67)
[clk=00465771 pc=0x0815bee4] DEBUG EMULATOR exception_return: dispatching IRQ 67 (chain_idx=0)
[clk=00465771 pc=0x0815bee4] DEBUG NVIC dispatching IRQ 67 vector=0x815bed9
[clk=00465950 pc=0x0815bc4a] INFO  OTG_FS: EP0 IN ZLP XFRC (enum_stage=DeliverGetLineCoding diepctl0=0x80208040)
[clk=00465950 pc=0x0815bc4a] INFO  OTG_FS: GetLineCoding data done → DeliverSetLineCoding
[clk=00465950 pc=0x0815bc4a] DEBUG NVIC arb basepri=0x30 active_prio=Some(224) irq50_pending=false irq50_enabled=true irq50_prio=0 irq67_pending=true irq67_enabled=true irq67_prio=224 selected=None
[clk=00465951 pc=0x0815bc4c] INFO  OTG_FS: delivering SetLineCoding SETUP packet to EP0
[clk=00465951 pc=0x0815bc4c] DEBUG NVIC arb basepri=0x30 active_prio=Some(224) irq50_pending=false irq50_enabled=true irq50_prio=0 irq67_pending=true irq67_enabled=true irq67_prio=224 selected=None
[clk=00465952 pc=0x0815bc50] DEBUG NVIC arb basepri=0x30 active_prio=Some(224) irq50_pending=false irq50_enabled=true irq50_prio=0 irq67_pending=true irq67_enabled=true irq67_prio=224 selected=None
[clk=00465953 pc=0x0815bc52] DEBUG NVIC arb basepri=0x30 active_prio=Some(224) irq50_pending=false irq50_enabled=true irq50_prio=0 irq67_pending=true irq67_enabled=true irq67_prio=224 selected=None
[clk=00465954 pc=0x0815bc56] DEBUG NVIC arb basepri=0x30 active_prio=Some(224) irq50_pending=false irq50_enabled=true irq50_prio=0 irq67_pending=true irq67_enabled=true irq67_prio=224 selected=None
[clk=00465955 pc=0x0815bc58] DEBUG NVIC arb basepri=0x30 active_prio=Some(224) irq50_pending=false irq50_enabled=true irq50_prio=0 irq67_pending=true irq67_enabled=true irq67_prio=224 selected=None
[clk=00465956 pc=0x0815bc5c] DEBUG NVIC arb basepri=0x30 active_prio=Some(224) irq50_pending=false irq50_enabled=true irq50_prio=0 irq67_pending=true irq67_enabled=true irq67_prio=224 selected=None
[clk=00465957 pc=0x0815bc60] DEBUG NVIC arb basepri=0x30 active_prio=Some(224) irq50_pending=false irq50_enabled=true irq50_prio=0 irq67_pending=true irq67_enabled=true irq67_prio=224 selected=None
[clk=00465958 pc=0x08158d88] DEBUG NVIC arb basepri=0x30 active_prio=Some(224) irq50_pending=false irq50_enabled=true irq50_prio=0 irq67_pending=true irq67_enabled=true irq67_prio=224 selected=None
[clk=00465959 pc=0x08158ed2] DEBUG NVIC arb basepri=0x30 active_prio=Some(224) irq50_pending=false irq50_enabled=true irq50_prio=0 irq67_pending=true irq67_enabled=true irq67_prio=224 selected=None
[clk=00465960 pc=0x08158ed4] DEBUG NVIC arb basepri=0x30 active_prio=Some(224) irq50_pending=false irq50_enabled=true irq50_prio=0 irq67_pending=true irq67_enabled=true irq67_prio=224 selected=None
[clk=00465961 pc=0x08158ed8] DEBUG NVIC arb basepri=0x00 active_prio=Some(224) irq50_pending=false irq50_enabled=true irq50_prio=0 irq67_pending=true irq67_enabled=true irq67_prio=224 selected=None
[clk=00465962 pc=0x08158eb4] DEBUG NVIC arb basepri=0x00 active_prio=Some(224) irq50_pending=false irq50_enabled=true irq50_prio=0 irq67_pending=true irq67_enabled=true irq67_prio=224 selected=None
[clk=00465963 pc=0x0815bba0] DEBUG NVIC arb basepri=0x00 active_prio=Some(224) irq50_pending=false irq50_enabled=true irq50_prio=0 irq67_pending=true irq67_enabled=true irq67_prio=224 selected=None
[clk=00465964 pc=0x0815bba4] DEBUG NVIC arb basepri=0x00 active_prio=Some(224) irq50_pending=false irq50_enabled=true irq50_prio=0 irq67_pending=true irq67_enabled=true irq67_prio=224 selected=None
[clk=00465965 pc=0x0815bbea] DEBUG NVIC arb basepri=0x00 active_prio=Some(224) irq50_pending=false irq50_enabled=true irq50_prio=0 irq67_pending=true irq67_enabled=true irq67_prio=224 selected=None
[clk=00465966 pc=0x0815be90] DEBUG NVIC arb basepri=0x00 active_prio=Some(224) irq50_pending=false irq50_enabled=true irq50_prio=0 irq67_pending=true irq67_enabled=true irq67_prio=224 selected=None
[clk=00465967 pc=0x0815bdca] DEBUG NVIC arb basepri=0x00 active_prio=Some(224) irq50_pending=false irq50_enabled=true irq50_prio=0 irq67_pending=true irq67_enabled=true irq67_prio=224 selected=None
[clk=00465968 pc=0x0815bdce] DEBUG NVIC arb basepri=0x00 active_prio=Some(224) irq50_pending=false irq50_enabled=true irq50_prio=0 irq67_pending=true irq67_enabled=true irq67_prio=224 selected=None
[clk=00465969 pc=0x0815bdd0] DEBUG NVIC arb basepri=0x00 active_prio=Some(224) irq50_pending=false irq50_enabled=true irq50_prio=0 irq67_pending=true irq67_enabled=true irq67_prio=224 selected=None
[clk=00465970 pc=0x0815bdd4] DEBUG NVIC arb basepri=0x00 active_prio=Some(224) irq50_pending=false irq50_enabled=true irq50_prio=0 irq67_pending=true irq67_enabled=true irq67_prio=224 selected=None
[clk=00465971 pc=0x0815bdd6] DEBUG NVIC arb basepri=0x00 active_prio=Some(224) irq50_pending=false irq50_enabled=true irq50_prio=0 irq67_pending=true irq67_enabled=true irq67_prio=224 selected=None
[clk=00465972 pc=0x0815bdda] DEBUG NVIC arb basepri=0x00 active_prio=Some(224) irq50_pending=false irq50_enabled=true irq50_prio=0 irq67_pending=true irq67_enabled=true irq67_prio=224 selected=None
[clk=00465973 pc=0x0815bddc] DEBUG NVIC arb basepri=0x00 active_prio=Some(224) irq50_pending=false irq50_enabled=true irq50_prio=0 irq67_pending=true irq67_enabled=true irq67_prio=224 selected=None
[clk=00465974 pc=0x0815bde0] DEBUG NVIC arb basepri=0x00 active_prio=Some(224) irq50_pending=false irq50_enabled=true irq50_prio=0 irq67_pending=true irq67_enabled=true irq67_prio=224 selected=None
[clk=00465975 pc=0x0815bdfa] DEBUG NVIC arb basepri=0x00 active_prio=Some(224) irq50_pending=false irq50_enabled=true irq50_prio=0 irq67_pending=true irq67_enabled=true irq67_prio=224 selected=None
[clk=00465976 pc=0x0815bee0] DEBUG NVIC arb basepri=0x00 active_prio=Some(224) irq50_pending=false irq50_enabled=true irq50_prio=0 irq67_pending=true irq67_enabled=true irq67_prio=224 selected=None
[clk=00465977 pc=0x08154d04] DEBUG NVIC arb basepri=0x00 active_prio=Some(224) irq50_pending=false irq50_enabled=true irq50_prio=0 irq67_pending=true irq67_enabled=true irq67_prio=224 selected=None
[clk=00465978 pc=0x08154d06] DEBUG NVIC arb basepri=0x00 active_prio=Some(224) irq50_pending=false irq50_enabled=true irq50_prio=0 irq67_pending=true irq67_enabled=true irq67_prio=224 selected=None
[clk=00465979 pc=0x08154d0a] DEBUG NVIC arb basepri=0x30 active_prio=Some(224) irq50_pending=false irq50_enabled=true irq50_prio=0 irq67_pending=true irq67_enabled=true irq67_prio=224 selected=None
[clk=00465980 pc=0x08154d0c] DEBUG NVIC arb basepri=0x30 active_prio=Some(224) irq50_pending=false irq50_enabled=true irq50_prio=0 irq67_pending=true irq67_enabled=true irq67_prio=224 selected=None
[clk=00465981 pc=0x08154d0e] DEBUG NVIC arb basepri=0x30 active_prio=Some(224) irq50_pending=false irq50_enabled=true irq50_prio=0 irq67_pending=true irq67_enabled=true irq67_prio=224 selected=None
[clk=00465982 pc=0x08154d12] DEBUG NVIC arb basepri=0x30 active_prio=Some(224) irq50_pending=false irq50_enabled=true irq50_prio=0 irq67_pending=true irq67_enabled=true irq67_prio=224 selected=None
[clk=00465983 pc=0x08154d14] DEBUG NVIC arb basepri=0x30 active_prio=Some(224) irq50_pending=false irq50_enabled=true irq50_prio=0 irq67_pending=true irq67_enabled=true irq67_prio=224 selected=None
[clk=00465984 pc=0x08154d16] DEBUG NVIC arb basepri=0x30 active_prio=Some(224) irq50_pending=false irq50_enabled=true irq50_prio=0 irq67_pending=true irq67_enabled=true irq67_prio=224 selected=None
[clk=00465985 pc=0x08154d1a] DEBUG NVIC arb basepri=0x00 active_prio=Some(224) irq50_pending=false irq50_enabled=true irq50_prio=0 irq67_pending=true irq67_enabled=true irq67_prio=224 selected=None
[clk=00465986 pc=0x0815bee4] DEBUG NVIC arb basepri=0x00 active_prio=Some(224) irq50_pending=false irq50_enabled=true irq50_prio=0 irq67_pending=true irq67_enabled=true irq67_prio=224 selected=None
[clk=00465986 pc=0x0815bee4] DEBUG NVIC arb basepri=0x00 active_prio=None irq50_pending=false irq50_enabled=true irq50_prio=0 irq67_pending=true irq67_enabled=true irq67_prio=224 selected=Some(67)
[clk=00465986 pc=0x0815bee4] DEBUG EMULATOR exception_return: dispatching IRQ 67 (chain_idx=0)
[clk=00465986 pc=0x0815bee4] DEBUG NVIC dispatching IRQ 67 vector=0x815bed9
[clk=00466017 pc=0x0815b570] DEBUG OTG_FS GRXSTSP pop at 0x020 state_after=RxFlvlFifoPending result=0x000c0080
[clk=00466041 pc=0x0815b558] DEBUG OTG_FS FIFO read idx=0 word=0x00002021 state_after=RxFlvlFifoPending
[clk=00466082 pc=0x0815b558] DEBUG OTG_FS FIFO read idx=1 word=0x00070000 state_after=RxFlvlFifoPending
[clk=00466083 pc=0x0815b55a] DEBUG NVIC arb basepri=0x00 active_prio=Some(224) irq50_pending=false irq50_enabled=true irq50_prio=0 irq67_pending=true irq67_enabled=true irq67_prio=224 selected=None
[clk=00466084 pc=0x0815b55c] DEBUG NVIC arb basepri=0x00 active_prio=Some(224) irq50_pending=false irq50_enabled=true irq50_prio=0 irq67_pending=true irq67_enabled=true irq67_prio=224 selected=None
[clk=00466085 pc=0x0815b55e] DEBUG NVIC arb basepri=0x00 active_prio=Some(224) irq50_pending=false irq50_enabled=true irq50_prio=0 irq67_pending=true irq67_enabled=true irq67_prio=224 selected=None
[clk=00466086 pc=0x0815b562] DEBUG NVIC arb basepri=0x00 active_prio=Some(224) irq50_pending=false irq50_enabled=true irq50_prio=0 irq67_pending=true irq67_enabled=true irq67_prio=224 selected=None
[clk=00466087 pc=0x0815b564] DEBUG NVIC arb basepri=0x00 active_prio=Some(224) irq50_pending=false irq50_enabled=true irq50_prio=0 irq67_pending=true irq67_enabled=true irq67_prio=224 selected=None
[clk=00466088 pc=0x0815b54a] DEBUG NVIC arb basepri=0x00 active_prio=Some(224) irq50_pending=false irq50_enabled=true irq50_prio=0 irq67_pending=true irq67_enabled=true irq67_prio=224 selected=None
[clk=00466089 pc=0x0815b54e] DEBUG NVIC arb basepri=0x00 active_prio=Some(224) irq50_pending=false irq50_enabled=true irq50_prio=0 irq67_pending=true irq67_enabled=true irq67_prio=224 selected=None
[clk=00466090 pc=0x0815b550] DEBUG NVIC arb basepri=0x00 active_prio=Some(224) irq50_pending=false irq50_enabled=true irq50_prio=0 irq67_pending=true irq67_enabled=true irq67_prio=224 selected=None
[clk=00466091 pc=0x0815b552] DEBUG NVIC arb basepri=0x00 active_prio=Some(224) irq50_pending=false irq50_enabled=true irq50_prio=0 irq67_pending=true irq67_enabled=true irq67_prio=224 selected=None
[clk=00466092 pc=0x0815b556] DEBUG NVIC arb basepri=0x00 active_prio=Some(224) irq50_pending=false irq50_enabled=true irq50_prio=0 irq67_pending=true irq67_enabled=true irq67_prio=224 selected=None
[clk=00466093 pc=0x0815b55a] DEBUG NVIC arb basepri=0x00 active_prio=Some(224) irq50_pending=false irq50_enabled=true irq50_prio=0 irq67_pending=true irq67_enabled=true irq67_prio=224 selected=None
[clk=00466094 pc=0x0815b55c] DEBUG NVIC arb basepri=0x00 active_prio=Some(224) irq50_pending=false irq50_enabled=true irq50_prio=0 irq67_pending=true irq67_enabled=true irq67_prio=224 selected=None
[clk=00466095 pc=0x0815b55e] DEBUG NVIC arb basepri=0x00 active_prio=Some(224) irq50_pending=false irq50_enabled=true irq50_prio=0 irq67_pending=true irq67_enabled=true irq67_prio=224 selected=None
[clk=00466096 pc=0x0815b562] DEBUG NVIC arb basepri=0x00 active_prio=Some(224) irq50_pending=false irq50_enabled=true irq50_prio=0 irq67_pending=true irq67_enabled=true irq67_prio=224 selected=None
[clk=00466097 pc=0x0815b564] DEBUG NVIC arb basepri=0x00 active_prio=Some(224) irq50_pending=false irq50_enabled=true irq50_prio=0 irq67_pending=true irq67_enabled=true irq67_prio=224 selected=None
[clk=00466098 pc=0x0815b54a] DEBUG NVIC arb basepri=0x00 active_prio=Some(224) irq50_pending=false irq50_enabled=true irq50_prio=0 irq67_pending=true irq67_enabled=true irq67_prio=224 selected=None
[clk=00466099 pc=0x0815b54e] DEBUG NVIC arb basepri=0x00 active_prio=Some(224) irq50_pending=false irq50_enabled=true irq50_prio=0 irq67_pending=true irq67_enabled=true irq67_prio=224 selected=None
[clk=00466100 pc=0x0815b550] DEBUG NVIC arb basepri=0x00 active_prio=Some(224) irq50_pending=false irq50_enabled=true irq50_prio=0 irq67_pending=true irq67_enabled=true irq67_prio=224 selected=None
[clk=00466101 pc=0x0815b552] DEBUG NVIC arb basepri=0x00 active_prio=Some(224) irq50_pending=false irq50_enabled=true irq50_prio=0 irq67_pending=true irq67_enabled=true irq67_prio=224 selected=None
[clk=00466102 pc=0x0815b556] DEBUG NVIC arb basepri=0x00 active_prio=Some(224) irq50_pending=false irq50_enabled=true irq50_prio=0 irq67_pending=true irq67_enabled=true irq67_prio=224 selected=None
[clk=00466103 pc=0x0815b55a] DEBUG NVIC arb basepri=0x00 active_prio=Some(224) irq50_pending=false irq50_enabled=true irq50_prio=0 irq67_pending=true irq67_enabled=true irq67_prio=224 selected=None
[clk=00466104 pc=0x0815b55c] DEBUG NVIC arb basepri=0x00 active_prio=Some(224) irq50_pending=false irq50_enabled=true irq50_prio=0 irq67_pending=true irq67_enabled=true irq67_prio=224 selected=None
[clk=00466105 pc=0x0815b55e] DEBUG NVIC arb basepri=0x00 active_prio=Some(224) irq50_pending=false irq50_enabled=true irq50_prio=0 irq67_pending=true irq67_enabled=true irq67_prio=224 selected=None
[clk=00466106 pc=0x0815b562] DEBUG NVIC arb basepri=0x00 active_prio=Some(224) irq50_pending=false irq50_enabled=true irq50_prio=0 irq67_pending=true irq67_enabled=true irq67_prio=224 selected=None
[clk=00466107 pc=0x0815b564] DEBUG NVIC arb basepri=0x00 active_prio=Some(224) irq50_pending=false irq50_enabled=true irq50_prio=0 irq67_pending=true irq67_enabled=true irq67_prio=224 selected=None
[clk=00466108 pc=0x0815b54a] DEBUG NVIC arb basepri=0x00 active_prio=Some(224) irq50_pending=false irq50_enabled=true irq50_prio=0 irq67_pending=true irq67_enabled=true irq67_prio=224 selected=None
[clk=00466109 pc=0x0815b54e] DEBUG NVIC arb basepri=0x00 active_prio=Some(224) irq50_pending=false irq50_enabled=true irq50_prio=0 irq67_pending=true irq67_enabled=true irq67_prio=224 selected=None
[clk=00466110 pc=0x0815b550] DEBUG NVIC arb basepri=0x00 active_prio=Some(224) irq50_pending=false irq50_enabled=true irq50_prio=0 irq67_pending=true irq67_enabled=true irq67_prio=224 selected=None
[clk=00466111 pc=0x0815b552] DEBUG NVIC arb basepri=0x00 active_prio=Some(224) irq50_pending=false irq50_enabled=true irq50_prio=0 irq67_pending=true irq67_enabled=true irq67_prio=224 selected=None
[clk=00466112 pc=0x0815b556] DEBUG NVIC arb basepri=0x00 active_prio=Some(224) irq50_pending=false irq50_enabled=true irq50_prio=0 irq67_pending=true irq67_enabled=true irq67_prio=224 selected=None
[clk=00466113 pc=0x0815b55a] DEBUG NVIC arb basepri=0x00 active_prio=Some(224) irq50_pending=false irq50_enabled=true irq50_prio=0 irq67_pending=true irq67_enabled=true irq67_prio=224 selected=None
[clk=00466114 pc=0x0815b55c] DEBUG NVIC arb basepri=0x00 active_prio=Some(224) irq50_pending=false irq50_enabled=true irq50_prio=0 irq67_pending=true irq67_enabled=true irq67_prio=224 selected=None
[clk=00466115 pc=0x0815b55e] DEBUG NVIC arb basepri=0x00 active_prio=Some(224) irq50_pending=false irq50_enabled=true irq50_prio=0 irq67_pending=true irq67_enabled=true irq67_prio=224 selected=None
[clk=00466116 pc=0x0815b562] DEBUG NVIC arb basepri=0x00 active_prio=Some(224) irq50_pending=false irq50_enabled=true irq50_prio=0 irq67_pending=true irq67_enabled=true irq67_prio=224 selected=None
[clk=00466117 pc=0x0815b564] DEBUG NVIC arb basepri=0x00 active_prio=Some(224) irq50_pending=false irq50_enabled=true irq50_prio=0 irq67_pending=true irq67_enabled=true irq67_prio=224 selected=None
[clk=00466118 pc=0x0815b54a] DEBUG NVIC arb basepri=0x00 active_prio=Some(224) irq50_pending=false irq50_enabled=true irq50_prio=0 irq67_pending=true irq67_enabled=true irq67_prio=224 selected=None
[clk=00466119 pc=0x0815b54e] DEBUG NVIC arb basepri=0x00 active_prio=Some(224) irq50_pending=false irq50_enabled=true irq50_prio=0 irq67_pending=true irq67_enabled=true irq67_prio=224 selected=None
[clk=00466120 pc=0x0815b550] DEBUG NVIC arb basepri=0x00 active_prio=Some(224) irq50_pending=false irq50_enabled=true irq50_prio=0 irq67_pending=true irq67_enabled=true irq67_prio=224 selected=None
[clk=00466121 pc=0x0815b566] DEBUG NVIC arb basepri=0x00 active_prio=Some(224) irq50_pending=false irq50_enabled=true irq50_prio=0 irq67_pending=true irq67_enabled=true irq67_prio=224 selected=None
[clk=00466122 pc=0x0815b56a] DEBUG NVIC arb basepri=0x00 active_prio=Some(224) irq50_pending=false irq50_enabled=true irq50_prio=0 irq67_pending=true irq67_enabled=true irq67_prio=224 selected=None
[clk=00466123 pc=0x0815b5a0] DEBUG NVIC arb basepri=0x00 active_prio=Some(224) irq50_pending=false irq50_enabled=true irq50_prio=0 irq67_pending=true irq67_enabled=true irq67_prio=224 selected=None
[clk=00466124 pc=0x0815be86] DEBUG NVIC arb basepri=0x00 active_prio=Some(224) irq50_pending=false irq50_enabled=true irq50_prio=0 irq67_pending=true irq67_enabled=true irq67_prio=224 selected=None
[clk=00466125 pc=0x0815bdba] DEBUG NVIC arb basepri=0x00 active_prio=Some(224) irq50_pending=false irq50_enabled=true irq50_prio=0 irq67_pending=true irq67_enabled=true irq67_prio=224 selected=None
[clk=00466126 pc=0x0815bdbe] DEBUG NVIC arb basepri=0x00 active_prio=Some(224) irq50_pending=false irq50_enabled=true irq50_prio=0 irq67_pending=true irq67_enabled=true irq67_prio=224 selected=None
[clk=00466127 pc=0x0815bdc2] DEBUG NVIC arb basepri=0x00 active_prio=Some(224) irq50_pending=false irq50_enabled=true irq50_prio=0 irq67_pending=true irq67_enabled=true irq67_prio=224 selected=None
[clk=00466128 pc=0x0815bddc] DEBUG NVIC arb basepri=0x00 active_prio=Some(224) irq50_pending=false irq50_enabled=true irq50_prio=0 irq67_pending=true irq67_enabled=true irq67_prio=224 selected=None
[clk=00466129 pc=0x0815bde0] DEBUG NVIC arb basepri=0x00 active_prio=Some(224) irq50_pending=false irq50_enabled=true irq50_prio=0 irq67_pending=true irq67_enabled=true irq67_prio=224 selected=None
[clk=00466130 pc=0x0815bde2] DEBUG NVIC arb basepri=0x00 active_prio=Some(224) irq50_pending=false irq50_enabled=true irq50_prio=0 irq67_pending=true irq67_enabled=true irq67_prio=224 selected=None
[clk=00466131 pc=0x0815bde6] DEBUG NVIC arb basepri=0x00 active_prio=Some(224) irq50_pending=false irq50_enabled=true irq50_prio=0 irq67_pending=true irq67_enabled=true irq67_prio=224 selected=None
[clk=00466132 pc=0x0815beb0] DEBUG NVIC arb basepri=0x00 active_prio=Some(224) irq50_pending=false irq50_enabled=true irq50_prio=0 irq67_pending=true irq67_enabled=true irq67_prio=224 selected=None
[clk=00466133 pc=0x0815beb2] DEBUG NVIC arb basepri=0x00 active_prio=Some(224) irq50_pending=false irq50_enabled=true irq50_prio=0 irq67_pending=true irq67_enabled=true irq67_prio=224 selected=None
[clk=00466134 pc=0x0815beb4] DEBUG NVIC arb basepri=0x00 active_prio=Some(224) irq50_pending=false irq50_enabled=true irq50_prio=0 irq67_pending=true irq67_enabled=true irq67_prio=224 selected=None
[clk=00466135 pc=0x0815bcc0] DEBUG NVIC arb basepri=0x00 active_prio=Some(224) irq50_pending=false irq50_enabled=true irq50_prio=0 irq67_pending=true irq67_enabled=true irq67_prio=224 selected=None
[clk=00466136 pc=0x0815bcc4] DEBUG NVIC arb basepri=0x00 active_prio=Some(224) irq50_pending=false irq50_enabled=true irq50_prio=0 irq67_pending=true irq67_enabled=true irq67_prio=224 selected=None
[clk=00466137 pc=0x0815bcc6] DEBUG NVIC arb basepri=0x00 active_prio=Some(224) irq50_pending=false irq50_enabled=true irq50_prio=0 irq67_pending=true irq67_enabled=true irq67_prio=224 selected=None
[clk=00466138 pc=0x0815bcc8] DEBUG NVIC arb basepri=0x00 active_prio=Some(224) irq50_pending=false irq50_enabled=true irq50_prio=0 irq67_pending=true irq67_enabled=true irq67_prio=224 selected=None
[clk=00466139 pc=0x0815bcca] DEBUG NVIC arb basepri=0x00 active_prio=Some(224) irq50_pending=false irq50_enabled=true irq50_prio=0 irq67_pending=true irq67_enabled=true irq67_prio=224 selected=None
[clk=00466140 pc=0x0815bcce] DEBUG NVIC arb basepri=0x00 active_prio=Some(224) irq50_pending=false irq50_enabled=true irq50_prio=0 irq67_pending=true irq67_enabled=true irq67_prio=224 selected=None
[clk=00466141 pc=0x0815bcd2] DEBUG NVIC arb basepri=0x00 active_prio=Some(224) irq50_pending=false irq50_enabled=true irq50_prio=0 irq67_pending=true irq67_enabled=true irq67_prio=224 selected=None
[clk=00466142 pc=0x0815bcd6] DEBUG NVIC arb basepri=0x00 active_prio=Some(224) irq50_pending=false irq50_enabled=true irq50_prio=0 irq67_pending=true irq67_enabled=true irq67_prio=224 selected=None
[clk=00466143 pc=0x0815bcda] DEBUG NVIC arb basepri=0x00 active_prio=Some(224) irq50_pending=false irq50_enabled=true irq50_prio=0 irq67_pending=true irq67_enabled=true irq67_prio=224 selected=None
[clk=00466144 pc=0x0815bcdc] DEBUG NVIC arb basepri=0x00 active_prio=Some(224) irq50_pending=false irq50_enabled=true irq50_prio=0 irq67_pending=true irq67_enabled=true irq67_prio=224 selected=None
[clk=00466145 pc=0x0815bce0] DEBUG NVIC arb basepri=0x00 active_prio=Some(224) irq50_pending=false irq50_enabled=true irq50_prio=0 irq67_pending=true irq67_enabled=true irq67_prio=224 selected=None
[clk=00466146 pc=0x0815bce4] DEBUG NVIC arb basepri=0x00 active_prio=Some(224) irq50_pending=false irq50_enabled=true irq50_prio=0 irq67_pending=true irq67_enabled=true irq67_prio=224 selected=None
[clk=00466147 pc=0x0815bce6] DEBUG NVIC arb basepri=0x00 active_prio=Some(224) irq50_pending=false irq50_enabled=true irq50_prio=0 irq67_pending=true irq67_enabled=true irq67_prio=224 selected=None
[clk=00466148 pc=0x0815bce8] DEBUG NVIC arb basepri=0x00 active_prio=Some(224) irq50_pending=false irq50_enabled=true irq50_prio=0 irq67_pending=true irq67_enabled=true irq67_prio=224 selected=None
[clk=00466149 pc=0x0815bcec] DEBUG NVIC arb basepri=0x00 active_prio=Some(224) irq50_pending=false irq50_enabled=true irq50_prio=0 irq67_pending=true irq67_enabled=true irq67_prio=224 selected=None
[clk=00466150 pc=0x0815bcee] DEBUG NVIC arb basepri=0x00 active_prio=Some(224) irq50_pending=false irq50_enabled=true irq50_prio=0 irq67_pending=true irq67_enabled=true irq67_prio=224 selected=None
[clk=00466151 pc=0x0815bcf0] DEBUG NVIC arb basepri=0x00 active_prio=Some(224) irq50_pending=false irq50_enabled=true irq50_prio=0 irq67_pending=true irq67_enabled=true irq67_prio=224 selected=None
[clk=00466152 pc=0x0815bcf2] DEBUG NVIC arb basepri=0x00 active_prio=Some(224) irq50_pending=false irq50_enabled=true irq50_prio=0 irq67_pending=true irq67_enabled=true irq67_prio=224 selected=None
[clk=00466153 pc=0x0815bcf4] DEBUG NVIC arb basepri=0x00 active_prio=Some(224) irq50_pending=false irq50_enabled=true irq50_prio=0 irq67_pending=true irq67_enabled=true irq67_prio=224 selected=None
[clk=00466154 pc=0x0815bcf6] DEBUG NVIC arb basepri=0x00 active_prio=Some(224) irq50_pending=false irq50_enabled=true irq50_prio=0 irq67_pending=true irq67_enabled=true irq67_prio=224 selected=None
[clk=00466155 pc=0x0815bcf8] DEBUG NVIC arb basepri=0x00 active_prio=Some(224) irq50_pending=false irq50_enabled=true irq50_prio=0 irq67_pending=true irq67_enabled=true irq67_prio=224 selected=None
[clk=00466156 pc=0x0815bcfa] DEBUG NVIC arb basepri=0x00 active_prio=Some(224) irq50_pending=false irq50_enabled=true irq50_prio=0 irq67_pending=true irq67_enabled=true irq67_prio=224 selected=None
[clk=00466157 pc=0x0815bcfe] DEBUG NVIC arb basepri=0x00 active_prio=Some(224) irq50_pending=false irq50_enabled=true irq50_prio=0 irq67_pending=true irq67_enabled=true irq67_prio=224 selected=None
[clk=00466158 pc=0x0815bd00] DEBUG NVIC arb basepri=0x00 active_prio=Some(224) irq50_pending=false irq50_enabled=true irq50_prio=0 irq67_pending=true irq67_enabled=true irq67_prio=224 selected=None
[clk=00466159 pc=0x0815bd04] DEBUG NVIC arb basepri=0x00 active_prio=Some(224) irq50_pending=false irq50_enabled=true irq50_prio=0 irq67_pending=true irq67_enabled=true irq67_prio=224 selected=None
[clk=00466160 pc=0x0815bd06] DEBUG NVIC arb basepri=0x00 active_prio=Some(224) irq50_pending=false irq50_enabled=true irq50_prio=0 irq67_pending=true irq67_enabled=true irq67_prio=224 selected=None
[clk=00466161 pc=0x0815bd08] DEBUG NVIC arb basepri=0x00 active_prio=Some(224) irq50_pending=false irq50_enabled=true irq50_prio=0 irq67_pending=true irq67_enabled=true irq67_prio=224 selected=None
[clk=00466162 pc=0x0815bd0a] DEBUG NVIC arb basepri=0x00 active_prio=Some(224) irq50_pending=false irq50_enabled=true irq50_prio=0 irq67_pending=true irq67_enabled=true irq67_prio=224 selected=None
[clk=00466163 pc=0x0815bd0c] DEBUG NVIC arb basepri=0x00 active_prio=Some(224) irq50_pending=false irq50_enabled=true irq50_prio=0 irq67_pending=true irq67_enabled=true irq67_prio=224 selected=None
[clk=00466164 pc=0x0815bd0e] DEBUG NVIC arb basepri=0x00 active_prio=Some(224) irq50_pending=false irq50_enabled=true irq50_prio=0 irq67_pending=true irq67_enabled=true irq67_prio=224 selected=None
[clk=00466165 pc=0x08158f1c] DEBUG NVIC arb basepri=0x00 active_prio=Some(224) irq50_pending=false irq50_enabled=true irq50_prio=0 irq67_pending=true irq67_enabled=true irq67_prio=224 selected=None
[clk=00466166 pc=0x08158f1e] DEBUG NVIC arb basepri=0x00 active_prio=Some(224) irq50_pending=false irq50_enabled=true irq50_prio=0 irq67_pending=true irq67_enabled=true irq67_prio=224 selected=None
[clk=00466167 pc=0x08158f20] DEBUG NVIC arb basepri=0x00 active_prio=Some(224) irq50_pending=false irq50_enabled=true irq50_prio=0 irq67_pending=true irq67_enabled=true irq67_prio=224 selected=None
[clk=00466168 pc=0x08158f24] DEBUG NVIC arb basepri=0x00 active_prio=Some(224) irq50_pending=false irq50_enabled=true irq50_prio=0 irq67_pending=true irq67_enabled=true irq67_prio=224 selected=None
[clk=00466169 pc=0x08158f26] DEBUG NVIC arb basepri=0x00 active_prio=Some(224) irq50_pending=false irq50_enabled=true irq50_prio=0 irq67_pending=true irq67_enabled=true irq67_prio=224 selected=None
[clk=00466170 pc=0x08158f28] DEBUG NVIC arb basepri=0x00 active_prio=Some(224) irq50_pending=false irq50_enabled=true irq50_prio=0 irq67_pending=true irq67_enabled=true irq67_prio=224 selected=None
[clk=00466171 pc=0x08158f42] DEBUG NVIC arb basepri=0x00 active_prio=Some(224) irq50_pending=false irq50_enabled=true irq50_prio=0 irq67_pending=true irq67_enabled=true irq67_prio=224 selected=None
[clk=00466172 pc=0x08158f44] DEBUG NVIC arb basepri=0x00 active_prio=Some(224) irq50_pending=false irq50_enabled=true irq50_prio=0 irq67_pending=true irq67_enabled=true irq67_prio=224 selected=None
[clk=00466173 pc=0x081589a4] DEBUG NVIC arb basepri=0x00 active_prio=Some(224) irq50_pending=false irq50_enabled=true irq50_prio=0 irq67_pending=true irq67_enabled=true irq67_prio=224 selected=None
[clk=00466174 pc=0x081589a6] DEBUG NVIC arb basepri=0x00 active_prio=Some(224) irq50_pending=false irq50_enabled=true irq50_prio=0 irq67_pending=true irq67_enabled=true irq67_prio=224 selected=None
[clk=00466175 pc=0x081589a8] DEBUG NVIC arb basepri=0x00 active_prio=Some(224) irq50_pending=false irq50_enabled=true irq50_prio=0 irq67_pending=true irq67_enabled=true irq67_prio=224 selected=None
[clk=00466176 pc=0x081589ac] DEBUG NVIC arb basepri=0x00 active_prio=Some(224) irq50_pending=false irq50_enabled=true irq50_prio=0 irq67_pending=true irq67_enabled=true irq67_prio=224 selected=None
[clk=00466177 pc=0x08158f48] DEBUG NVIC arb basepri=0x00 active_prio=Some(224) irq50_pending=false irq50_enabled=true irq50_prio=0 irq67_pending=true irq67_enabled=true irq67_prio=224 selected=None
[clk=00466178 pc=0x08158f4a] DEBUG NVIC arb basepri=0x00 active_prio=Some(224) irq50_pending=false irq50_enabled=true irq50_prio=0 irq67_pending=true irq67_enabled=true irq67_prio=224 selected=None
[clk=00466179 pc=0x08158f4c] DEBUG NVIC arb basepri=0x00 active_prio=Some(224) irq50_pending=false irq50_enabled=true irq50_prio=0 irq67_pending=true irq67_enabled=true irq67_prio=224 selected=None
[clk=00466180 pc=0x08158f5c] DEBUG NVIC arb basepri=0x00 active_prio=Some(224) irq50_pending=false irq50_enabled=true irq50_prio=0 irq67_pending=true irq67_enabled=true irq67_prio=224 selected=None
[clk=00466181 pc=0x08158f5e] DEBUG NVIC arb basepri=0x00 active_prio=Some(224) irq50_pending=false irq50_enabled=true irq50_prio=0 irq67_pending=true irq67_enabled=true irq67_prio=224 selected=None
[clk=00466182 pc=0x08158f62] DEBUG NVIC arb basepri=0x00 active_prio=Some(224) irq50_pending=false irq50_enabled=true irq50_prio=0 irq67_pending=true irq67_enabled=true irq67_prio=224 selected=None
[clk=00466183 pc=0x08158f64] DEBUG NVIC arb basepri=0x00 active_prio=Some(224) irq50_pending=false irq50_enabled=true irq50_prio=0 irq67_pending=true irq67_enabled=true irq67_prio=224 selected=None
[clk=00466184 pc=0x08158f68] DEBUG NVIC arb basepri=0x30 active_prio=Some(224) irq50_pending=false irq50_enabled=true irq50_prio=0 irq67_pending=true irq67_enabled=true irq67_prio=224 selected=None
[clk=00466185 pc=0x08158f6a] DEBUG NVIC arb basepri=0x30 active_prio=Some(224) irq50_pending=false irq50_enabled=true irq50_prio=0 irq67_pending=true irq67_enabled=true irq67_prio=224 selected=None
[clk=00466186 pc=0x08158f6c] DEBUG NVIC arb basepri=0x30 active_prio=Some(224) irq50_pending=false irq50_enabled=true irq50_prio=0 irq67_pending=true irq67_enabled=true irq67_prio=224 selected=None
[clk=00466187 pc=0x08158f6e] DEBUG NVIC arb basepri=0x30 active_prio=Some(224) irq50_pending=false irq50_enabled=true irq50_prio=0 irq67_pending=true irq67_enabled=true irq67_prio=224 selected=None
[clk=00466188 pc=0x08158f70] DEBUG NVIC arb basepri=0x30 active_prio=Some(224) irq50_pending=false irq50_enabled=true irq50_prio=0 irq67_pending=true irq67_enabled=true irq67_prio=224 selected=None
[clk=00466189 pc=0x08158d24] DEBUG NVIC arb basepri=0x30 active_prio=Some(224) irq50_pending=false irq50_enabled=true irq50_prio=0 irq67_pending=true irq67_enabled=true irq67_prio=224 selected=None
[clk=00466190 pc=0x08158d26] DEBUG NVIC arb basepri=0x30 active_prio=Some(224) irq50_pending=false irq50_enabled=true irq50_prio=0 irq67_pending=true irq67_enabled=true irq67_prio=224 selected=None
[clk=00466191 pc=0x08158d28] DEBUG NVIC arb basepri=0x30 active_prio=Some(224) irq50_pending=false irq50_enabled=true irq50_prio=0 irq67_pending=true irq67_enabled=true irq67_prio=224 selected=None
[clk=00466192 pc=0x08158d2c] DEBUG NVIC arb basepri=0x30 active_prio=Some(224) irq50_pending=false irq50_enabled=true irq50_prio=0 irq67_pending=true irq67_enabled=true irq67_prio=224 selected=None
[clk=00466193 pc=0x08158d30] DEBUG NVIC arb basepri=0x30 active_prio=Some(224) irq50_pending=false irq50_enabled=true irq50_prio=0 irq67_pending=true irq67_enabled=true irq67_prio=224 selected=None
[clk=00466194 pc=0x08158d34] DEBUG NVIC arb basepri=0x30 active_prio=Some(224) irq50_pending=false irq50_enabled=true irq50_prio=0 irq67_pending=true irq67_enabled=true irq67_prio=224 selected=None
[clk=00466195 pc=0x08158d36] DEBUG NVIC arb basepri=0x30 active_prio=Some(224) irq50_pending=false irq50_enabled=true irq50_prio=0 irq67_pending=true irq67_enabled=true irq67_prio=224 selected=None
[clk=00466196 pc=0x08158d3a] DEBUG NVIC arb basepri=0x30 active_prio=Some(224) irq50_pending=false irq50_enabled=true irq50_prio=0 irq67_pending=true irq67_enabled=true irq67_prio=224 selected=None
[clk=00466197 pc=0x08158d3e] DEBUG NVIC arb basepri=0x30 active_prio=Some(224) irq50_pending=false irq50_enabled=true irq50_prio=0 irq67_pending=true irq67_enabled=true irq67_prio=224 selected=None
[clk=00466198 pc=0x08158d40] DEBUG NVIC arb basepri=0x30 active_prio=Some(224) irq50_pending=false irq50_enabled=true irq50_prio=0 irq67_pending=true irq67_enabled=true irq67_prio=224 selected=None
[clk=00466199 pc=0x08158d44] DEBUG NVIC arb basepri=0x30 active_prio=Some(224) irq50_pending=false irq50_enabled=true irq50_prio=0 irq67_pending=true irq67_enabled=true irq67_prio=224 selected=None
[clk=00466200 pc=0x08158d46] DEBUG NVIC arb basepri=0x30 active_prio=Some(224) irq50_pending=false irq50_enabled=true irq50_prio=0 irq67_pending=true irq67_enabled=true irq67_prio=224 selected=None
[clk=00466201 pc=0x08158d48] DEBUG NVIC arb basepri=0x30 active_prio=Some(224) irq50_pending=false irq50_enabled=true irq50_prio=0 irq67_pending=true irq67_enabled=true irq67_prio=224 selected=None
[clk=00466202 pc=0x08158d4a] DEBUG NVIC arb basepri=0x30 active_prio=Some(224) irq50_pending=false irq50_enabled=true irq50_prio=0 irq67_pending=true irq67_enabled=true irq67_prio=224 selected=None
[clk=00466203 pc=0x08158d4c] DEBUG NVIC arb basepri=0x30 active_prio=Some(224) irq50_pending=false irq50_enabled=true irq50_prio=0 irq67_pending=true irq67_enabled=true irq67_prio=224 selected=None
[clk=00466204 pc=0x08158d4e] DEBUG NVIC arb basepri=0x30 active_prio=Some(224) irq50_pending=false irq50_enabled=true irq50_prio=0 irq67_pending=true irq67_enabled=true irq67_prio=224 selected=None
[clk=00466205 pc=0x08158d50] DEBUG NVIC arb basepri=0x30 active_prio=Some(224) irq50_pending=false irq50_enabled=true irq50_prio=0 irq67_pending=true irq67_enabled=true irq67_prio=224 selected=None
[clk=00466206 pc=0x0815bad4] DEBUG NVIC arb basepri=0x30 active_prio=Some(224) irq50_pending=false irq50_enabled=true irq50_prio=0 irq67_pending=true irq67_enabled=true irq67_prio=224 selected=None
[clk=00466207 pc=0x0815bad6] DEBUG NVIC arb basepri=0x30 active_prio=Some(224) irq50_pending=false irq50_enabled=true irq50_prio=0 irq67_pending=true irq67_enabled=true irq67_prio=224 selected=None
[clk=00466208 pc=0x0815bad8] DEBUG NVIC arb basepri=0x30 active_prio=Some(224) irq50_pending=false irq50_enabled=true irq50_prio=0 irq67_pending=true irq67_enabled=true irq67_prio=224 selected=None
[clk=00466209 pc=0x0815badc] DEBUG NVIC arb basepri=0x30 active_prio=Some(224) irq50_pending=false irq50_enabled=true irq50_prio=0 irq67_pending=true irq67_enabled=true irq67_prio=224 selected=None
[clk=00466210 pc=0x0815bade] DEBUG NVIC arb basepri=0x30 active_prio=Some(224) irq50_pending=false irq50_enabled=true irq50_prio=0 irq67_pending=true irq67_enabled=true irq67_prio=224 selected=None
[clk=00466211 pc=0x0815bae0] DEBUG NVIC arb basepri=0x30 active_prio=Some(224) irq50_pending=false irq50_enabled=true irq50_prio=0 irq67_pending=true irq67_enabled=true irq67_prio=224 selected=None
[clk=00466212 pc=0x0815bae2] DEBUG NVIC arb basepri=0x30 active_prio=Some(224) irq50_pending=false irq50_enabled=true irq50_prio=0 irq67_pending=true irq67_enabled=true irq67_prio=224 selected=None
[clk=00466213 pc=0x0815bae4] DEBUG NVIC arb basepri=0x30 active_prio=Some(224) irq50_pending=false irq50_enabled=true irq50_prio=0 irq67_pending=true irq67_enabled=true irq67_prio=224 selected=None
[clk=00466214 pc=0x0815bae6] DEBUG NVIC arb basepri=0x30 active_prio=Some(224) irq50_pending=false irq50_enabled=true irq50_prio=0 irq67_pending=true irq67_enabled=true irq67_prio=224 selected=None
[clk=00466215 pc=0x0815bae8] DEBUG NVIC arb basepri=0x30 active_prio=Some(224) irq50_pending=false irq50_enabled=true irq50_prio=0 irq67_pending=true irq67_enabled=true irq67_prio=224 selected=None
[clk=00466216 pc=0x0815baee] DEBUG NVIC arb basepri=0x30 active_prio=Some(224) irq50_pending=false irq50_enabled=true irq50_prio=0 irq67_pending=true irq67_enabled=true irq67_prio=224 selected=None
[clk=00466217 pc=0x0815baf0] DEBUG NVIC arb basepri=0x30 active_prio=Some(224) irq50_pending=false irq50_enabled=true irq50_prio=0 irq67_pending=true irq67_enabled=true irq67_prio=224 selected=None
[clk=00466218 pc=0x0815baf4] DEBUG NVIC arb basepri=0x30 active_prio=Some(224) irq50_pending=false irq50_enabled=true irq50_prio=0 irq67_pending=true irq67_enabled=true irq67_prio=224 selected=None
[clk=00466219 pc=0x0815baf8] DEBUG NVIC arb basepri=0x30 active_prio=Some(224) irq50_pending=false irq50_enabled=true irq50_prio=0 irq67_pending=true irq67_enabled=true irq67_prio=224 selected=None
[clk=00466220 pc=0x0815bafc] DEBUG NVIC arb basepri=0x30 active_prio=Some(224) irq50_pending=false irq50_enabled=true irq50_prio=0 irq67_pending=true irq67_enabled=true irq67_prio=224 selected=None
[clk=00466221 pc=0x0815bafe] DEBUG NVIC arb basepri=0x30 active_prio=Some(224) irq50_pending=false irq50_enabled=true irq50_prio=0 irq67_pending=true irq67_enabled=true irq67_prio=224 selected=None
[clk=00466222 pc=0x0815bb00] DEBUG NVIC arb basepri=0x30 active_prio=Some(224) irq50_pending=false irq50_enabled=true irq50_prio=0 irq67_pending=true irq67_enabled=true irq67_prio=224 selected=None
[clk=00466223 pc=0x0815bb02] DEBUG NVIC arb basepri=0x30 active_prio=Some(224) irq50_pending=false irq50_enabled=true irq50_prio=0 irq67_pending=true irq67_enabled=true irq67_prio=224 selected=None
[clk=00466224 pc=0x0815bb06] DEBUG NVIC arb basepri=0x30 active_prio=Some(224) irq50_pending=false irq50_enabled=true irq50_prio=0 irq67_pending=true irq67_enabled=true irq67_prio=224 selected=None
[clk=00466225 pc=0x0815bb0a] DEBUG NVIC arb basepri=0x30 active_prio=Some(224) irq50_pending=false irq50_enabled=true irq50_prio=0 irq67_pending=true irq67_enabled=true irq67_prio=224 selected=None
[clk=00466226 pc=0x0815bb0c] DEBUG NVIC arb basepri=0x30 active_prio=Some(224) irq50_pending=false irq50_enabled=true irq50_prio=0 irq67_pending=true irq67_enabled=true irq67_prio=224 selected=None
[clk=00466227 pc=0x0815bb10] DEBUG NVIC arb basepri=0x30 active_prio=Some(224) irq50_pending=false irq50_enabled=true irq50_prio=0 irq67_pending=true irq67_enabled=true irq67_prio=224 selected=None
[clk=00466228 pc=0x0815bb14] DEBUG NVIC arb basepri=0x30 active_prio=Some(224) irq50_pending=false irq50_enabled=true irq50_prio=0 irq67_pending=true irq67_enabled=true irq67_prio=224 selected=None
[clk=00466229 pc=0x0815bb18] DEBUG NVIC arb basepri=0x30 active_prio=Some(224) irq50_pending=false irq50_enabled=true irq50_prio=0 irq67_pending=true irq67_enabled=true irq67_prio=224 selected=None
[clk=00466230 pc=0x0815bb1a] DEBUG NVIC arb basepri=0x30 active_prio=Some(224) irq50_pending=false irq50_enabled=true irq50_prio=0 irq67_pending=true irq67_enabled=true irq67_prio=224 selected=None
[clk=00466231 pc=0x0815bb1e] DEBUG NVIC arb basepri=0x30 active_prio=Some(224) irq50_pending=false irq50_enabled=true irq50_prio=0 irq67_pending=true irq67_enabled=true irq67_prio=224 selected=None
[clk=00466232 pc=0x0815bb22] DEBUG NVIC arb basepri=0x30 active_prio=Some(224) irq50_pending=false irq50_enabled=true irq50_prio=0 irq67_pending=true irq67_enabled=true irq67_prio=224 selected=None
[clk=00466233 pc=0x0815bb26] DEBUG NVIC arb basepri=0x30 active_prio=Some(224) irq50_pending=false irq50_enabled=true irq50_prio=0 irq67_pending=true irq67_enabled=true irq67_prio=224 selected=None
[clk=00466234 pc=0x0815bb28] DEBUG NVIC arb basepri=0x30 active_prio=Some(224) irq50_pending=false irq50_enabled=true irq50_prio=0 irq67_pending=true irq67_enabled=true irq67_prio=224 selected=None
[clk=00466235 pc=0x0815bb2c] DEBUG NVIC arb basepri=0x30 active_prio=Some(224) irq50_pending=false irq50_enabled=true irq50_prio=0 irq67_pending=true irq67_enabled=true irq67_prio=224 selected=None
[clk=00466236 pc=0x0815bb2e] DEBUG NVIC arb basepri=0x30 active_prio=Some(224) irq50_pending=false irq50_enabled=true irq50_prio=0 irq67_pending=true irq67_enabled=true irq67_prio=224 selected=None
[clk=00466237 pc=0x0815bb30] DEBUG NVIC arb basepri=0x30 active_prio=Some(224) irq50_pending=false irq50_enabled=true irq50_prio=0 irq67_pending=true irq67_enabled=true irq67_prio=224 selected=None
[clk=00466238 pc=0x0815bb32] DEBUG NVIC arb basepri=0x30 active_prio=Some(224) irq50_pending=false irq50_enabled=true irq50_prio=0 irq67_pending=true irq67_enabled=true irq67_prio=224 selected=None
[clk=00466239 pc=0x0815bb34] DEBUG NVIC arb basepri=0x30 active_prio=Some(224) irq50_pending=false irq50_enabled=true irq50_prio=0 irq67_pending=true irq67_enabled=true irq67_prio=224 selected=None
[clk=00466240 pc=0x0815bb36] DEBUG NVIC arb basepri=0x30 active_prio=Some(224) irq50_pending=false irq50_enabled=true irq50_prio=0 irq67_pending=true irq67_enabled=true irq67_prio=224 selected=None
[clk=00466241 pc=0x0815bb38] DEBUG NVIC arb basepri=0x30 active_prio=Some(224) irq50_pending=false irq50_enabled=true irq50_prio=0 irq67_pending=true irq67_enabled=true irq67_prio=224 selected=None
[clk=00466242 pc=0x0815bb3c] DEBUG NVIC arb basepri=0x30 active_prio=Some(224) irq50_pending=false irq50_enabled=true irq50_prio=0 irq67_pending=true irq67_enabled=true irq67_prio=224 selected=None
[clk=00466243 pc=0x0815bb3e] DEBUG NVIC arb basepri=0x30 active_prio=Some(224) irq50_pending=false irq50_enabled=true irq50_prio=0 irq67_pending=true irq67_enabled=true irq67_prio=224 selected=None
[clk=00466244 pc=0x0815bb42] DEBUG NVIC arb basepri=0x30 active_prio=Some(224) irq50_pending=false irq50_enabled=true irq50_prio=0 irq67_pending=true irq67_enabled=true irq67_prio=224 selected=None
[clk=00466245 pc=0x08158d54] DEBUG NVIC arb basepri=0x30 active_prio=Some(224) irq50_pending=false irq50_enabled=true irq50_prio=0 irq67_pending=true irq67_enabled=true irq67_prio=224 selected=None
[clk=00466246 pc=0x08158f74] DEBUG NVIC arb basepri=0x30 active_prio=Some(224) irq50_pending=false irq50_enabled=true irq50_prio=0 irq67_pending=true irq67_enabled=true irq67_prio=224 selected=None
[clk=00466247 pc=0x08158f76] DEBUG NVIC arb basepri=0x30 active_prio=Some(224) irq50_pending=false irq50_enabled=true irq50_prio=0 irq67_pending=true irq67_enabled=true irq67_prio=224 selected=None
[clk=00466248 pc=0x08158f7a] DEBUG NVIC arb basepri=0x00 active_prio=Some(224) irq50_pending=false irq50_enabled=true irq50_prio=0 irq67_pending=true irq67_enabled=true irq67_prio=224 selected=None
[clk=00466249 pc=0x0815bd10] DEBUG NVIC arb basepri=0x00 active_prio=Some(224) irq50_pending=false irq50_enabled=true irq50_prio=0 irq67_pending=true irq67_enabled=true irq67_prio=224 selected=None
[clk=00466250 pc=0x0815bd14] DEBUG NVIC arb basepri=0x00 active_prio=Some(224) irq50_pending=false irq50_enabled=true irq50_prio=0 irq67_pending=true irq67_enabled=true irq67_prio=224 selected=None
[clk=00466251 pc=0x0815bd22] DEBUG NVIC arb basepri=0x00 active_prio=Some(224) irq50_pending=false irq50_enabled=true irq50_prio=0 irq67_pending=true irq67_enabled=true irq67_prio=224 selected=None
[clk=00466252 pc=0x0815beb8] DEBUG NVIC arb basepri=0x00 active_prio=Some(224) irq50_pending=false irq50_enabled=true irq50_prio=0 irq67_pending=true irq67_enabled=true irq67_prio=224 selected=None
[clk=00466253 pc=0x0815bde8] DEBUG NVIC arb basepri=0x00 active_prio=Some(224) irq50_pending=false irq50_enabled=true irq50_prio=0 irq67_pending=true irq67_enabled=true irq67_prio=224 selected=None
[clk=00466254 pc=0x0815bdec] DEBUG NVIC arb basepri=0x00 active_prio=Some(224) irq50_pending=false irq50_enabled=true irq50_prio=0 irq67_pending=true irq67_enabled=true irq67_prio=224 selected=None
[clk=00466255 pc=0x0815bdee] DEBUG NVIC arb basepri=0x00 active_prio=Some(224) irq50_pending=false irq50_enabled=true irq50_prio=0 irq67_pending=true irq67_enabled=true irq67_prio=224 selected=None
[clk=00466256 pc=0x0815bdf2] DEBUG NVIC arb basepri=0x00 active_prio=Some(224) irq50_pending=false irq50_enabled=true irq50_prio=0 irq67_pending=true irq67_enabled=true irq67_prio=224 selected=None
[clk=00466257 pc=0x0815bdf4] DEBUG NVIC arb basepri=0x00 active_prio=Some(224) irq50_pending=false irq50_enabled=true irq50_prio=0 irq67_pending=true irq67_enabled=true irq67_prio=224 selected=None
[clk=00466258 pc=0x0815bdf8] DEBUG NVIC arb basepri=0x00 active_prio=Some(224) irq50_pending=false irq50_enabled=true irq50_prio=0 irq67_pending=true irq67_enabled=true irq67_prio=224 selected=None
[clk=00466259 pc=0x0815bdfa] DEBUG NVIC arb basepri=0x00 active_prio=Some(224) irq50_pending=false irq50_enabled=true irq50_prio=0 irq67_pending=true irq67_enabled=true irq67_prio=224 selected=None
[clk=00466260 pc=0x0815bee0] DEBUG NVIC arb basepri=0x00 active_prio=Some(224) irq50_pending=false irq50_enabled=true irq50_prio=0 irq67_pending=true irq67_enabled=true irq67_prio=224 selected=None
[clk=00466261 pc=0x08154d04] DEBUG NVIC arb basepri=0x00 active_prio=Some(224) irq50_pending=false irq50_enabled=true irq50_prio=0 irq67_pending=true irq67_enabled=true irq67_prio=224 selected=None
[clk=00466262 pc=0x08154d06] DEBUG NVIC arb basepri=0x00 active_prio=Some(224) irq50_pending=false irq50_enabled=true irq50_prio=0 irq67_pending=true irq67_enabled=true irq67_prio=224 selected=None
[clk=00466263 pc=0x08154d0a] DEBUG NVIC arb basepri=0x30 active_prio=Some(224) irq50_pending=false irq50_enabled=true irq50_prio=0 irq67_pending=true irq67_enabled=true irq67_prio=224 selected=None
[clk=00466264 pc=0x08154d0c] DEBUG NVIC arb basepri=0x30 active_prio=Some(224) irq50_pending=false irq50_enabled=true irq50_prio=0 irq67_pending=true irq67_enabled=true irq67_prio=224 selected=None
[clk=00466265 pc=0x08154d0e] DEBUG NVIC arb basepri=0x30 active_prio=Some(224) irq50_pending=false irq50_enabled=true irq50_prio=0 irq67_pending=true irq67_enabled=true irq67_prio=224 selected=None
[clk=00466266 pc=0x08154d12] DEBUG NVIC arb basepri=0x30 active_prio=Some(224) irq50_pending=false irq50_enabled=true irq50_prio=0 irq67_pending=true irq67_enabled=true irq67_prio=224 selected=None
[clk=00466267 pc=0x08154d14] DEBUG NVIC arb basepri=0x30 active_prio=Some(224) irq50_pending=false irq50_enabled=true irq50_prio=0 irq67_pending=true irq67_enabled=true irq67_prio=224 selected=None
[clk=00466268 pc=0x08154d16] DEBUG NVIC arb basepri=0x30 active_prio=Some(224) irq50_pending=false irq50_enabled=true irq50_prio=0 irq67_pending=true irq67_enabled=true irq67_prio=224 selected=None
[clk=00466269 pc=0x08154d1a] DEBUG NVIC arb basepri=0x00 active_prio=Some(224) irq50_pending=false irq50_enabled=true irq50_prio=0 irq67_pending=true irq67_enabled=true irq67_prio=224 selected=None
[clk=00466270 pc=0x0815bee4] DEBUG NVIC arb basepri=0x00 active_prio=Some(224) irq50_pending=false irq50_enabled=true irq50_prio=0 irq67_pending=true irq67_enabled=true irq67_prio=224 selected=None
[clk=00466270 pc=0x0815bee4] DEBUG NVIC arb basepri=0x00 active_prio=None irq50_pending=false irq50_enabled=true irq50_prio=0 irq67_pending=true irq67_enabled=true irq67_prio=224 selected=Some(67)
[clk=00466270 pc=0x0815bee4] DEBUG EMULATOR exception_return: dispatching IRQ 67 (chain_idx=0)
[clk=00466270 pc=0x0815bee4] DEBUG NVIC dispatching IRQ 67 vector=0x815bed9
[clk=00466271 pc=0x0815bed8] DEBUG NVIC arb basepri=0x00 active_prio=Some(224) irq50_pending=false irq50_enabled=true irq50_prio=0 irq67_pending=true irq67_enabled=true irq67_prio=224 selected=None
[clk=00466272 pc=0x0815beda] DEBUG NVIC arb basepri=0x00 active_prio=Some(224) irq50_pending=false irq50_enabled=true irq50_prio=0 irq67_pending=true irq67_enabled=true irq67_prio=224 selected=None
[clk=00466273 pc=0x0815bedc] DEBUG NVIC arb basepri=0x00 active_prio=Some(224) irq50_pending=false irq50_enabled=true irq50_prio=0 irq67_pending=true irq67_enabled=true irq67_prio=224 selected=None
[clk=00466274 pc=0x0815bd50] DEBUG NVIC arb basepri=0x00 active_prio=Some(224) irq50_pending=false irq50_enabled=true irq50_prio=0 irq67_pending=true irq67_enabled=true irq67_prio=224 selected=None
[clk=00466275 pc=0x0815bd52] DEBUG NVIC arb basepri=0x00 active_prio=Some(224) irq50_pending=false irq50_enabled=true irq50_prio=0 irq67_pending=true irq67_enabled=true irq67_prio=224 selected=None
[clk=00466276 pc=0x0815bd54] DEBUG NVIC arb basepri=0x00 active_prio=Some(224) irq50_pending=false irq50_enabled=true irq50_prio=0 irq67_pending=true irq67_enabled=true irq67_prio=224 selected=None
[clk=00466277 pc=0x0815bd56] DEBUG NVIC arb basepri=0x00 active_prio=Some(224) irq50_pending=false irq50_enabled=true irq50_prio=0 irq67_pending=true irq67_enabled=true irq67_prio=224 selected=None
[clk=00466278 pc=0x0815bd58] DEBUG NVIC arb basepri=0x00 active_prio=Some(224) irq50_pending=false irq50_enabled=true irq50_prio=0 irq67_pending=true irq67_enabled=true irq67_prio=224 selected=None
[clk=00466279 pc=0x0815bd5a] DEBUG NVIC arb basepri=0x00 active_prio=Some(224) irq50_pending=false irq50_enabled=true irq50_prio=0 irq67_pending=true irq67_enabled=true irq67_prio=224 selected=None
[clk=00466280 pc=0x0815bd5c] DEBUG NVIC arb basepri=0x00 active_prio=Some(224) irq50_pending=false irq50_enabled=true irq50_prio=0 irq67_pending=true irq67_enabled=true irq67_prio=224 selected=None
[clk=00466281 pc=0x0815bd5e] DEBUG NVIC arb basepri=0x00 active_prio=Some(224) irq50_pending=false irq50_enabled=true irq50_prio=0 irq67_pending=true irq67_enabled=true irq67_prio=224 selected=None
[clk=00466282 pc=0x0815bd62] DEBUG NVIC arb basepri=0x00 active_prio=Some(224) irq50_pending=false irq50_enabled=true irq50_prio=0 irq67_pending=true irq67_enabled=true irq67_prio=224 selected=None
[clk=00466283 pc=0x0815bd64] DEBUG NVIC arb basepri=0x00 active_prio=Some(224) irq50_pending=false irq50_enabled=true irq50_prio=0 irq67_pending=true irq67_enabled=true irq67_prio=224 selected=None
[clk=00466284 pc=0x0815bd66] DEBUG NVIC arb basepri=0x00 active_prio=Some(224) irq50_pending=false irq50_enabled=true irq50_prio=0 irq67_pending=true irq67_enabled=true irq67_prio=224 selected=None
[clk=00466285 pc=0x0815bd68] DEBUG NVIC arb basepri=0x00 active_prio=Some(224) irq50_pending=false irq50_enabled=true irq50_prio=0 irq67_pending=true irq67_enabled=true irq67_prio=224 selected=None
[clk=00466286 pc=0x0815bd6c] DEBUG NVIC arb basepri=0x00 active_prio=Some(224) irq50_pending=false irq50_enabled=true irq50_prio=0 irq67_pending=true irq67_enabled=true irq67_prio=224 selected=None
[clk=00466287 pc=0x0815bd6e] DEBUG NVIC arb basepri=0x00 active_prio=Some(224) irq50_pending=false irq50_enabled=true irq50_prio=0 irq67_pending=true irq67_enabled=true irq67_prio=224 selected=None
[clk=00466288 pc=0x0815bd72] DEBUG NVIC arb basepri=0x00 active_prio=Some(224) irq50_pending=false irq50_enabled=true irq50_prio=0 irq67_pending=true irq67_enabled=true irq67_prio=224 selected=None
[clk=00466289 pc=0x0815bd8a] DEBUG NVIC arb basepri=0x00 active_prio=Some(224) irq50_pending=false irq50_enabled=true irq50_prio=0 irq67_pending=true irq67_enabled=true irq67_prio=224 selected=None
[clk=00466290 pc=0x0815bd8e] DEBUG NVIC arb basepri=0x00 active_prio=Some(224) irq50_pending=false irq50_enabled=true irq50_prio=0 irq67_pending=true irq67_enabled=true irq67_prio=224 selected=None
[clk=00466291 pc=0x0815bda8] DEBUG NVIC arb basepri=0x00 active_prio=Some(224) irq50_pending=false irq50_enabled=true irq50_prio=0 irq67_pending=true irq67_enabled=true irq67_prio=224 selected=None
[clk=00466292 pc=0x0815bdac] DEBUG NVIC arb basepri=0x00 active_prio=Some(224) irq50_pending=false irq50_enabled=true irq50_prio=0 irq67_pending=true irq67_enabled=true irq67_prio=224 selected=None
[clk=00466293 pc=0x0815bdae] DEBUG NVIC arb basepri=0x00 active_prio=Some(224) irq50_pending=false irq50_enabled=true irq50_prio=0 irq67_pending=true irq67_enabled=true irq67_prio=224 selected=None
[clk=00466294 pc=0x0815bdb2] DEBUG NVIC arb basepri=0x00 active_prio=Some(224) irq50_pending=false irq50_enabled=true irq50_prio=0 irq67_pending=true irq67_enabled=true irq67_prio=224 selected=None
[clk=00466295 pc=0x0815bdb4] DEBUG NVIC arb basepri=0x00 active_prio=Some(224) irq50_pending=false irq50_enabled=true irq50_prio=0 irq67_pending=true irq67_enabled=true irq67_prio=224 selected=None
[clk=00466296 pc=0x0815bdb8] DEBUG NVIC arb basepri=0x00 active_prio=Some(224) irq50_pending=false irq50_enabled=true irq50_prio=0 irq67_pending=true irq67_enabled=true irq67_prio=224 selected=None
[clk=00466297 pc=0x0815be80] DEBUG NVIC arb basepri=0x00 active_prio=Some(224) irq50_pending=false irq50_enabled=true irq50_prio=0 irq67_pending=true irq67_enabled=true irq67_prio=224 selected=None
[clk=00466298 pc=0x0815be82] DEBUG NVIC arb basepri=0x00 active_prio=Some(224) irq50_pending=false irq50_enabled=true irq50_prio=0 irq67_pending=true irq67_enabled=true irq67_prio=224 selected=None
[clk=00466299 pc=0x0815b56c] DEBUG NVIC arb basepri=0x00 active_prio=Some(224) irq50_pending=false irq50_enabled=true irq50_prio=0 irq67_pending=true irq67_enabled=true irq67_prio=224 selected=None
[clk=00466300 pc=0x0815b56e] DEBUG NVIC arb basepri=0x00 active_prio=Some(224) irq50_pending=false irq50_enabled=true irq50_prio=0 irq67_pending=true irq67_enabled=true irq67_prio=224 selected=None
[clk=00466301 pc=0x0815b570] DEBUG NVIC arb basepri=0x00 active_prio=Some(224) irq50_pending=false irq50_enabled=true irq50_prio=0 irq67_pending=true irq67_enabled=true irq67_prio=224 selected=None
[clk=00466301 pc=0x0815b570] DEBUG OTG_FS GRXSTSP pop at 0x020 state_after=StupPending result=0x00080000
[clk=00466302 pc=0x0815b572] INFO  OTG_FS: StupPending fires → DOEPINT STUP (enum_stage=DeliverSetLineCoding), scheduling OUT data
[clk=00466302 pc=0x0815b572] DEBUG NVIC arb basepri=0x00 active_prio=Some(224) irq50_pending=false irq50_enabled=true irq50_prio=0 irq67_pending=true irq67_enabled=true irq67_prio=224 selected=None
[clk=00466303 pc=0x0815b576] DEBUG NVIC arb basepri=0x00 active_prio=Some(224) irq50_pending=false irq50_enabled=true irq50_prio=0 irq67_pending=true irq67_enabled=true irq67_prio=224 selected=None
[clk=00466304 pc=0x0815b57a] DEBUG NVIC arb basepri=0x00 active_prio=Some(224) irq50_pending=false irq50_enabled=true irq50_prio=0 irq67_pending=true irq67_enabled=true irq67_prio=224 selected=None
[clk=00466305 pc=0x0815b57e] DEBUG NVIC arb basepri=0x00 active_prio=Some(224) irq50_pending=false irq50_enabled=true irq50_prio=0 irq67_pending=true irq67_enabled=true irq67_prio=224 selected=None
[clk=00466306 pc=0x0815b582] DEBUG NVIC arb basepri=0x00 active_prio=Some(224) irq50_pending=false irq50_enabled=true irq50_prio=0 irq67_pending=true irq67_enabled=true irq67_prio=224 selected=None
[clk=00466307 pc=0x0815b584] DEBUG NVIC arb basepri=0x00 active_prio=Some(224) irq50_pending=false irq50_enabled=true irq50_prio=0 irq67_pending=true irq67_enabled=true irq67_prio=224 selected=None
[clk=00466308 pc=0x0815b588] DEBUG NVIC arb basepri=0x00 active_prio=Some(224) irq50_pending=false irq50_enabled=true irq50_prio=0 irq67_pending=true irq67_enabled=true irq67_prio=224 selected=None
[clk=00466309 pc=0x0815b5a0] DEBUG NVIC arb basepri=0x00 active_prio=Some(224) irq50_pending=false irq50_enabled=true irq50_prio=0 irq67_pending=true irq67_enabled=true irq67_prio=224 selected=None
[clk=00466310 pc=0x0815be86] DEBUG NVIC arb basepri=0x00 active_prio=Some(224) irq50_pending=false irq50_enabled=true irq50_prio=0 irq67_pending=true irq67_enabled=true irq67_prio=224 selected=None
[clk=00466311 pc=0x0815bdba] DEBUG NVIC arb basepri=0x00 active_prio=Some(224) irq50_pending=false irq50_enabled=true irq50_prio=0 irq67_pending=true irq67_enabled=true irq67_prio=224 selected=None
[clk=00466312 pc=0x0815bdbe] DEBUG NVIC arb basepri=0x00 active_prio=Some(224) irq50_pending=false irq50_enabled=true irq50_prio=0 irq67_pending=true irq67_enabled=true irq67_prio=224 selected=None
[clk=00466313 pc=0x0815bdc2] DEBUG NVIC arb basepri=0x00 active_prio=Some(224) irq50_pending=false irq50_enabled=true irq50_prio=0 irq67_pending=true irq67_enabled=true irq67_prio=224 selected=None
[clk=00466314 pc=0x0815bddc] DEBUG NVIC arb basepri=0x00 active_prio=Some(224) irq50_pending=false irq50_enabled=true irq50_prio=0 irq67_pending=true irq67_enabled=true irq67_prio=224 selected=None
[clk=00466315 pc=0x0815bde0] DEBUG NVIC arb basepri=0x00 active_prio=Some(224) irq50_pending=false irq50_enabled=true irq50_prio=0 irq67_pending=true irq67_enabled=true irq67_prio=224 selected=None
[clk=00466316 pc=0x0815bdfa] DEBUG NVIC arb basepri=0x00 active_prio=Some(224) irq50_pending=false irq50_enabled=true irq50_prio=0 irq67_pending=true irq67_enabled=true irq67_prio=224 selected=None
[clk=00466317 pc=0x0815bee0] DEBUG NVIC arb basepri=0x00 active_prio=Some(224) irq50_pending=false irq50_enabled=true irq50_prio=0 irq67_pending=true irq67_enabled=true irq67_prio=224 selected=None
[clk=00466318 pc=0x08154d04] DEBUG NVIC arb basepri=0x00 active_prio=Some(224) irq50_pending=false irq50_enabled=true irq50_prio=0 irq67_pending=true irq67_enabled=true irq67_prio=224 selected=None
[clk=00466319 pc=0x08154d06] DEBUG NVIC arb basepri=0x00 active_prio=Some(224) irq50_pending=false irq50_enabled=true irq50_prio=0 irq67_pending=true irq67_enabled=true irq67_prio=224 selected=None
[clk=00466320 pc=0x08154d0a] DEBUG NVIC arb basepri=0x30 active_prio=Some(224) irq50_pending=false irq50_enabled=true irq50_prio=0 irq67_pending=true irq67_enabled=true irq67_prio=224 selected=None
[clk=00466321 pc=0x08154d0c] DEBUG NVIC arb basepri=0x30 active_prio=Some(224) irq50_pending=false irq50_enabled=true irq50_prio=0 irq67_pending=true irq67_enabled=true irq67_prio=224 selected=None
[clk=00466322 pc=0x08154d0e] DEBUG NVIC arb basepri=0x30 active_prio=Some(224) irq50_pending=false irq50_enabled=true irq50_prio=0 irq67_pending=true irq67_enabled=true irq67_prio=224 selected=None
[clk=00466323 pc=0x08154d12] DEBUG NVIC arb basepri=0x30 active_prio=Some(224) irq50_pending=false irq50_enabled=true irq50_prio=0 irq67_pending=true irq67_enabled=true irq67_prio=224 selected=None
[clk=00466324 pc=0x08154d14] DEBUG NVIC arb basepri=0x30 active_prio=Some(224) irq50_pending=false irq50_enabled=true irq50_prio=0 irq67_pending=true irq67_enabled=true irq67_prio=224 selected=None
[clk=00466325 pc=0x08154d16] DEBUG NVIC arb basepri=0x30 active_prio=Some(224) irq50_pending=false irq50_enabled=true irq50_prio=0 irq67_pending=true irq67_enabled=true irq67_prio=224 selected=None
[clk=00466326 pc=0x08154d1a] DEBUG NVIC arb basepri=0x00 active_prio=Some(224) irq50_pending=false irq50_enabled=true irq50_prio=0 irq67_pending=true irq67_enabled=true irq67_prio=224 selected=None
[clk=00466327 pc=0x0815bee4] DEBUG NVIC arb basepri=0x00 active_prio=Some(224) irq50_pending=false irq50_enabled=true irq50_prio=0 irq67_pending=true irq67_enabled=true irq67_prio=224 selected=None
[clk=00466327 pc=0x0815bee4] DEBUG NVIC arb basepri=0x00 active_prio=None irq50_pending=false irq50_enabled=true irq50_prio=0 irq67_pending=true irq67_enabled=true irq67_prio=224 selected=Some(67)
[clk=00466327 pc=0x0815bee4] DEBUG EMULATOR exception_return: dispatching IRQ 67 (chain_idx=0)
[clk=00466327 pc=0x0815bee4] DEBUG NVIC dispatching IRQ 67 vector=0x815bed9
[clk=00466358 pc=0x0815b570] DEBUG OTG_FS GRXSTSP pop at 0x020 state_after=OutDataFifoPending result=0x00040070
[clk=00466383 pc=0x0815b558] DEBUG OTG_FS FIFO read idx=0 word=0x0001c200 state_after=OutDataFifoPending
[clk=00466412 pc=0x0815b558] DEBUG OTG_FS FIFO read idx=1 word=0x00080000 state_after=OutDataFifoPending
[clk=00466413 pc=0x0815b55a] DEBUG NVIC arb basepri=0x00 active_prio=Some(224) irq50_pending=false irq50_enabled=true irq50_prio=0 irq67_pending=true irq67_enabled=true irq67_prio=224 selected=None
[clk=00466414 pc=0x0815b55c] DEBUG NVIC arb basepri=0x00 active_prio=Some(224) irq50_pending=false irq50_enabled=true irq50_prio=0 irq67_pending=true irq67_enabled=true irq67_prio=224 selected=None
[clk=00466415 pc=0x0815b54a] DEBUG NVIC arb basepri=0x00 active_prio=Some(224) irq50_pending=false irq50_enabled=true irq50_prio=0 irq67_pending=true irq67_enabled=true irq67_prio=224 selected=None
[clk=00466416 pc=0x0815b54e] DEBUG NVIC arb basepri=0x00 active_prio=Some(224) irq50_pending=false irq50_enabled=true irq50_prio=0 irq67_pending=true irq67_enabled=true irq67_prio=224 selected=None
[clk=00466417 pc=0x0815b550] DEBUG NVIC arb basepri=0x00 active_prio=Some(224) irq50_pending=false irq50_enabled=true irq50_prio=0 irq67_pending=true irq67_enabled=true irq67_prio=224 selected=None
[clk=00466418 pc=0x0815b552] DEBUG NVIC arb basepri=0x00 active_prio=Some(224) irq50_pending=false irq50_enabled=true irq50_prio=0 irq67_pending=true irq67_enabled=true irq67_prio=224 selected=None
[clk=00466419 pc=0x0815b556] DEBUG NVIC arb basepri=0x00 active_prio=Some(224) irq50_pending=false irq50_enabled=true irq50_prio=0 irq67_pending=true irq67_enabled=true irq67_prio=224 selected=None
[clk=00466420 pc=0x0815b55a] DEBUG NVIC arb basepri=0x00 active_prio=Some(224) irq50_pending=false irq50_enabled=true irq50_prio=0 irq67_pending=true irq67_enabled=true irq67_prio=224 selected=None
[clk=00466421 pc=0x0815b55c] DEBUG NVIC arb basepri=0x00 active_prio=Some(224) irq50_pending=false irq50_enabled=true irq50_prio=0 irq67_pending=true irq67_enabled=true irq67_prio=224 selected=None
[clk=00466422 pc=0x0815b54a] DEBUG NVIC arb basepri=0x00 active_prio=Some(224) irq50_pending=false irq50_enabled=true irq50_prio=0 irq67_pending=true irq67_enabled=true irq67_prio=224 selected=None
[clk=00466423 pc=0x0815b54e] DEBUG NVIC arb basepri=0x00 active_prio=Some(224) irq50_pending=false irq50_enabled=true irq50_prio=0 irq67_pending=true irq67_enabled=true irq67_prio=224 selected=None
[clk=00466424 pc=0x0815b550] DEBUG NVIC arb basepri=0x00 active_prio=Some(224) irq50_pending=false irq50_enabled=true irq50_prio=0 irq67_pending=true irq67_enabled=true irq67_prio=224 selected=None
[clk=00466425 pc=0x0815b552] DEBUG NVIC arb basepri=0x00 active_prio=Some(224) irq50_pending=false irq50_enabled=true irq50_prio=0 irq67_pending=true irq67_enabled=true irq67_prio=224 selected=None
[clk=00466426 pc=0x0815b556] DEBUG NVIC arb basepri=0x00 active_prio=Some(224) irq50_pending=false irq50_enabled=true irq50_prio=0 irq67_pending=true irq67_enabled=true irq67_prio=224 selected=None
[clk=00466427 pc=0x0815b55a] DEBUG NVIC arb basepri=0x00 active_prio=Some(224) irq50_pending=false irq50_enabled=true irq50_prio=0 irq67_pending=true irq67_enabled=true irq67_prio=224 selected=None
[clk=00466428 pc=0x0815b55c] DEBUG NVIC arb basepri=0x00 active_prio=Some(224) irq50_pending=false irq50_enabled=true irq50_prio=0 irq67_pending=true irq67_enabled=true irq67_prio=224 selected=None
[clk=00466429 pc=0x0815b54a] DEBUG NVIC arb basepri=0x00 active_prio=Some(224) irq50_pending=false irq50_enabled=true irq50_prio=0 irq67_pending=true irq67_enabled=true irq67_prio=224 selected=None
[clk=00466430 pc=0x0815b54e] DEBUG NVIC arb basepri=0x00 active_prio=Some(224) irq50_pending=false irq50_enabled=true irq50_prio=0 irq67_pending=true irq67_enabled=true irq67_prio=224 selected=None
[clk=00466431 pc=0x0815b550] DEBUG NVIC arb basepri=0x00 active_prio=Some(224) irq50_pending=false irq50_enabled=true irq50_prio=0 irq67_pending=true irq67_enabled=true irq67_prio=224 selected=None
[clk=00466432 pc=0x0815b566] DEBUG NVIC arb basepri=0x00 active_prio=Some(224) irq50_pending=false irq50_enabled=true irq50_prio=0 irq67_pending=true irq67_enabled=true irq67_prio=224 selected=None
[clk=00466433 pc=0x0815b56a] DEBUG NVIC arb basepri=0x00 active_prio=Some(224) irq50_pending=false irq50_enabled=true irq50_prio=0 irq67_pending=true irq67_enabled=true irq67_prio=224 selected=None
[clk=00466434 pc=0x0815b5be] DEBUG NVIC arb basepri=0x00 active_prio=Some(224) irq50_pending=false irq50_enabled=true irq50_prio=0 irq67_pending=true irq67_enabled=true irq67_prio=224 selected=None
[clk=00466435 pc=0x0815b5c0] DEBUG NVIC arb basepri=0x00 active_prio=Some(224) irq50_pending=false irq50_enabled=true irq50_prio=0 irq67_pending=true irq67_enabled=true irq67_prio=224 selected=None
[clk=00466436 pc=0x0815b5c2] DEBUG NVIC arb basepri=0x00 active_prio=Some(224) irq50_pending=false irq50_enabled=true irq50_prio=0 irq67_pending=true irq67_enabled=true irq67_prio=224 selected=None
[clk=00466437 pc=0x0815b5c4] DEBUG NVIC arb basepri=0x00 active_prio=Some(224) irq50_pending=false irq50_enabled=true irq50_prio=0 irq67_pending=true irq67_enabled=true irq67_prio=224 selected=None
[clk=00466438 pc=0x0815b5c6] DEBUG NVIC arb basepri=0x00 active_prio=Some(224) irq50_pending=false irq50_enabled=true irq50_prio=0 irq67_pending=true irq67_enabled=true irq67_prio=224 selected=None
[clk=00466439 pc=0x0815b5c8] DEBUG NVIC arb basepri=0x00 active_prio=Some(224) irq50_pending=false irq50_enabled=true irq50_prio=0 irq67_pending=true irq67_enabled=true irq67_prio=224 selected=None
[clk=00466440 pc=0x0815b5ca] DEBUG NVIC arb basepri=0x00 active_prio=Some(224) irq50_pending=false irq50_enabled=true irq50_prio=0 irq67_pending=true irq67_enabled=true irq67_prio=224 selected=None
[clk=00466441 pc=0x0815b5cc] DEBUG NVIC arb basepri=0x00 active_prio=Some(224) irq50_pending=false irq50_enabled=true irq50_prio=0 irq67_pending=true irq67_enabled=true irq67_prio=224 selected=None
[clk=00466442 pc=0x0815b5ce] DEBUG NVIC arb basepri=0x00 active_prio=Some(224) irq50_pending=false irq50_enabled=true irq50_prio=0 irq67_pending=true irq67_enabled=true irq67_prio=224 selected=None
[clk=00466443 pc=0x0815b5d0] DEBUG NVIC arb basepri=0x00 active_prio=Some(224) irq50_pending=false irq50_enabled=true irq50_prio=0 irq67_pending=true irq67_enabled=true irq67_prio=224 selected=None
[clk=00466444 pc=0x0815b5d2] DEBUG NVIC arb basepri=0x00 active_prio=Some(224) irq50_pending=false irq50_enabled=true irq50_prio=0 irq67_pending=true irq67_enabled=true irq67_prio=224 selected=None
[clk=00466445 pc=0x0815b5a0] DEBUG NVIC arb basepri=0x00 active_prio=Some(224) irq50_pending=false irq50_enabled=true irq50_prio=0 irq67_pending=true irq67_enabled=true irq67_prio=224 selected=None
[clk=00466446 pc=0x0815be86] DEBUG NVIC arb basepri=0x00 active_prio=Some(224) irq50_pending=false irq50_enabled=true irq50_prio=0 irq67_pending=true irq67_enabled=true irq67_prio=224 selected=None
[clk=00466447 pc=0x0815bdba] DEBUG NVIC arb basepri=0x00 active_prio=Some(224) irq50_pending=false irq50_enabled=true irq50_prio=0 irq67_pending=true irq67_enabled=true irq67_prio=224 selected=None
[clk=00466448 pc=0x0815bdbe] DEBUG NVIC arb basepri=0x00 active_prio=Some(224) irq50_pending=false irq50_enabled=true irq50_prio=0 irq67_pending=true irq67_enabled=true irq67_prio=224 selected=None
[clk=00466449 pc=0x0815bdc2] DEBUG NVIC arb basepri=0x00 active_prio=Some(224) irq50_pending=false irq50_enabled=true irq50_prio=0 irq67_pending=true irq67_enabled=true irq67_prio=224 selected=None
[clk=00466450 pc=0x0815bdc4] DEBUG NVIC arb basepri=0x00 active_prio=Some(224) irq50_pending=false irq50_enabled=true irq50_prio=0 irq67_pending=true irq67_enabled=true irq67_prio=224 selected=None
[clk=00466451 pc=0x0815bdc8] DEBUG NVIC arb basepri=0x00 active_prio=Some(224) irq50_pending=false irq50_enabled=true irq50_prio=0 irq67_pending=true irq67_enabled=true irq67_prio=224 selected=None
[clk=00466452 pc=0x0815be88] DEBUG NVIC arb basepri=0x00 active_prio=Some(224) irq50_pending=false irq50_enabled=true irq50_prio=0 irq67_pending=true irq67_enabled=true irq67_prio=224 selected=None
[clk=00466453 pc=0x0815be8a] DEBUG NVIC arb basepri=0x00 active_prio=Some(224) irq50_pending=false irq50_enabled=true irq50_prio=0 irq67_pending=true irq67_enabled=true irq67_prio=224 selected=None
[clk=00466454 pc=0x0815be8c] DEBUG NVIC arb basepri=0x00 active_prio=Some(224) irq50_pending=false irq50_enabled=true irq50_prio=0 irq67_pending=true irq67_enabled=true irq67_prio=224 selected=None
[clk=00466455 pc=0x0815bb70] DEBUG NVIC arb basepri=0x00 active_prio=Some(224) irq50_pending=false irq50_enabled=true irq50_prio=0 irq67_pending=true irq67_enabled=true irq67_prio=224 selected=None
[clk=00466456 pc=0x0815bb72] DEBUG NVIC arb basepri=0x00 active_prio=Some(224) irq50_pending=false irq50_enabled=true irq50_prio=0 irq67_pending=true irq67_enabled=true irq67_prio=224 selected=None
[clk=00466457 pc=0x0815bb74] DEBUG NVIC arb basepri=0x00 active_prio=Some(224) irq50_pending=false irq50_enabled=true irq50_prio=0 irq67_pending=true irq67_enabled=true irq67_prio=224 selected=None
[clk=00466458 pc=0x0815bb76] DEBUG NVIC arb basepri=0x00 active_prio=Some(224) irq50_pending=false irq50_enabled=true irq50_prio=0 irq67_pending=true irq67_enabled=true irq67_prio=224 selected=None
[clk=00466459 pc=0x0815bb78] DEBUG NVIC arb basepri=0x00 active_prio=Some(224) irq50_pending=false irq50_enabled=true irq50_prio=0 irq67_pending=true irq67_enabled=true irq67_prio=224 selected=None
[clk=00466460 pc=0x0815bb7c] DEBUG NVIC arb basepri=0x00 active_prio=Some(224) irq50_pending=false irq50_enabled=true irq50_prio=0 irq67_pending=true irq67_enabled=true irq67_prio=224 selected=None
[clk=00466461 pc=0x0815bb80] DEBUG NVIC arb basepri=0x00 active_prio=Some(224) irq50_pending=false irq50_enabled=true irq50_prio=0 irq67_pending=true irq67_enabled=true irq67_prio=224 selected=None
[clk=00466462 pc=0x0815bb84] DEBUG NVIC arb basepri=0x00 active_prio=Some(224) irq50_pending=false irq50_enabled=true irq50_prio=0 irq67_pending=true irq67_enabled=true irq67_prio=224 selected=None
[clk=00466463 pc=0x0815bb88] DEBUG NVIC arb basepri=0x00 active_prio=Some(224) irq50_pending=false irq50_enabled=true irq50_prio=0 irq67_pending=true irq67_enabled=true irq67_prio=224 selected=None
[clk=00466464 pc=0x0815bb8a] DEBUG NVIC arb basepri=0x00 active_prio=Some(224) irq50_pending=false irq50_enabled=true irq50_prio=0 irq67_pending=true irq67_enabled=true irq67_prio=224 selected=None
[clk=00466465 pc=0x0815bb8e] DEBUG NVIC arb basepri=0x00 active_prio=Some(224) irq50_pending=false irq50_enabled=true irq50_prio=0 irq67_pending=true irq67_enabled=true irq67_prio=224 selected=None
[clk=00466466 pc=0x0815bb92] DEBUG NVIC arb basepri=0x00 active_prio=Some(224) irq50_pending=false irq50_enabled=true irq50_prio=0 irq67_pending=true irq67_enabled=true irq67_prio=224 selected=None
[clk=00466467 pc=0x0815bb94] DEBUG NVIC arb basepri=0x00 active_prio=Some(224) irq50_pending=false irq50_enabled=true irq50_prio=0 irq67_pending=true irq67_enabled=true irq67_prio=224 selected=None
[clk=00466468 pc=0x0815bb96] DEBUG NVIC arb basepri=0x00 active_prio=Some(224) irq50_pending=false irq50_enabled=true irq50_prio=0 irq67_pending=true irq67_enabled=true irq67_prio=224 selected=None
[clk=00466469 pc=0x0815bb9a] DEBUG NVIC arb basepri=0x00 active_prio=Some(224) irq50_pending=false irq50_enabled=true irq50_prio=0 irq67_pending=true irq67_enabled=true irq67_prio=224 selected=None
[clk=00466470 pc=0x0815bb9c] DEBUG NVIC arb basepri=0x00 active_prio=Some(224) irq50_pending=false irq50_enabled=true irq50_prio=0 irq67_pending=true irq67_enabled=true irq67_prio=224 selected=None
[clk=00466471 pc=0x0815bb9e] DEBUG NVIC arb basepri=0x00 active_prio=Some(224) irq50_pending=false irq50_enabled=true irq50_prio=0 irq67_pending=true irq67_enabled=true irq67_prio=224 selected=None
[clk=00466472 pc=0x08158e1c] DEBUG NVIC arb basepri=0x00 active_prio=Some(224) irq50_pending=false irq50_enabled=true irq50_prio=0 irq67_pending=true irq67_enabled=true irq67_prio=224 selected=None
[clk=00466473 pc=0x08158e1e] DEBUG NVIC arb basepri=0x00 active_prio=Some(224) irq50_pending=false irq50_enabled=true irq50_prio=0 irq67_pending=true irq67_enabled=true irq67_prio=224 selected=None
[clk=00466474 pc=0x08158e20] DEBUG NVIC arb basepri=0x00 active_prio=Some(224) irq50_pending=false irq50_enabled=true irq50_prio=0 irq67_pending=true irq67_enabled=true irq67_prio=224 selected=None
[clk=00466475 pc=0x08158e24] DEBUG NVIC arb basepri=0x00 active_prio=Some(224) irq50_pending=false irq50_enabled=true irq50_prio=0 irq67_pending=true irq67_enabled=true irq67_prio=224 selected=None
[clk=00466476 pc=0x08158e26] DEBUG NVIC arb basepri=0x00 active_prio=Some(224) irq50_pending=false irq50_enabled=true irq50_prio=0 irq67_pending=true irq67_enabled=true irq67_prio=224 selected=None
[clk=00466477 pc=0x08158e28] DEBUG NVIC arb basepri=0x00 active_prio=Some(224) irq50_pending=false irq50_enabled=true irq50_prio=0 irq67_pending=true irq67_enabled=true irq67_prio=224 selected=None
[clk=00466478 pc=0x08158e2c] DEBUG NVIC arb basepri=0x00 active_prio=Some(224) irq50_pending=false irq50_enabled=true irq50_prio=0 irq67_pending=true irq67_enabled=true irq67_prio=224 selected=None
[clk=00466479 pc=0x08158e30] DEBUG NVIC arb basepri=0x00 active_prio=Some(224) irq50_pending=false irq50_enabled=true irq50_prio=0 irq67_pending=true irq67_enabled=true irq67_prio=224 selected=None
[clk=00466480 pc=0x08158e32] DEBUG NVIC arb basepri=0x00 active_prio=Some(224) irq50_pending=false irq50_enabled=true irq50_prio=0 irq67_pending=true irq67_enabled=true irq67_prio=224 selected=None
[clk=00466481 pc=0x0815bac0] DEBUG NVIC arb basepri=0x00 active_prio=Some(224) irq50_pending=false irq50_enabled=true irq50_prio=0 irq67_pending=true irq67_enabled=true irq67_prio=224 selected=None
[clk=00466482 pc=0x0815bac2] DEBUG NVIC arb basepri=0x00 active_prio=Some(224) irq50_pending=false irq50_enabled=true irq50_prio=0 irq67_pending=true irq67_enabled=true irq67_prio=224 selected=None
[clk=00466483 pc=0x0815bac6] DEBUG NVIC arb basepri=0x00 active_prio=Some(224) irq50_pending=false irq50_enabled=true irq50_prio=0 irq67_pending=true irq67_enabled=true irq67_prio=224 selected=None
[clk=00466484 pc=0x0815bac8] DEBUG NVIC arb basepri=0x00 active_prio=Some(224) irq50_pending=false irq50_enabled=true irq50_prio=0 irq67_pending=true irq67_enabled=true irq67_prio=224 selected=None
[clk=00466485 pc=0x0815baca] DEBUG NVIC arb basepri=0x00 active_prio=Some(224) irq50_pending=false irq50_enabled=true irq50_prio=0 irq67_pending=true irq67_enabled=true irq67_prio=224 selected=None
[clk=00466486 pc=0x0815bacc] DEBUG NVIC arb basepri=0x00 active_prio=Some(224) irq50_pending=false irq50_enabled=true irq50_prio=0 irq67_pending=true irq67_enabled=true irq67_prio=224 selected=None
[clk=00466487 pc=0x0815bace] DEBUG NVIC arb basepri=0x00 active_prio=Some(224) irq50_pending=false irq50_enabled=true irq50_prio=0 irq67_pending=true irq67_enabled=true irq67_prio=224 selected=None
[clk=00466488 pc=0x0815bad0] DEBUG NVIC arb basepri=0x00 active_prio=Some(224) irq50_pending=false irq50_enabled=true irq50_prio=0 irq67_pending=true irq67_enabled=true irq67_prio=224 selected=None
[clk=00466489 pc=0x0815bad2] DEBUG NVIC arb basepri=0x00 active_prio=Some(224) irq50_pending=false irq50_enabled=true irq50_prio=0 irq67_pending=true irq67_enabled=true irq67_prio=224 selected=None
[clk=00466490 pc=0x08158e36] DEBUG NVIC arb basepri=0x00 active_prio=Some(224) irq50_pending=false irq50_enabled=true irq50_prio=0 irq67_pending=true irq67_enabled=true irq67_prio=224 selected=None
[clk=00466491 pc=0x08158e38] DEBUG NVIC arb basepri=0x00 active_prio=Some(224) irq50_pending=false irq50_enabled=true irq50_prio=0 irq67_pending=true irq67_enabled=true irq67_prio=224 selected=None
[clk=00466492 pc=0x08158e3a] DEBUG NVIC arb basepri=0x00 active_prio=Some(224) irq50_pending=false irq50_enabled=true irq50_prio=0 irq67_pending=true irq67_enabled=true irq67_prio=224 selected=None
[clk=00466493 pc=0x08158e3c] DEBUG NVIC arb basepri=0x00 active_prio=Some(224) irq50_pending=false irq50_enabled=true irq50_prio=0 irq67_pending=true irq67_enabled=true irq67_prio=224 selected=None
[clk=00466494 pc=0x08158e3e] DEBUG NVIC arb basepri=0x00 active_prio=Some(224) irq50_pending=false irq50_enabled=true irq50_prio=0 irq67_pending=true irq67_enabled=true irq67_prio=224 selected=None
[clk=00466495 pc=0x0815a2b4] DEBUG NVIC arb basepri=0x00 active_prio=Some(224) irq50_pending=false irq50_enabled=true irq50_prio=0 irq67_pending=true irq67_enabled=true irq67_prio=224 selected=None
[clk=00466496 pc=0x0815a2b6] DEBUG NVIC arb basepri=0x00 active_prio=Some(224) irq50_pending=false irq50_enabled=true irq50_prio=0 irq67_pending=true irq67_enabled=true irq67_prio=224 selected=None
[clk=00466497 pc=0x0815a2ba] DEBUG NVIC arb basepri=0x00 active_prio=Some(224) irq50_pending=false irq50_enabled=true irq50_prio=0 irq67_pending=true irq67_enabled=true irq67_prio=224 selected=None
[clk=00466498 pc=0x0815a2be] DEBUG NVIC arb basepri=0x00 active_prio=Some(224) irq50_pending=false irq50_enabled=true irq50_prio=0 irq67_pending=true irq67_enabled=true irq67_prio=224 selected=None
[clk=00466499 pc=0x0815a2c0] DEBUG NVIC arb basepri=0x00 active_prio=Some(224) irq50_pending=false irq50_enabled=true irq50_prio=0 irq67_pending=true irq67_enabled=true irq67_prio=224 selected=None
[clk=00466500 pc=0x0815a2e6] DEBUG NVIC arb basepri=0x00 active_prio=Some(224) irq50_pending=false irq50_enabled=true irq50_prio=0 irq67_pending=true irq67_enabled=true irq67_prio=224 selected=None
[clk=00466501 pc=0x0815a2ea] DEBUG NVIC arb basepri=0x00 active_prio=Some(224) irq50_pending=false irq50_enabled=true irq50_prio=0 irq67_pending=true irq67_enabled=true irq67_prio=224 selected=None
[clk=00466502 pc=0x0815a2ec] DEBUG NVIC arb basepri=0x00 active_prio=Some(224) irq50_pending=false irq50_enabled=true irq50_prio=0 irq67_pending=true irq67_enabled=true irq67_prio=224 selected=None
[clk=00466503 pc=0x0815a2c2] DEBUG NVIC arb basepri=0x00 active_prio=Some(224) irq50_pending=false irq50_enabled=true irq50_prio=0 irq67_pending=true irq67_enabled=true irq67_prio=224 selected=None
[clk=00466504 pc=0x0815a2c6] DEBUG NVIC arb basepri=0x00 active_prio=Some(224) irq50_pending=false irq50_enabled=true irq50_prio=0 irq67_pending=true irq67_enabled=true irq67_prio=224 selected=None
[clk=00466505 pc=0x0815a2c8] DEBUG NVIC arb basepri=0x00 active_prio=Some(224) irq50_pending=false irq50_enabled=true irq50_prio=0 irq67_pending=true irq67_enabled=true irq67_prio=224 selected=None
[clk=00466506 pc=0x0815a2ca] DEBUG NVIC arb basepri=0x00 active_prio=Some(224) irq50_pending=false irq50_enabled=true irq50_prio=0 irq67_pending=true irq67_enabled=true irq67_prio=224 selected=None
[clk=00466507 pc=0x0815a2ce] DEBUG NVIC arb basepri=0x00 active_prio=Some(224) irq50_pending=false irq50_enabled=true irq50_prio=0 irq67_pending=true irq67_enabled=true irq67_prio=224 selected=None
[clk=00466508 pc=0x0815a2d0] DEBUG NVIC arb basepri=0x00 active_prio=Some(224) irq50_pending=false irq50_enabled=true irq50_prio=0 irq67_pending=true irq67_enabled=true irq67_prio=224 selected=None
[clk=00466509 pc=0x0815a2d4] DEBUG NVIC arb basepri=0x00 active_prio=Some(224) irq50_pending=false irq50_enabled=true irq50_prio=0 irq67_pending=true irq67_enabled=true irq67_prio=224 selected=None
[clk=00466510 pc=0x0815a2d6] DEBUG NVIC arb basepri=0x00 active_prio=Some(224) irq50_pending=false irq50_enabled=true irq50_prio=0 irq67_pending=true irq67_enabled=true irq67_prio=224 selected=None
[clk=00466511 pc=0x0815a2d8] DEBUG NVIC arb basepri=0x00 active_prio=Some(224) irq50_pending=false irq50_enabled=true irq50_prio=0 irq67_pending=true irq67_enabled=true irq67_prio=224 selected=None
[clk=00466512 pc=0x0815a2da] DEBUG NVIC arb basepri=0x00 active_prio=Some(224) irq50_pending=false irq50_enabled=true irq50_prio=0 irq67_pending=true irq67_enabled=true irq67_prio=224 selected=None
[clk=00466513 pc=0x0815a2dc] DEBUG NVIC arb basepri=0x00 active_prio=Some(224) irq50_pending=false irq50_enabled=true irq50_prio=0 irq67_pending=true irq67_enabled=true irq67_prio=224 selected=None
[clk=00466514 pc=0x0815a2de] DEBUG NVIC arb basepri=0x00 active_prio=Some(224) irq50_pending=false irq50_enabled=true irq50_prio=0 irq67_pending=true irq67_enabled=true irq67_prio=224 selected=None
[clk=00466515 pc=0x0815a30a] DEBUG NVIC arb basepri=0x00 active_prio=Some(224) irq50_pending=false irq50_enabled=true irq50_prio=0 irq67_pending=true irq67_enabled=true irq67_prio=224 selected=None
[clk=00466516 pc=0x0815a30c] DEBUG NVIC arb basepri=0x00 active_prio=Some(224) irq50_pending=false irq50_enabled=true irq50_prio=0 irq67_pending=true irq67_enabled=true irq67_prio=224 selected=None
[clk=00466517 pc=0x0815a30e] DEBUG NVIC arb basepri=0x00 active_prio=Some(224) irq50_pending=false irq50_enabled=true irq50_prio=0 irq67_pending=true irq67_enabled=true irq67_prio=224 selected=None
[clk=00466518 pc=0x0815a310] DEBUG NVIC arb basepri=0x00 active_prio=Some(224) irq50_pending=false irq50_enabled=true irq50_prio=0 irq67_pending=true irq67_enabled=true irq67_prio=224 selected=None
[clk=00466519 pc=0x0815a312] DEBUG NVIC arb basepri=0x00 active_prio=Some(224) irq50_pending=false irq50_enabled=true irq50_prio=0 irq67_pending=true irq67_enabled=true irq67_prio=224 selected=None
[clk=00466520 pc=0x0815a314] DEBUG NVIC arb basepri=0x00 active_prio=Some(224) irq50_pending=false irq50_enabled=true irq50_prio=0 irq67_pending=true irq67_enabled=true irq67_prio=224 selected=None
[clk=00466521 pc=0x0815a316] DEBUG NVIC arb basepri=0x00 active_prio=Some(224) irq50_pending=false irq50_enabled=true irq50_prio=0 irq67_pending=true irq67_enabled=true irq67_prio=224 selected=None
[clk=00466522 pc=0x0815a318] DEBUG NVIC arb basepri=0x00 active_prio=Some(224) irq50_pending=false irq50_enabled=true irq50_prio=0 irq67_pending=true irq67_enabled=true irq67_prio=224 selected=None
[clk=00466523 pc=0x0815a2e4] DEBUG NVIC arb basepri=0x00 active_prio=Some(224) irq50_pending=false irq50_enabled=true irq50_prio=0 irq67_pending=true irq67_enabled=true irq67_prio=224 selected=None
[clk=00466524 pc=0x08158e40] DEBUG NVIC arb basepri=0x00 active_prio=Some(224) irq50_pending=false irq50_enabled=true irq50_prio=0 irq67_pending=true irq67_enabled=true irq67_prio=224 selected=None
[clk=00466525 pc=0x08158e54] DEBUG NVIC arb basepri=0x00 active_prio=Some(224) irq50_pending=false irq50_enabled=true irq50_prio=0 irq67_pending=true irq67_enabled=true irq67_prio=224 selected=None
[clk=00466526 pc=0x08158e58] DEBUG NVIC arb basepri=0x00 active_prio=Some(224) irq50_pending=false irq50_enabled=true irq50_prio=0 irq67_pending=true irq67_enabled=true irq67_prio=224 selected=None
[clk=00466527 pc=0x081589a4] DEBUG NVIC arb basepri=0x00 active_prio=Some(224) irq50_pending=false irq50_enabled=true irq50_prio=0 irq67_pending=true irq67_enabled=true irq67_prio=224 selected=None
[clk=00466528 pc=0x081589a6] DEBUG NVIC arb basepri=0x00 active_prio=Some(224) irq50_pending=false irq50_enabled=true irq50_prio=0 irq67_pending=true irq67_enabled=true irq67_prio=224 selected=None
[clk=00466529 pc=0x081589a8] DEBUG NVIC arb basepri=0x00 active_prio=Some(224) irq50_pending=false irq50_enabled=true irq50_prio=0 irq67_pending=true irq67_enabled=true irq67_prio=224 selected=None
[clk=00466530 pc=0x081589ac] DEBUG NVIC arb basepri=0x00 active_prio=Some(224) irq50_pending=false irq50_enabled=true irq50_prio=0 irq67_pending=true irq67_enabled=true irq67_prio=224 selected=None
[clk=00466531 pc=0x08158e5c] DEBUG NVIC arb basepri=0x00 active_prio=Some(224) irq50_pending=false irq50_enabled=true irq50_prio=0 irq67_pending=true irq67_enabled=true irq67_prio=224 selected=None
[clk=00466532 pc=0x08158e5e] DEBUG NVIC arb basepri=0x00 active_prio=Some(224) irq50_pending=false irq50_enabled=true irq50_prio=0 irq67_pending=true irq67_enabled=true irq67_prio=224 selected=None
[clk=00466533 pc=0x08158e60] DEBUG NVIC arb basepri=0x00 active_prio=Some(224) irq50_pending=false irq50_enabled=true irq50_prio=0 irq67_pending=true irq67_enabled=true irq67_prio=224 selected=None
[clk=00466534 pc=0x08158e64] DEBUG NVIC arb basepri=0x00 active_prio=Some(224) irq50_pending=false irq50_enabled=true irq50_prio=0 irq67_pending=true irq67_enabled=true irq67_prio=224 selected=None
[clk=00466535 pc=0x08158e68] DEBUG NVIC arb basepri=0x00 active_prio=Some(224) irq50_pending=false irq50_enabled=true irq50_prio=0 irq67_pending=true irq67_enabled=true irq67_prio=224 selected=None
[clk=00466536 pc=0x08158e6a] DEBUG NVIC arb basepri=0x00 active_prio=Some(224) irq50_pending=false irq50_enabled=true irq50_prio=0 irq67_pending=true irq67_enabled=true irq67_prio=224 selected=None
[clk=00466537 pc=0x08158e6c] DEBUG NVIC arb basepri=0x00 active_prio=Some(224) irq50_pending=false irq50_enabled=true irq50_prio=0 irq67_pending=true irq67_enabled=true irq67_prio=224 selected=None
[clk=00466538 pc=0x08158e6e] DEBUG NVIC arb basepri=0x00 active_prio=Some(224) irq50_pending=false irq50_enabled=true irq50_prio=0 irq67_pending=true irq67_enabled=true irq67_prio=224 selected=None
[clk=00466539 pc=0x08158e70] DEBUG NVIC arb basepri=0x00 active_prio=Some(224) irq50_pending=false irq50_enabled=true irq50_prio=0 irq67_pending=true irq67_enabled=true irq67_prio=224 selected=None
[clk=00466540 pc=0x08158e72] DEBUG NVIC arb basepri=0x00 active_prio=Some(224) irq50_pending=false irq50_enabled=true irq50_prio=0 irq67_pending=true irq67_enabled=true irq67_prio=224 selected=None
[clk=00466541 pc=0x08158e74] DEBUG NVIC arb basepri=0x00 active_prio=Some(224) irq50_pending=false irq50_enabled=true irq50_prio=0 irq67_pending=true irq67_enabled=true irq67_prio=224 selected=None
[clk=00466542 pc=0x08158e78] DEBUG NVIC arb basepri=0x00 active_prio=Some(224) irq50_pending=false irq50_enabled=true irq50_prio=0 irq67_pending=true irq67_enabled=true irq67_prio=224 selected=None
[clk=00466543 pc=0x08158e7a] DEBUG NVIC arb basepri=0x00 active_prio=Some(224) irq50_pending=false irq50_enabled=true irq50_prio=0 irq67_pending=true irq67_enabled=true irq67_prio=224 selected=None
[clk=00466544 pc=0x08158e7e] DEBUG NVIC arb basepri=0x30 active_prio=Some(224) irq50_pending=false irq50_enabled=true irq50_prio=0 irq67_pending=true irq67_enabled=true irq67_prio=224 selected=None
[clk=00466545 pc=0x08158e80] DEBUG NVIC arb basepri=0x30 active_prio=Some(224) irq50_pending=false irq50_enabled=true irq50_prio=0 irq67_pending=true irq67_enabled=true irq67_prio=224 selected=None
[clk=00466546 pc=0x08158e82] DEBUG NVIC arb basepri=0x30 active_prio=Some(224) irq50_pending=false irq50_enabled=true irq50_prio=0 irq67_pending=true irq67_enabled=true irq67_prio=224 selected=None
[clk=00466547 pc=0x08158e84] DEBUG NVIC arb basepri=0x30 active_prio=Some(224) irq50_pending=false irq50_enabled=true irq50_prio=0 irq67_pending=true irq67_enabled=true irq67_prio=224 selected=None
[clk=00466548 pc=0x08158e86] DEBUG NVIC arb basepri=0x30 active_prio=Some(224) irq50_pending=false irq50_enabled=true irq50_prio=0 irq67_pending=true irq67_enabled=true irq67_prio=224 selected=None
[clk=00466549 pc=0x08158d24] DEBUG NVIC arb basepri=0x30 active_prio=Some(224) irq50_pending=false irq50_enabled=true irq50_prio=0 irq67_pending=true irq67_enabled=true irq67_prio=224 selected=None
[clk=00466550 pc=0x08158d26] DEBUG NVIC arb basepri=0x30 active_prio=Some(224) irq50_pending=false irq50_enabled=true irq50_prio=0 irq67_pending=true irq67_enabled=true irq67_prio=224 selected=None
[clk=00466551 pc=0x08158d28] DEBUG NVIC arb basepri=0x30 active_prio=Some(224) irq50_pending=false irq50_enabled=true irq50_prio=0 irq67_pending=true irq67_enabled=true irq67_prio=224 selected=None
[clk=00466552 pc=0x08158d2c] DEBUG NVIC arb basepri=0x30 active_prio=Some(224) irq50_pending=false irq50_enabled=true irq50_prio=0 irq67_pending=true irq67_enabled=true irq67_prio=224 selected=None
[clk=00466553 pc=0x08158d30] DEBUG NVIC arb basepri=0x30 active_prio=Some(224) irq50_pending=false irq50_enabled=true irq50_prio=0 irq67_pending=true irq67_enabled=true irq67_prio=224 selected=None
[clk=00466554 pc=0x08158d34] DEBUG NVIC arb basepri=0x30 active_prio=Some(224) irq50_pending=false irq50_enabled=true irq50_prio=0 irq67_pending=true irq67_enabled=true irq67_prio=224 selected=None
[clk=00466555 pc=0x08158d36] DEBUG NVIC arb basepri=0x30 active_prio=Some(224) irq50_pending=false irq50_enabled=true irq50_prio=0 irq67_pending=true irq67_enabled=true irq67_prio=224 selected=None
[clk=00466556 pc=0x08158d3a] DEBUG NVIC arb basepri=0x30 active_prio=Some(224) irq50_pending=false irq50_enabled=true irq50_prio=0 irq67_pending=true irq67_enabled=true irq67_prio=224 selected=None
[clk=00466557 pc=0x08158d3e] DEBUG NVIC arb basepri=0x30 active_prio=Some(224) irq50_pending=false irq50_enabled=true irq50_prio=0 irq67_pending=true irq67_enabled=true irq67_prio=224 selected=None
[clk=00466558 pc=0x08158d40] DEBUG NVIC arb basepri=0x30 active_prio=Some(224) irq50_pending=false irq50_enabled=true irq50_prio=0 irq67_pending=true irq67_enabled=true irq67_prio=224 selected=None
[clk=00466559 pc=0x08158d44] DEBUG NVIC arb basepri=0x30 active_prio=Some(224) irq50_pending=false irq50_enabled=true irq50_prio=0 irq67_pending=true irq67_enabled=true irq67_prio=224 selected=None
[clk=00466560 pc=0x08158d46] DEBUG NVIC arb basepri=0x30 active_prio=Some(224) irq50_pending=false irq50_enabled=true irq50_prio=0 irq67_pending=true irq67_enabled=true irq67_prio=224 selected=None
[clk=00466561 pc=0x08158d48] DEBUG NVIC arb basepri=0x30 active_prio=Some(224) irq50_pending=false irq50_enabled=true irq50_prio=0 irq67_pending=true irq67_enabled=true irq67_prio=224 selected=None
[clk=00466562 pc=0x08158d4a] DEBUG NVIC arb basepri=0x30 active_prio=Some(224) irq50_pending=false irq50_enabled=true irq50_prio=0 irq67_pending=true irq67_enabled=true irq67_prio=224 selected=None
[clk=00466563 pc=0x08158d4c] DEBUG NVIC arb basepri=0x30 active_prio=Some(224) irq50_pending=false irq50_enabled=true irq50_prio=0 irq67_pending=true irq67_enabled=true irq67_prio=224 selected=None
[clk=00466564 pc=0x08158d4e] DEBUG NVIC arb basepri=0x30 active_prio=Some(224) irq50_pending=false irq50_enabled=true irq50_prio=0 irq67_pending=true irq67_enabled=true irq67_prio=224 selected=None
[clk=00466565 pc=0x08158d50] DEBUG NVIC arb basepri=0x30 active_prio=Some(224) irq50_pending=false irq50_enabled=true irq50_prio=0 irq67_pending=true irq67_enabled=true irq67_prio=224 selected=None
[clk=00466566 pc=0x0815bad4] DEBUG NVIC arb basepri=0x30 active_prio=Some(224) irq50_pending=false irq50_enabled=true irq50_prio=0 irq67_pending=true irq67_enabled=true irq67_prio=224 selected=None
[clk=00466567 pc=0x0815bad6] DEBUG NVIC arb basepri=0x30 active_prio=Some(224) irq50_pending=false irq50_enabled=true irq50_prio=0 irq67_pending=true irq67_enabled=true irq67_prio=224 selected=None
[clk=00466568 pc=0x0815bad8] DEBUG NVIC arb basepri=0x30 active_prio=Some(224) irq50_pending=false irq50_enabled=true irq50_prio=0 irq67_pending=true irq67_enabled=true irq67_prio=224 selected=None
[clk=00466569 pc=0x0815badc] DEBUG NVIC arb basepri=0x30 active_prio=Some(224) irq50_pending=false irq50_enabled=true irq50_prio=0 irq67_pending=true irq67_enabled=true irq67_prio=224 selected=None
[clk=00466570 pc=0x0815bade] DEBUG NVIC arb basepri=0x30 active_prio=Some(224) irq50_pending=false irq50_enabled=true irq50_prio=0 irq67_pending=true irq67_enabled=true irq67_prio=224 selected=None
[clk=00466571 pc=0x0815bae0] DEBUG NVIC arb basepri=0x30 active_prio=Some(224) irq50_pending=false irq50_enabled=true irq50_prio=0 irq67_pending=true irq67_enabled=true irq67_prio=224 selected=None
[clk=00466572 pc=0x0815bae2] DEBUG NVIC arb basepri=0x30 active_prio=Some(224) irq50_pending=false irq50_enabled=true irq50_prio=0 irq67_pending=true irq67_enabled=true irq67_prio=224 selected=None
[clk=00466573 pc=0x0815bae4] DEBUG NVIC arb basepri=0x30 active_prio=Some(224) irq50_pending=false irq50_enabled=true irq50_prio=0 irq67_pending=true irq67_enabled=true irq67_prio=224 selected=None
[clk=00466574 pc=0x0815bae6] DEBUG NVIC arb basepri=0x30 active_prio=Some(224) irq50_pending=false irq50_enabled=true irq50_prio=0 irq67_pending=true irq67_enabled=true irq67_prio=224 selected=None
[clk=00466575 pc=0x0815bae8] DEBUG NVIC arb basepri=0x30 active_prio=Some(224) irq50_pending=false irq50_enabled=true irq50_prio=0 irq67_pending=true irq67_enabled=true irq67_prio=224 selected=None
[clk=00466576 pc=0x0815baee] DEBUG NVIC arb basepri=0x30 active_prio=Some(224) irq50_pending=false irq50_enabled=true irq50_prio=0 irq67_pending=true irq67_enabled=true irq67_prio=224 selected=None
[clk=00466577 pc=0x0815baf0] DEBUG NVIC arb basepri=0x30 active_prio=Some(224) irq50_pending=false irq50_enabled=true irq50_prio=0 irq67_pending=true irq67_enabled=true irq67_prio=224 selected=None
[clk=00466578 pc=0x0815baf4] DEBUG NVIC arb basepri=0x30 active_prio=Some(224) irq50_pending=false irq50_enabled=true irq50_prio=0 irq67_pending=true irq67_enabled=true irq67_prio=224 selected=None
[clk=00466579 pc=0x0815baf8] DEBUG NVIC arb basepri=0x30 active_prio=Some(224) irq50_pending=false irq50_enabled=true irq50_prio=0 irq67_pending=true irq67_enabled=true irq67_prio=224 selected=None
[clk=00466580 pc=0x0815bafc] DEBUG NVIC arb basepri=0x30 active_prio=Some(224) irq50_pending=false irq50_enabled=true irq50_prio=0 irq67_pending=true irq67_enabled=true irq67_prio=224 selected=None
[clk=00466581 pc=0x0815bafe] DEBUG NVIC arb basepri=0x30 active_prio=Some(224) irq50_pending=false irq50_enabled=true irq50_prio=0 irq67_pending=true irq67_enabled=true irq67_prio=224 selected=None
[clk=00466582 pc=0x0815bb00] DEBUG NVIC arb basepri=0x30 active_prio=Some(224) irq50_pending=false irq50_enabled=true irq50_prio=0 irq67_pending=true irq67_enabled=true irq67_prio=224 selected=None
[clk=00466583 pc=0x0815bb02] DEBUG NVIC arb basepri=0x30 active_prio=Some(224) irq50_pending=false irq50_enabled=true irq50_prio=0 irq67_pending=true irq67_enabled=true irq67_prio=224 selected=None
[clk=00466584 pc=0x0815bb06] DEBUG NVIC arb basepri=0x30 active_prio=Some(224) irq50_pending=false irq50_enabled=true irq50_prio=0 irq67_pending=true irq67_enabled=true irq67_prio=224 selected=None
[clk=00466585 pc=0x0815bb0a] DEBUG NVIC arb basepri=0x30 active_prio=Some(224) irq50_pending=false irq50_enabled=true irq50_prio=0 irq67_pending=true irq67_enabled=true irq67_prio=224 selected=None
[clk=00466586 pc=0x0815bb0c] DEBUG NVIC arb basepri=0x30 active_prio=Some(224) irq50_pending=false irq50_enabled=true irq50_prio=0 irq67_pending=true irq67_enabled=true irq67_prio=224 selected=None
[clk=00466587 pc=0x0815bb10] DEBUG NVIC arb basepri=0x30 active_prio=Some(224) irq50_pending=false irq50_enabled=true irq50_prio=0 irq67_pending=true irq67_enabled=true irq67_prio=224 selected=None
[clk=00466588 pc=0x0815bb14] DEBUG NVIC arb basepri=0x30 active_prio=Some(224) irq50_pending=false irq50_enabled=true irq50_prio=0 irq67_pending=true irq67_enabled=true irq67_prio=224 selected=None
[clk=00466589 pc=0x0815bb18] DEBUG NVIC arb basepri=0x30 active_prio=Some(224) irq50_pending=false irq50_enabled=true irq50_prio=0 irq67_pending=true irq67_enabled=true irq67_prio=224 selected=None
[clk=00466590 pc=0x0815bb1a] DEBUG NVIC arb basepri=0x30 active_prio=Some(224) irq50_pending=false irq50_enabled=true irq50_prio=0 irq67_pending=true irq67_enabled=true irq67_prio=224 selected=None
[clk=00466591 pc=0x0815bb1e] DEBUG NVIC arb basepri=0x30 active_prio=Some(224) irq50_pending=false irq50_enabled=true irq50_prio=0 irq67_pending=true irq67_enabled=true irq67_prio=224 selected=None
[clk=00466592 pc=0x0815bb22] DEBUG NVIC arb basepri=0x30 active_prio=Some(224) irq50_pending=false irq50_enabled=true irq50_prio=0 irq67_pending=true irq67_enabled=true irq67_prio=224 selected=None
[clk=00466593 pc=0x0815bb26] DEBUG NVIC arb basepri=0x30 active_prio=Some(224) irq50_pending=false irq50_enabled=true irq50_prio=0 irq67_pending=true irq67_enabled=true irq67_prio=224 selected=None
[clk=00466594 pc=0x0815bb28] DEBUG NVIC arb basepri=0x30 active_prio=Some(224) irq50_pending=false irq50_enabled=true irq50_prio=0 irq67_pending=true irq67_enabled=true irq67_prio=224 selected=None
[clk=00466595 pc=0x0815bb2c] DEBUG NVIC arb basepri=0x30 active_prio=Some(224) irq50_pending=false irq50_enabled=true irq50_prio=0 irq67_pending=true irq67_enabled=true irq67_prio=224 selected=None
[clk=00466596 pc=0x0815bb2e] DEBUG NVIC arb basepri=0x30 active_prio=Some(224) irq50_pending=false irq50_enabled=true irq50_prio=0 irq67_pending=true irq67_enabled=true irq67_prio=224 selected=None
[clk=00466597 pc=0x0815bb30] DEBUG NVIC arb basepri=0x30 active_prio=Some(224) irq50_pending=false irq50_enabled=true irq50_prio=0 irq67_pending=true irq67_enabled=true irq67_prio=224 selected=None
[clk=00466598 pc=0x0815bb32] DEBUG NVIC arb basepri=0x30 active_prio=Some(224) irq50_pending=false irq50_enabled=true irq50_prio=0 irq67_pending=true irq67_enabled=true irq67_prio=224 selected=None
[clk=00466599 pc=0x0815bb34] DEBUG NVIC arb basepri=0x30 active_prio=Some(224) irq50_pending=false irq50_enabled=true irq50_prio=0 irq67_pending=true irq67_enabled=true irq67_prio=224 selected=None
[clk=00466600 pc=0x0815bb36] DEBUG NVIC arb basepri=0x30 active_prio=Some(224) irq50_pending=false irq50_enabled=true irq50_prio=0 irq67_pending=true irq67_enabled=true irq67_prio=224 selected=None
[clk=00466601 pc=0x0815bb38] DEBUG NVIC arb basepri=0x30 active_prio=Some(224) irq50_pending=false irq50_enabled=true irq50_prio=0 irq67_pending=true irq67_enabled=true irq67_prio=224 selected=None
[clk=00466602 pc=0x0815bb3c] DEBUG NVIC arb basepri=0x30 active_prio=Some(224) irq50_pending=false irq50_enabled=true irq50_prio=0 irq67_pending=true irq67_enabled=true irq67_prio=224 selected=None
[clk=00466603 pc=0x0815bb3e] DEBUG NVIC arb basepri=0x30 active_prio=Some(224) irq50_pending=false irq50_enabled=true irq50_prio=0 irq67_pending=true irq67_enabled=true irq67_prio=224 selected=None
[clk=00466604 pc=0x0815bb42] DEBUG NVIC arb basepri=0x30 active_prio=Some(224) irq50_pending=false irq50_enabled=true irq50_prio=0 irq67_pending=true irq67_enabled=true irq67_prio=224 selected=None
[clk=00466605 pc=0x08158d54] DEBUG NVIC arb basepri=0x30 active_prio=Some(224) irq50_pending=false irq50_enabled=true irq50_prio=0 irq67_pending=true irq67_enabled=true irq67_prio=224 selected=None
[clk=00466606 pc=0x08158e8a] DEBUG NVIC arb basepri=0x30 active_prio=Some(224) irq50_pending=false irq50_enabled=true irq50_prio=0 irq67_pending=true irq67_enabled=true irq67_prio=224 selected=None
[clk=00466607 pc=0x08158e8c] DEBUG NVIC arb basepri=0x30 active_prio=Some(224) irq50_pending=false irq50_enabled=true irq50_prio=0 irq67_pending=true irq67_enabled=true irq67_prio=224 selected=None
[clk=00466608 pc=0x08158e90] DEBUG NVIC arb basepri=0x00 active_prio=Some(224) irq50_pending=false irq50_enabled=true irq50_prio=0 irq67_pending=true irq67_enabled=true irq67_prio=224 selected=None
[clk=00466609 pc=0x08158eb4] DEBUG NVIC arb basepri=0x00 active_prio=Some(224) irq50_pending=false irq50_enabled=true irq50_prio=0 irq67_pending=true irq67_enabled=true irq67_prio=224 selected=None
[clk=00466610 pc=0x0815bba0] DEBUG NVIC arb basepri=0x00 active_prio=Some(224) irq50_pending=false irq50_enabled=true irq50_prio=0 irq67_pending=true irq67_enabled=true irq67_prio=224 selected=None
[clk=00466611 pc=0x0815bba4] DEBUG NVIC arb basepri=0x00 active_prio=Some(224) irq50_pending=false irq50_enabled=true irq50_prio=0 irq67_pending=true irq67_enabled=true irq67_prio=224 selected=None
[clk=00466612 pc=0x0815bbea] DEBUG NVIC arb basepri=0x00 active_prio=Some(224) irq50_pending=false irq50_enabled=true irq50_prio=0 irq67_pending=true irq67_enabled=true irq67_prio=224 selected=None
[clk=00466613 pc=0x0815be90] DEBUG NVIC arb basepri=0x00 active_prio=Some(224) irq50_pending=false irq50_enabled=true irq50_prio=0 irq67_pending=true irq67_enabled=true irq67_prio=224 selected=None
[clk=00466614 pc=0x0815bdca] DEBUG NVIC arb basepri=0x00 active_prio=Some(224) irq50_pending=false irq50_enabled=true irq50_prio=0 irq67_pending=true irq67_enabled=true irq67_prio=224 selected=None
[clk=00466615 pc=0x0815bdce] DEBUG NVIC arb basepri=0x00 active_prio=Some(224) irq50_pending=false irq50_enabled=true irq50_prio=0 irq67_pending=true irq67_enabled=true irq67_prio=224 selected=None
[clk=00466616 pc=0x0815bdd0] DEBUG NVIC arb basepri=0x00 active_prio=Some(224) irq50_pending=false irq50_enabled=true irq50_prio=0 irq67_pending=true irq67_enabled=true irq67_prio=224 selected=None
[clk=00466617 pc=0x0815bdd4] DEBUG NVIC arb basepri=0x00 active_prio=Some(224) irq50_pending=false irq50_enabled=true irq50_prio=0 irq67_pending=true irq67_enabled=true irq67_prio=224 selected=None
[clk=00466618 pc=0x0815bdd6] DEBUG NVIC arb basepri=0x00 active_prio=Some(224) irq50_pending=false irq50_enabled=true irq50_prio=0 irq67_pending=true irq67_enabled=true irq67_prio=224 selected=None
[clk=00466619 pc=0x0815bdda] DEBUG NVIC arb basepri=0x00 active_prio=Some(224) irq50_pending=false irq50_enabled=true irq50_prio=0 irq67_pending=true irq67_enabled=true irq67_prio=224 selected=None
[clk=00466620 pc=0x0815bddc] DEBUG NVIC arb basepri=0x00 active_prio=Some(224) irq50_pending=false irq50_enabled=true irq50_prio=0 irq67_pending=true irq67_enabled=true irq67_prio=224 selected=None
[clk=00466621 pc=0x0815bde0] DEBUG NVIC arb basepri=0x00 active_prio=Some(224) irq50_pending=false irq50_enabled=true irq50_prio=0 irq67_pending=true irq67_enabled=true irq67_prio=224 selected=None
[clk=00466622 pc=0x0815bdfa] DEBUG NVIC arb basepri=0x00 active_prio=Some(224) irq50_pending=false irq50_enabled=true irq50_prio=0 irq67_pending=true irq67_enabled=true irq67_prio=224 selected=None
[clk=00466623 pc=0x0815bee0] DEBUG NVIC arb basepri=0x00 active_prio=Some(224) irq50_pending=false irq50_enabled=true irq50_prio=0 irq67_pending=true irq67_enabled=true irq67_prio=224 selected=None
[clk=00466624 pc=0x08154d04] DEBUG NVIC arb basepri=0x00 active_prio=Some(224) irq50_pending=false irq50_enabled=true irq50_prio=0 irq67_pending=true irq67_enabled=true irq67_prio=224 selected=None
[clk=00466625 pc=0x08154d06] DEBUG NVIC arb basepri=0x00 active_prio=Some(224) irq50_pending=false irq50_enabled=true irq50_prio=0 irq67_pending=true irq67_enabled=true irq67_prio=224 selected=None
[clk=00466626 pc=0x08154d0a] DEBUG NVIC arb basepri=0x30 active_prio=Some(224) irq50_pending=false irq50_enabled=true irq50_prio=0 irq67_pending=true irq67_enabled=true irq67_prio=224 selected=None
[clk=00466627 pc=0x08154d0c] DEBUG NVIC arb basepri=0x30 active_prio=Some(224) irq50_pending=false irq50_enabled=true irq50_prio=0 irq67_pending=true irq67_enabled=true irq67_prio=224 selected=None
[clk=00466628 pc=0x08154d0e] DEBUG NVIC arb basepri=0x30 active_prio=Some(224) irq50_pending=false irq50_enabled=true irq50_prio=0 irq67_pending=true irq67_enabled=true irq67_prio=224 selected=None
[clk=00466629 pc=0x08154d12] DEBUG NVIC arb basepri=0x30 active_prio=Some(224) irq50_pending=false irq50_enabled=true irq50_prio=0 irq67_pending=true irq67_enabled=true irq67_prio=224 selected=None
[clk=00466630 pc=0x08154d14] DEBUG NVIC arb basepri=0x30 active_prio=Some(224) irq50_pending=false irq50_enabled=true irq50_prio=0 irq67_pending=true irq67_enabled=true irq67_prio=224 selected=None
[clk=00466631 pc=0x08154d16] DEBUG NVIC arb basepri=0x30 active_prio=Some(224) irq50_pending=false irq50_enabled=true irq50_prio=0 irq67_pending=true irq67_enabled=true irq67_prio=224 selected=None
[clk=00466632 pc=0x08154d1a] DEBUG NVIC arb basepri=0x00 active_prio=Some(224) irq50_pending=false irq50_enabled=true irq50_prio=0 irq67_pending=true irq67_enabled=true irq67_prio=224 selected=None
[clk=00466633 pc=0x0815bee4] DEBUG NVIC arb basepri=0x00 active_prio=Some(224) irq50_pending=false irq50_enabled=true irq50_prio=0 irq67_pending=true irq67_enabled=true irq67_prio=224 selected=None
[clk=00466633 pc=0x0815bee4] DEBUG NVIC arb basepri=0x00 active_prio=None irq50_pending=false irq50_enabled=true irq50_prio=0 irq67_pending=true irq67_enabled=true irq67_prio=224 selected=Some(67)
[clk=00466633 pc=0x0815bee4] DEBUG EMULATOR exception_return: dispatching IRQ 67 (chain_idx=0)
[clk=00466633 pc=0x0815bee4] DEBUG NVIC dispatching IRQ 67 vector=0x815bed9
[clk=00466634 pc=0x0815bed8] DEBUG NVIC arb basepri=0x00 active_prio=Some(224) irq50_pending=false irq50_enabled=true irq50_prio=0 irq67_pending=true irq67_enabled=true irq67_prio=224 selected=None
[clk=00466635 pc=0x0815beda] DEBUG NVIC arb basepri=0x00 active_prio=Some(224) irq50_pending=false irq50_enabled=true irq50_prio=0 irq67_pending=true irq67_enabled=true irq67_prio=224 selected=None
[clk=00466636 pc=0x0815bedc] DEBUG NVIC arb basepri=0x00 active_prio=Some(224) irq50_pending=false irq50_enabled=true irq50_prio=0 irq67_pending=true irq67_enabled=true irq67_prio=224 selected=None
[clk=00466637 pc=0x0815bd50] DEBUG NVIC arb basepri=0x00 active_prio=Some(224) irq50_pending=false irq50_enabled=true irq50_prio=0 irq67_pending=true irq67_enabled=true irq67_prio=224 selected=None
[clk=00466638 pc=0x0815bd52] DEBUG NVIC arb basepri=0x00 active_prio=Some(224) irq50_pending=false irq50_enabled=true irq50_prio=0 irq67_pending=true irq67_enabled=true irq67_prio=224 selected=None
[clk=00466639 pc=0x0815bd54] DEBUG NVIC arb basepri=0x00 active_prio=Some(224) irq50_pending=false irq50_enabled=true irq50_prio=0 irq67_pending=true irq67_enabled=true irq67_prio=224 selected=None
[clk=00466640 pc=0x0815bd56] DEBUG NVIC arb basepri=0x00 active_prio=Some(224) irq50_pending=false irq50_enabled=true irq50_prio=0 irq67_pending=true irq67_enabled=true irq67_prio=224 selected=None
[clk=00466641 pc=0x0815bd58] DEBUG NVIC arb basepri=0x00 active_prio=Some(224) irq50_pending=false irq50_enabled=true irq50_prio=0 irq67_pending=true irq67_enabled=true irq67_prio=224 selected=None
[clk=00466642 pc=0x0815bd5a] DEBUG NVIC arb basepri=0x00 active_prio=Some(224) irq50_pending=false irq50_enabled=true irq50_prio=0 irq67_pending=true irq67_enabled=true irq67_prio=224 selected=None
[clk=00466643 pc=0x0815bd5c] DEBUG NVIC arb basepri=0x00 active_prio=Some(224) irq50_pending=false irq50_enabled=true irq50_prio=0 irq67_pending=true irq67_enabled=true irq67_prio=224 selected=None
[clk=00466644 pc=0x0815bd5e] DEBUG NVIC arb basepri=0x00 active_prio=Some(224) irq50_pending=false irq50_enabled=true irq50_prio=0 irq67_pending=true irq67_enabled=true irq67_prio=224 selected=None
[clk=00466645 pc=0x0815bd62] DEBUG NVIC arb basepri=0x00 active_prio=Some(224) irq50_pending=false irq50_enabled=true irq50_prio=0 irq67_pending=true irq67_enabled=true irq67_prio=224 selected=None
[clk=00466646 pc=0x0815bd64] DEBUG NVIC arb basepri=0x00 active_prio=Some(224) irq50_pending=false irq50_enabled=true irq50_prio=0 irq67_pending=true irq67_enabled=true irq67_prio=224 selected=None
[clk=00466647 pc=0x0815bd66] DEBUG NVIC arb basepri=0x00 active_prio=Some(224) irq50_pending=false irq50_enabled=true irq50_prio=0 irq67_pending=true irq67_enabled=true irq67_prio=224 selected=None
[clk=00466648 pc=0x0815bd68] DEBUG NVIC arb basepri=0x00 active_prio=Some(224) irq50_pending=false irq50_enabled=true irq50_prio=0 irq67_pending=true irq67_enabled=true irq67_prio=224 selected=None
[clk=00466649 pc=0x0815bd6c] DEBUG NVIC arb basepri=0x00 active_prio=Some(224) irq50_pending=false irq50_enabled=true irq50_prio=0 irq67_pending=true irq67_enabled=true irq67_prio=224 selected=None
[clk=00466650 pc=0x0815bd6e] DEBUG NVIC arb basepri=0x00 active_prio=Some(224) irq50_pending=false irq50_enabled=true irq50_prio=0 irq67_pending=true irq67_enabled=true irq67_prio=224 selected=None
[clk=00466651 pc=0x0815bd72] DEBUG NVIC arb basepri=0x00 active_prio=Some(224) irq50_pending=false irq50_enabled=true irq50_prio=0 irq67_pending=true irq67_enabled=true irq67_prio=224 selected=None
[clk=00466652 pc=0x0815bd8a] DEBUG NVIC arb basepri=0x00 active_prio=Some(224) irq50_pending=false irq50_enabled=true irq50_prio=0 irq67_pending=true irq67_enabled=true irq67_prio=224 selected=None
[clk=00466653 pc=0x0815bd8e] DEBUG NVIC arb basepri=0x00 active_prio=Some(224) irq50_pending=false irq50_enabled=true irq50_prio=0 irq67_pending=true irq67_enabled=true irq67_prio=224 selected=None
[clk=00466654 pc=0x0815bda8] DEBUG NVIC arb basepri=0x00 active_prio=Some(224) irq50_pending=false irq50_enabled=true irq50_prio=0 irq67_pending=true irq67_enabled=true irq67_prio=224 selected=None
[clk=00466655 pc=0x0815bdac] DEBUG NVIC arb basepri=0x00 active_prio=Some(224) irq50_pending=false irq50_enabled=true irq50_prio=0 irq67_pending=true irq67_enabled=true irq67_prio=224 selected=None
[clk=00466656 pc=0x0815bdae] DEBUG NVIC arb basepri=0x00 active_prio=Some(224) irq50_pending=false irq50_enabled=true irq50_prio=0 irq67_pending=true irq67_enabled=true irq67_prio=224 selected=None
[clk=00466657 pc=0x0815bdb2] DEBUG NVIC arb basepri=0x00 active_prio=Some(224) irq50_pending=false irq50_enabled=true irq50_prio=0 irq67_pending=true irq67_enabled=true irq67_prio=224 selected=None
[clk=00466658 pc=0x0815bdb4] DEBUG NVIC arb basepri=0x00 active_prio=Some(224) irq50_pending=false irq50_enabled=true irq50_prio=0 irq67_pending=true irq67_enabled=true irq67_prio=224 selected=None
[clk=00466659 pc=0x0815bdb8] DEBUG NVIC arb basepri=0x00 active_prio=Some(224) irq50_pending=false irq50_enabled=true irq50_prio=0 irq67_pending=true irq67_enabled=true irq67_prio=224 selected=None
[clk=00466660 pc=0x0815be80] DEBUG NVIC arb basepri=0x00 active_prio=Some(224) irq50_pending=false irq50_enabled=true irq50_prio=0 irq67_pending=true irq67_enabled=true irq67_prio=224 selected=None
[clk=00466661 pc=0x0815be82] DEBUG NVIC arb basepri=0x00 active_prio=Some(224) irq50_pending=false irq50_enabled=true irq50_prio=0 irq67_pending=true irq67_enabled=true irq67_prio=224 selected=None
[clk=00466662 pc=0x0815b56c] DEBUG NVIC arb basepri=0x00 active_prio=Some(224) irq50_pending=false irq50_enabled=true irq50_prio=0 irq67_pending=true irq67_enabled=true irq67_prio=224 selected=None
[clk=00466663 pc=0x0815b56e] DEBUG NVIC arb basepri=0x00 active_prio=Some(224) irq50_pending=false irq50_enabled=true irq50_prio=0 irq67_pending=true irq67_enabled=true irq67_prio=224 selected=None
[clk=00466664 pc=0x0815b570] DEBUG NVIC arb basepri=0x00 active_prio=Some(224) irq50_pending=false irq50_enabled=true irq50_prio=0 irq67_pending=true irq67_enabled=true irq67_prio=224 selected=None
[clk=00466664 pc=0x0815b570] DEBUG OTG_FS GRXSTSP pop at 0x020 state_after=OutXfrcPending result=0x00060000
[clk=00466665 pc=0x0815b572] INFO  OTG_FS: EP0 OUT data complete → DOEPINT XFRC (enum_stage=DeliverSetLineCoding)
[clk=00466665 pc=0x0815b572] DEBUG NVIC arb basepri=0x00 active_prio=Some(224) irq50_pending=false irq50_enabled=true irq50_prio=0 irq67_pending=true irq67_enabled=true irq67_prio=224 selected=None
[clk=00466666 pc=0x0815b576] DEBUG NVIC arb basepri=0x00 active_prio=Some(224) irq50_pending=false irq50_enabled=true irq50_prio=0 irq67_pending=true irq67_enabled=true irq67_prio=224 selected=None
[clk=00466667 pc=0x0815b57a] DEBUG NVIC arb basepri=0x00 active_prio=Some(224) irq50_pending=false irq50_enabled=true irq50_prio=0 irq67_pending=true irq67_enabled=true irq67_prio=224 selected=None
[clk=00466668 pc=0x0815b57e] DEBUG NVIC arb basepri=0x00 active_prio=Some(224) irq50_pending=false irq50_enabled=true irq50_prio=0 irq67_pending=true irq67_enabled=true irq67_prio=224 selected=None
[clk=00466669 pc=0x0815b582] DEBUG NVIC arb basepri=0x00 active_prio=Some(224) irq50_pending=false irq50_enabled=true irq50_prio=0 irq67_pending=true irq67_enabled=true irq67_prio=224 selected=None
[clk=00466670 pc=0x0815b584] DEBUG NVIC arb basepri=0x00 active_prio=Some(224) irq50_pending=false irq50_enabled=true irq50_prio=0 irq67_pending=true irq67_enabled=true irq67_prio=224 selected=None
[clk=00466671 pc=0x0815b588] DEBUG NVIC arb basepri=0x00 active_prio=Some(224) irq50_pending=false irq50_enabled=true irq50_prio=0 irq67_pending=true irq67_enabled=true irq67_prio=224 selected=None
[clk=00466672 pc=0x0815b5a0] DEBUG NVIC arb basepri=0x00 active_prio=Some(224) irq50_pending=false irq50_enabled=true irq50_prio=0 irq67_pending=true irq67_enabled=true irq67_prio=224 selected=None
[clk=00466673 pc=0x0815be86] DEBUG NVIC arb basepri=0x00 active_prio=Some(224) irq50_pending=false irq50_enabled=true irq50_prio=0 irq67_pending=true irq67_enabled=true irq67_prio=224 selected=None
[clk=00466674 pc=0x0815bdba] DEBUG NVIC arb basepri=0x00 active_prio=Some(224) irq50_pending=false irq50_enabled=true irq50_prio=0 irq67_pending=true irq67_enabled=true irq67_prio=224 selected=None
[clk=00466675 pc=0x0815bdbe] DEBUG NVIC arb basepri=0x00 active_prio=Some(224) irq50_pending=false irq50_enabled=true irq50_prio=0 irq67_pending=true irq67_enabled=true irq67_prio=224 selected=None
[clk=00466676 pc=0x0815bdc2] DEBUG NVIC arb basepri=0x00 active_prio=Some(224) irq50_pending=false irq50_enabled=true irq50_prio=0 irq67_pending=true irq67_enabled=true irq67_prio=224 selected=None
[clk=00466677 pc=0x0815bddc] DEBUG NVIC arb basepri=0x00 active_prio=Some(224) irq50_pending=false irq50_enabled=true irq50_prio=0 irq67_pending=true irq67_enabled=true irq67_prio=224 selected=None
[clk=00466678 pc=0x0815bde0] DEBUG NVIC arb basepri=0x00 active_prio=Some(224) irq50_pending=false irq50_enabled=true irq50_prio=0 irq67_pending=true irq67_enabled=true irq67_prio=224 selected=None
[clk=00466679 pc=0x0815bdfa] DEBUG NVIC arb basepri=0x00 active_prio=Some(224) irq50_pending=false irq50_enabled=true irq50_prio=0 irq67_pending=true irq67_enabled=true irq67_prio=224 selected=None
[clk=00466680 pc=0x0815bee0] DEBUG NVIC arb basepri=0x00 active_prio=Some(224) irq50_pending=false irq50_enabled=true irq50_prio=0 irq67_pending=true irq67_enabled=true irq67_prio=224 selected=None
[clk=00466681 pc=0x08154d04] DEBUG NVIC arb basepri=0x00 active_prio=Some(224) irq50_pending=false irq50_enabled=true irq50_prio=0 irq67_pending=true irq67_enabled=true irq67_prio=224 selected=None
[clk=00466682 pc=0x08154d06] DEBUG NVIC arb basepri=0x00 active_prio=Some(224) irq50_pending=false irq50_enabled=true irq50_prio=0 irq67_pending=true irq67_enabled=true irq67_prio=224 selected=None
[clk=00466683 pc=0x08154d0a] DEBUG NVIC arb basepri=0x30 active_prio=Some(224) irq50_pending=false irq50_enabled=true irq50_prio=0 irq67_pending=true irq67_enabled=true irq67_prio=224 selected=None
[clk=00466684 pc=0x08154d0c] DEBUG NVIC arb basepri=0x30 active_prio=Some(224) irq50_pending=false irq50_enabled=true irq50_prio=0 irq67_pending=true irq67_enabled=true irq67_prio=224 selected=None
[clk=00466685 pc=0x08154d0e] DEBUG NVIC arb basepri=0x30 active_prio=Some(224) irq50_pending=false irq50_enabled=true irq50_prio=0 irq67_pending=true irq67_enabled=true irq67_prio=224 selected=None
[clk=00466686 pc=0x08154d12] DEBUG NVIC arb basepri=0x30 active_prio=Some(224) irq50_pending=false irq50_enabled=true irq50_prio=0 irq67_pending=true irq67_enabled=true irq67_prio=224 selected=None
[clk=00466687 pc=0x08154d14] DEBUG NVIC arb basepri=0x30 active_prio=Some(224) irq50_pending=false irq50_enabled=true irq50_prio=0 irq67_pending=true irq67_enabled=true irq67_prio=224 selected=None
[clk=00466688 pc=0x08154d16] DEBUG NVIC arb basepri=0x30 active_prio=Some(224) irq50_pending=false irq50_enabled=true irq50_prio=0 irq67_pending=true irq67_enabled=true irq67_prio=224 selected=None
[clk=00466689 pc=0x08154d1a] DEBUG NVIC arb basepri=0x00 active_prio=Some(224) irq50_pending=false irq50_enabled=true irq50_prio=0 irq67_pending=true irq67_enabled=true irq67_prio=224 selected=None
[clk=00466690 pc=0x0815bee4] DEBUG NVIC arb basepri=0x00 active_prio=Some(224) irq50_pending=false irq50_enabled=true irq50_prio=0 irq67_pending=true irq67_enabled=true irq67_prio=224 selected=None
[clk=00466690 pc=0x0815bee4] DEBUG NVIC arb basepri=0x00 active_prio=None irq50_pending=false irq50_enabled=true irq50_prio=0 irq67_pending=true irq67_enabled=true irq67_prio=224 selected=Some(67)
[clk=00466690 pc=0x0815bee4] DEBUG EMULATOR exception_return: dispatching IRQ 67 (chain_idx=0)
[clk=00466690 pc=0x0815bee4] DEBUG NVIC dispatching IRQ 67 vector=0x815bed9
[clk=00466819 pc=0x0815bc4a] INFO  OTG_FS: EP0 IN ZLP XFRC (enum_stage=DeliverSetLineCoding diepctl0=0x80208040)
[clk=00466819 pc=0x0815bc4a] INFO  OTG_FS: SetLineCoding ZLP done → DeliverSetControlLineState
[clk=00466819 pc=0x0815bc4a] DEBUG NVIC arb basepri=0x30 active_prio=Some(224) irq50_pending=false irq50_enabled=true irq50_prio=0 irq67_pending=true irq67_enabled=true irq67_prio=224 selected=None
[clk=00466820 pc=0x0815bc4c] INFO  OTG_FS: delivering SetControlLineState SETUP packet to EP0
[clk=00466820 pc=0x0815bc4c] DEBUG NVIC arb basepri=0x30 active_prio=Some(224) irq50_pending=false irq50_enabled=true irq50_prio=0 irq67_pending=true irq67_enabled=true irq67_prio=224 selected=None
[clk=00466821 pc=0x0815bc50] DEBUG NVIC arb basepri=0x30 active_prio=Some(224) irq50_pending=false irq50_enabled=true irq50_prio=0 irq67_pending=true irq67_enabled=true irq67_prio=224 selected=None
[clk=00466822 pc=0x0815bc52] DEBUG NVIC arb basepri=0x30 active_prio=Some(224) irq50_pending=false irq50_enabled=true irq50_prio=0 irq67_pending=true irq67_enabled=true irq67_prio=224 selected=None
[clk=00466823 pc=0x0815bc56] DEBUG NVIC arb basepri=0x30 active_prio=Some(224) irq50_pending=false irq50_enabled=true irq50_prio=0 irq67_pending=true irq67_enabled=true irq67_prio=224 selected=None
[clk=00466824 pc=0x0815bc58] DEBUG NVIC arb basepri=0x30 active_prio=Some(224) irq50_pending=false irq50_enabled=true irq50_prio=0 irq67_pending=true irq67_enabled=true irq67_prio=224 selected=None
[clk=00466825 pc=0x0815bc5c] DEBUG NVIC arb basepri=0x30 active_prio=Some(224) irq50_pending=false irq50_enabled=true irq50_prio=0 irq67_pending=true irq67_enabled=true irq67_prio=224 selected=None
[clk=00466826 pc=0x0815bc60] DEBUG NVIC arb basepri=0x30 active_prio=Some(224) irq50_pending=false irq50_enabled=true irq50_prio=0 irq67_pending=true irq67_enabled=true irq67_prio=224 selected=None
[clk=00466827 pc=0x08158d88] DEBUG NVIC arb basepri=0x30 active_prio=Some(224) irq50_pending=false irq50_enabled=true irq50_prio=0 irq67_pending=true irq67_enabled=true irq67_prio=224 selected=None
[clk=00466828 pc=0x08159008] DEBUG NVIC arb basepri=0x30 active_prio=Some(224) irq50_pending=false irq50_enabled=true irq50_prio=0 irq67_pending=true irq67_enabled=true irq67_prio=224 selected=None
[clk=00466829 pc=0x0815900a] DEBUG NVIC arb basepri=0x30 active_prio=Some(224) irq50_pending=false irq50_enabled=true irq50_prio=0 irq67_pending=true irq67_enabled=true irq67_prio=224 selected=None
[clk=00466830 pc=0x0815900e] DEBUG NVIC arb basepri=0x00 active_prio=Some(224) irq50_pending=false irq50_enabled=true irq50_prio=0 irq67_pending=true irq67_enabled=true irq67_prio=224 selected=None
[clk=00466831 pc=0x0815bbea] DEBUG NVIC arb basepri=0x00 active_prio=Some(224) irq50_pending=false irq50_enabled=true irq50_prio=0 irq67_pending=true irq67_enabled=true irq67_prio=224 selected=None
[clk=00466832 pc=0x0815be90] DEBUG NVIC arb basepri=0x00 active_prio=Some(224) irq50_pending=false irq50_enabled=true irq50_prio=0 irq67_pending=true irq67_enabled=true irq67_prio=224 selected=None
[clk=00466833 pc=0x0815bdca] DEBUG NVIC arb basepri=0x00 active_prio=Some(224) irq50_pending=false irq50_enabled=true irq50_prio=0 irq67_pending=true irq67_enabled=true irq67_prio=224 selected=None
[clk=00466834 pc=0x0815bdce] DEBUG NVIC arb basepri=0x00 active_prio=Some(224) irq50_pending=false irq50_enabled=true irq50_prio=0 irq67_pending=true irq67_enabled=true irq67_prio=224 selected=None
[clk=00466835 pc=0x0815bdd0] DEBUG NVIC arb basepri=0x00 active_prio=Some(224) irq50_pending=false irq50_enabled=true irq50_prio=0 irq67_pending=true irq67_enabled=true irq67_prio=224 selected=None
[clk=00466836 pc=0x0815bdd4] DEBUG NVIC arb basepri=0x00 active_prio=Some(224) irq50_pending=false irq50_enabled=true irq50_prio=0 irq67_pending=true irq67_enabled=true irq67_prio=224 selected=None
[clk=00466837 pc=0x0815bdd6] DEBUG NVIC arb basepri=0x00 active_prio=Some(224) irq50_pending=false irq50_enabled=true irq50_prio=0 irq67_pending=true irq67_enabled=true irq67_prio=224 selected=None
[clk=00466838 pc=0x0815bdda] DEBUG NVIC arb basepri=0x00 active_prio=Some(224) irq50_pending=false irq50_enabled=true irq50_prio=0 irq67_pending=true irq67_enabled=true irq67_prio=224 selected=None
[clk=00466839 pc=0x0815bddc] DEBUG NVIC arb basepri=0x00 active_prio=Some(224) irq50_pending=false irq50_enabled=true irq50_prio=0 irq67_pending=true irq67_enabled=true irq67_prio=224 selected=None
[clk=00466840 pc=0x0815bde0] DEBUG NVIC arb basepri=0x00 active_prio=Some(224) irq50_pending=false irq50_enabled=true irq50_prio=0 irq67_pending=true irq67_enabled=true irq67_prio=224 selected=None
[clk=00466841 pc=0x0815bdfa] DEBUG NVIC arb basepri=0x00 active_prio=Some(224) irq50_pending=false irq50_enabled=true irq50_prio=0 irq67_pending=true irq67_enabled=true irq67_prio=224 selected=None
[clk=00466842 pc=0x0815bee0] DEBUG NVIC arb basepri=0x00 active_prio=Some(224) irq50_pending=false irq50_enabled=true irq50_prio=0 irq67_pending=true irq67_enabled=true irq67_prio=224 selected=None
[clk=00466843 pc=0x08154d04] DEBUG NVIC arb basepri=0x00 active_prio=Some(224) irq50_pending=false irq50_enabled=true irq50_prio=0 irq67_pending=true irq67_enabled=true irq67_prio=224 selected=None
[clk=00466844 pc=0x08154d06] DEBUG NVIC arb basepri=0x00 active_prio=Some(224) irq50_pending=false irq50_enabled=true irq50_prio=0 irq67_pending=true irq67_enabled=true irq67_prio=224 selected=None
[clk=00466845 pc=0x08154d0a] DEBUG NVIC arb basepri=0x30 active_prio=Some(224) irq50_pending=false irq50_enabled=true irq50_prio=0 irq67_pending=true irq67_enabled=true irq67_prio=224 selected=None
[clk=00466846 pc=0x08154d0c] DEBUG NVIC arb basepri=0x30 active_prio=Some(224) irq50_pending=false irq50_enabled=true irq50_prio=0 irq67_pending=true irq67_enabled=true irq67_prio=224 selected=None
[clk=00466847 pc=0x08154d0e] DEBUG NVIC arb basepri=0x30 active_prio=Some(224) irq50_pending=false irq50_enabled=true irq50_prio=0 irq67_pending=true irq67_enabled=true irq67_prio=224 selected=None
[clk=00466848 pc=0x08154d12] DEBUG NVIC arb basepri=0x30 active_prio=Some(224) irq50_pending=false irq50_enabled=true irq50_prio=0 irq67_pending=true irq67_enabled=true irq67_prio=224 selected=None
[clk=00466849 pc=0x08154d14] DEBUG NVIC arb basepri=0x30 active_prio=Some(224) irq50_pending=false irq50_enabled=true irq50_prio=0 irq67_pending=true irq67_enabled=true irq67_prio=224 selected=None
[clk=00466850 pc=0x08154d16] DEBUG NVIC arb basepri=0x30 active_prio=Some(224) irq50_pending=false irq50_enabled=true irq50_prio=0 irq67_pending=true irq67_enabled=true irq67_prio=224 selected=None
[clk=00466851 pc=0x08154d1a] DEBUG NVIC arb basepri=0x00 active_prio=Some(224) irq50_pending=false irq50_enabled=true irq50_prio=0 irq67_pending=true irq67_enabled=true irq67_prio=224 selected=None
[clk=00466852 pc=0x0815bee4] DEBUG NVIC arb basepri=0x00 active_prio=Some(224) irq50_pending=false irq50_enabled=true irq50_prio=0 irq67_pending=true irq67_enabled=true irq67_prio=224 selected=None
[clk=00466852 pc=0x0815bee4] DEBUG NVIC arb basepri=0x00 active_prio=None irq50_pending=false irq50_enabled=true irq50_prio=0 irq67_pending=true irq67_enabled=true irq67_prio=224 selected=Some(67)
[clk=00466852 pc=0x0815bee4] DEBUG EMULATOR exception_return: dispatching IRQ 67 (chain_idx=0)
[clk=00466852 pc=0x0815bee4] DEBUG NVIC dispatching IRQ 67 vector=0x815bed9
[clk=00466883 pc=0x0815b570] DEBUG OTG_FS GRXSTSP pop at 0x020 state_after=RxFlvlFifoPending result=0x000c0080
[clk=00466907 pc=0x0815b558] DEBUG OTG_FS FIFO read idx=0 word=0x00032221 state_after=RxFlvlFifoPending
[clk=00466948 pc=0x0815b558] DEBUG OTG_FS FIFO read idx=1 word=0x00000000 state_after=RxFlvlFifoPending
[clk=00466949 pc=0x0815b55a] DEBUG NVIC arb basepri=0x00 active_prio=Some(224) irq50_pending=false irq50_enabled=true irq50_prio=0 irq67_pending=true irq67_enabled=true irq67_prio=224 selected=None
[clk=00466950 pc=0x0815b55c] DEBUG NVIC arb basepri=0x00 active_prio=Some(224) irq50_pending=false irq50_enabled=true irq50_prio=0 irq67_pending=true irq67_enabled=true irq67_prio=224 selected=None
[clk=00466951 pc=0x0815b55e] DEBUG NVIC arb basepri=0x00 active_prio=Some(224) irq50_pending=false irq50_enabled=true irq50_prio=0 irq67_pending=true irq67_enabled=true irq67_prio=224 selected=None
[clk=00466952 pc=0x0815b562] DEBUG NVIC arb basepri=0x00 active_prio=Some(224) irq50_pending=false irq50_enabled=true irq50_prio=0 irq67_pending=true irq67_enabled=true irq67_prio=224 selected=None
[clk=00466953 pc=0x0815b564] DEBUG NVIC arb basepri=0x00 active_prio=Some(224) irq50_pending=false irq50_enabled=true irq50_prio=0 irq67_pending=true irq67_enabled=true irq67_prio=224 selected=None
[clk=00466954 pc=0x0815b54a] DEBUG NVIC arb basepri=0x00 active_prio=Some(224) irq50_pending=false irq50_enabled=true irq50_prio=0 irq67_pending=true irq67_enabled=true irq67_prio=224 selected=None
[clk=00466955 pc=0x0815b54e] DEBUG NVIC arb basepri=0x00 active_prio=Some(224) irq50_pending=false irq50_enabled=true irq50_prio=0 irq67_pending=true irq67_enabled=true irq67_prio=224 selected=None
[clk=00466956 pc=0x0815b550] DEBUG NVIC arb basepri=0x00 active_prio=Some(224) irq50_pending=false irq50_enabled=true irq50_prio=0 irq67_pending=true irq67_enabled=true irq67_prio=224 selected=None
[clk=00466957 pc=0x0815b552] DEBUG NVIC arb basepri=0x00 active_prio=Some(224) irq50_pending=false irq50_enabled=true irq50_prio=0 irq67_pending=true irq67_enabled=true irq67_prio=224 selected=None
[clk=00466958 pc=0x0815b556] DEBUG NVIC arb basepri=0x00 active_prio=Some(224) irq50_pending=false irq50_enabled=true irq50_prio=0 irq67_pending=true irq67_enabled=true irq67_prio=224 selected=None
[clk=00466959 pc=0x0815b55a] DEBUG NVIC arb basepri=0x00 active_prio=Some(224) irq50_pending=false irq50_enabled=true irq50_prio=0 irq67_pending=true irq67_enabled=true irq67_prio=224 selected=None
[clk=00466960 pc=0x0815b55c] DEBUG NVIC arb basepri=0x00 active_prio=Some(224) irq50_pending=false irq50_enabled=true irq50_prio=0 irq67_pending=true irq67_enabled=true irq67_prio=224 selected=None
[clk=00466961 pc=0x0815b55e] DEBUG NVIC arb basepri=0x00 active_prio=Some(224) irq50_pending=false irq50_enabled=true irq50_prio=0 irq67_pending=true irq67_enabled=true irq67_prio=224 selected=None
[clk=00466962 pc=0x0815b562] DEBUG NVIC arb basepri=0x00 active_prio=Some(224) irq50_pending=false irq50_enabled=true irq50_prio=0 irq67_pending=true irq67_enabled=true irq67_prio=224 selected=None
[clk=00466963 pc=0x0815b564] DEBUG NVIC arb basepri=0x00 active_prio=Some(224) irq50_pending=false irq50_enabled=true irq50_prio=0 irq67_pending=true irq67_enabled=true irq67_prio=224 selected=None
[clk=00466964 pc=0x0815b54a] DEBUG NVIC arb basepri=0x00 active_prio=Some(224) irq50_pending=false irq50_enabled=true irq50_prio=0 irq67_pending=true irq67_enabled=true irq67_prio=224 selected=None
[clk=00466965 pc=0x0815b54e] DEBUG NVIC arb basepri=0x00 active_prio=Some(224) irq50_pending=false irq50_enabled=true irq50_prio=0 irq67_pending=true irq67_enabled=true irq67_prio=224 selected=None
[clk=00466966 pc=0x0815b550] DEBUG NVIC arb basepri=0x00 active_prio=Some(224) irq50_pending=false irq50_enabled=true irq50_prio=0 irq67_pending=true irq67_enabled=true irq67_prio=224 selected=None
[clk=00466967 pc=0x0815b552] DEBUG NVIC arb basepri=0x00 active_prio=Some(224) irq50_pending=false irq50_enabled=true irq50_prio=0 irq67_pending=true irq67_enabled=true irq67_prio=224 selected=None
[clk=00466968 pc=0x0815b556] DEBUG NVIC arb basepri=0x00 active_prio=Some(224) irq50_pending=false irq50_enabled=true irq50_prio=0 irq67_pending=true irq67_enabled=true irq67_prio=224 selected=None
[clk=00466969 pc=0x0815b55a] DEBUG NVIC arb basepri=0x00 active_prio=Some(224) irq50_pending=false irq50_enabled=true irq50_prio=0 irq67_pending=true irq67_enabled=true irq67_prio=224 selected=None
[clk=00466970 pc=0x0815b55c] DEBUG NVIC arb basepri=0x00 active_prio=Some(224) irq50_pending=false irq50_enabled=true irq50_prio=0 irq67_pending=true irq67_enabled=true irq67_prio=224 selected=None
[clk=00466971 pc=0x0815b55e] DEBUG NVIC arb basepri=0x00 active_prio=Some(224) irq50_pending=false irq50_enabled=true irq50_prio=0 irq67_pending=true irq67_enabled=true irq67_prio=224 selected=None
[clk=00466972 pc=0x0815b562] DEBUG NVIC arb basepri=0x00 active_prio=Some(224) irq50_pending=false irq50_enabled=true irq50_prio=0 irq67_pending=true irq67_enabled=true irq67_prio=224 selected=None
[clk=00466973 pc=0x0815b564] DEBUG NVIC arb basepri=0x00 active_prio=Some(224) irq50_pending=false irq50_enabled=true irq50_prio=0 irq67_pending=true irq67_enabled=true irq67_prio=224 selected=None
[clk=00466974 pc=0x0815b54a] DEBUG NVIC arb basepri=0x00 active_prio=Some(224) irq50_pending=false irq50_enabled=true irq50_prio=0 irq67_pending=true irq67_enabled=true irq67_prio=224 selected=None
[clk=00466975 pc=0x0815b54e] DEBUG NVIC arb basepri=0x00 active_prio=Some(224) irq50_pending=false irq50_enabled=true irq50_prio=0 irq67_pending=true irq67_enabled=true irq67_prio=224 selected=None
[clk=00466976 pc=0x0815b550] DEBUG NVIC arb basepri=0x00 active_prio=Some(224) irq50_pending=false irq50_enabled=true irq50_prio=0 irq67_pending=true irq67_enabled=true irq67_prio=224 selected=None
[clk=00466977 pc=0x0815b552] DEBUG NVIC arb basepri=0x00 active_prio=Some(224) irq50_pending=false irq50_enabled=true irq50_prio=0 irq67_pending=true irq67_enabled=true irq67_prio=224 selected=None
[clk=00466978 pc=0x0815b556] DEBUG NVIC arb basepri=0x00 active_prio=Some(224) irq50_pending=false irq50_enabled=true irq50_prio=0 irq67_pending=true irq67_enabled=true irq67_prio=224 selected=None
[clk=00466979 pc=0x0815b55a] DEBUG NVIC arb basepri=0x00 active_prio=Some(224) irq50_pending=false irq50_enabled=true irq50_prio=0 irq67_pending=true irq67_enabled=true irq67_prio=224 selected=None
[clk=00466980 pc=0x0815b55c] DEBUG NVIC arb basepri=0x00 active_prio=Some(224) irq50_pending=false irq50_enabled=true irq50_prio=0 irq67_pending=true irq67_enabled=true irq67_prio=224 selected=None
[clk=00466981 pc=0x0815b55e] DEBUG NVIC arb basepri=0x00 active_prio=Some(224) irq50_pending=false irq50_enabled=true irq50_prio=0 irq67_pending=true irq67_enabled=true irq67_prio=224 selected=None
[clk=00466982 pc=0x0815b562] DEBUG NVIC arb basepri=0x00 active_prio=Some(224) irq50_pending=false irq50_enabled=true irq50_prio=0 irq67_pending=true irq67_enabled=true irq67_prio=224 selected=None
[clk=00466983 pc=0x0815b564] DEBUG NVIC arb basepri=0x00 active_prio=Some(224) irq50_pending=false irq50_enabled=true irq50_prio=0 irq67_pending=true irq67_enabled=true irq67_prio=224 selected=None
[clk=00466984 pc=0x0815b54a] DEBUG NVIC arb basepri=0x00 active_prio=Some(224) irq50_pending=false irq50_enabled=true irq50_prio=0 irq67_pending=true irq67_enabled=true irq67_prio=224 selected=None
[clk=00466985 pc=0x0815b54e] DEBUG NVIC arb basepri=0x00 active_prio=Some(224) irq50_pending=false irq50_enabled=true irq50_prio=0 irq67_pending=true irq67_enabled=true irq67_prio=224 selected=None
[clk=00466986 pc=0x0815b550] DEBUG NVIC arb basepri=0x00 active_prio=Some(224) irq50_pending=false irq50_enabled=true irq50_prio=0 irq67_pending=true irq67_enabled=true irq67_prio=224 selected=None
[clk=00466987 pc=0x0815b566] DEBUG NVIC arb basepri=0x00 active_prio=Some(224) irq50_pending=false irq50_enabled=true irq50_prio=0 irq67_pending=true irq67_enabled=true irq67_prio=224 selected=None
[clk=00466988 pc=0x0815b56a] DEBUG NVIC arb basepri=0x00 active_prio=Some(224) irq50_pending=false irq50_enabled=true irq50_prio=0 irq67_pending=true irq67_enabled=true irq67_prio=224 selected=None
[clk=00466989 pc=0x0815b5a0] DEBUG NVIC arb basepri=0x00 active_prio=Some(224) irq50_pending=false irq50_enabled=true irq50_prio=0 irq67_pending=true irq67_enabled=true irq67_prio=224 selected=None
[clk=00466990 pc=0x0815be86] DEBUG NVIC arb basepri=0x00 active_prio=Some(224) irq50_pending=false irq50_enabled=true irq50_prio=0 irq67_pending=true irq67_enabled=true irq67_prio=224 selected=None
[clk=00466991 pc=0x0815bdba] DEBUG NVIC arb basepri=0x00 active_prio=Some(224) irq50_pending=false irq50_enabled=true irq50_prio=0 irq67_pending=true irq67_enabled=true irq67_prio=224 selected=None
[clk=00466992 pc=0x0815bdbe] DEBUG NVIC arb basepri=0x00 active_prio=Some(224) irq50_pending=false irq50_enabled=true irq50_prio=0 irq67_pending=true irq67_enabled=true irq67_prio=224 selected=None
[clk=00466993 pc=0x0815bdc2] DEBUG NVIC arb basepri=0x00 active_prio=Some(224) irq50_pending=false irq50_enabled=true irq50_prio=0 irq67_pending=true irq67_enabled=true irq67_prio=224 selected=None
[clk=00466994 pc=0x0815bddc] DEBUG NVIC arb basepri=0x00 active_prio=Some(224) irq50_pending=false irq50_enabled=true irq50_prio=0 irq67_pending=true irq67_enabled=true irq67_prio=224 selected=None
[clk=00466995 pc=0x0815bde0] DEBUG NVIC arb basepri=0x00 active_prio=Some(224) irq50_pending=false irq50_enabled=true irq50_prio=0 irq67_pending=true irq67_enabled=true irq67_prio=224 selected=None
[clk=00466996 pc=0x0815bde2] DEBUG NVIC arb basepri=0x00 active_prio=Some(224) irq50_pending=false irq50_enabled=true irq50_prio=0 irq67_pending=true irq67_enabled=true irq67_prio=224 selected=None
[clk=00466997 pc=0x0815bde6] DEBUG NVIC arb basepri=0x00 active_prio=Some(224) irq50_pending=false irq50_enabled=true irq50_prio=0 irq67_pending=true irq67_enabled=true irq67_prio=224 selected=None
[clk=00466998 pc=0x0815beb0] DEBUG NVIC arb basepri=0x00 active_prio=Some(224) irq50_pending=false irq50_enabled=true irq50_prio=0 irq67_pending=true irq67_enabled=true irq67_prio=224 selected=None
[clk=00466999 pc=0x0815beb2] DEBUG NVIC arb basepri=0x00 active_prio=Some(224) irq50_pending=false irq50_enabled=true irq50_prio=0 irq67_pending=true irq67_enabled=true irq67_prio=224 selected=None
[clk=00467000 pc=0x0815beb4] DEBUG NVIC arb basepri=0x00 active_prio=Some(224) irq50_pending=false irq50_enabled=true irq50_prio=0 irq67_pending=true irq67_enabled=true irq67_prio=224 selected=None
[clk=00467001 pc=0x0815bcc0] DEBUG NVIC arb basepri=0x00 active_prio=Some(224) irq50_pending=false irq50_enabled=true irq50_prio=0 irq67_pending=true irq67_enabled=true irq67_prio=224 selected=None
[clk=00467002 pc=0x0815bcc4] DEBUG NVIC arb basepri=0x00 active_prio=Some(224) irq50_pending=false irq50_enabled=true irq50_prio=0 irq67_pending=true irq67_enabled=true irq67_prio=224 selected=None
[clk=00467003 pc=0x0815bcc6] DEBUG NVIC arb basepri=0x00 active_prio=Some(224) irq50_pending=false irq50_enabled=true irq50_prio=0 irq67_pending=true irq67_enabled=true irq67_prio=224 selected=None
[clk=00467004 pc=0x0815bcc8] DEBUG NVIC arb basepri=0x00 active_prio=Some(224) irq50_pending=false irq50_enabled=true irq50_prio=0 irq67_pending=true irq67_enabled=true irq67_prio=224 selected=None
[clk=00467005 pc=0x0815bcca] DEBUG NVIC arb basepri=0x00 active_prio=Some(224) irq50_pending=false irq50_enabled=true irq50_prio=0 irq67_pending=true irq67_enabled=true irq67_prio=224 selected=None
[clk=00467006 pc=0x0815bcce] DEBUG NVIC arb basepri=0x00 active_prio=Some(224) irq50_pending=false irq50_enabled=true irq50_prio=0 irq67_pending=true irq67_enabled=true irq67_prio=224 selected=None
[clk=00467007 pc=0x0815bcd2] DEBUG NVIC arb basepri=0x00 active_prio=Some(224) irq50_pending=false irq50_enabled=true irq50_prio=0 irq67_pending=true irq67_enabled=true irq67_prio=224 selected=None
[clk=00467008 pc=0x0815bcd6] DEBUG NVIC arb basepri=0x00 active_prio=Some(224) irq50_pending=false irq50_enabled=true irq50_prio=0 irq67_pending=true irq67_enabled=true irq67_prio=224 selected=None
[clk=00467009 pc=0x0815bcda] DEBUG NVIC arb basepri=0x00 active_prio=Some(224) irq50_pending=false irq50_enabled=true irq50_prio=0 irq67_pending=true irq67_enabled=true irq67_prio=224 selected=None
[clk=00467010 pc=0x0815bcdc] DEBUG NVIC arb basepri=0x00 active_prio=Some(224) irq50_pending=false irq50_enabled=true irq50_prio=0 irq67_pending=true irq67_enabled=true irq67_prio=224 selected=None
[clk=00467011 pc=0x0815bce0] DEBUG NVIC arb basepri=0x00 active_prio=Some(224) irq50_pending=false irq50_enabled=true irq50_prio=0 irq67_pending=true irq67_enabled=true irq67_prio=224 selected=None
[clk=00467012 pc=0x0815bce4] DEBUG NVIC arb basepri=0x00 active_prio=Some(224) irq50_pending=false irq50_enabled=true irq50_prio=0 irq67_pending=true irq67_enabled=true irq67_prio=224 selected=None
[clk=00467013 pc=0x0815bce6] DEBUG NVIC arb basepri=0x00 active_prio=Some(224) irq50_pending=false irq50_enabled=true irq50_prio=0 irq67_pending=true irq67_enabled=true irq67_prio=224 selected=None
[clk=00467014 pc=0x0815bce8] DEBUG NVIC arb basepri=0x00 active_prio=Some(224) irq50_pending=false irq50_enabled=true irq50_prio=0 irq67_pending=true irq67_enabled=true irq67_prio=224 selected=None
[clk=00467015 pc=0x0815bcec] DEBUG NVIC arb basepri=0x00 active_prio=Some(224) irq50_pending=false irq50_enabled=true irq50_prio=0 irq67_pending=true irq67_enabled=true irq67_prio=224 selected=None
[clk=00467016 pc=0x0815bcee] DEBUG NVIC arb basepri=0x00 active_prio=Some(224) irq50_pending=false irq50_enabled=true irq50_prio=0 irq67_pending=true irq67_enabled=true irq67_prio=224 selected=None
[clk=00467017 pc=0x0815bcf0] DEBUG NVIC arb basepri=0x00 active_prio=Some(224) irq50_pending=false irq50_enabled=true irq50_prio=0 irq67_pending=true irq67_enabled=true irq67_prio=224 selected=None
[clk=00467018 pc=0x0815bcf2] DEBUG NVIC arb basepri=0x00 active_prio=Some(224) irq50_pending=false irq50_enabled=true irq50_prio=0 irq67_pending=true irq67_enabled=true irq67_prio=224 selected=None
[clk=00467019 pc=0x0815bcf4] DEBUG NVIC arb basepri=0x00 active_prio=Some(224) irq50_pending=false irq50_enabled=true irq50_prio=0 irq67_pending=true irq67_enabled=true irq67_prio=224 selected=None
[clk=00467020 pc=0x0815bcf6] DEBUG NVIC arb basepri=0x00 active_prio=Some(224) irq50_pending=false irq50_enabled=true irq50_prio=0 irq67_pending=true irq67_enabled=true irq67_prio=224 selected=None
[clk=00467021 pc=0x0815bcf8] DEBUG NVIC arb basepri=0x00 active_prio=Some(224) irq50_pending=false irq50_enabled=true irq50_prio=0 irq67_pending=true irq67_enabled=true irq67_prio=224 selected=None
[clk=00467022 pc=0x0815bcfa] DEBUG NVIC arb basepri=0x00 active_prio=Some(224) irq50_pending=false irq50_enabled=true irq50_prio=0 irq67_pending=true irq67_enabled=true irq67_prio=224 selected=None
[clk=00467023 pc=0x0815bcfe] DEBUG NVIC arb basepri=0x00 active_prio=Some(224) irq50_pending=false irq50_enabled=true irq50_prio=0 irq67_pending=true irq67_enabled=true irq67_prio=224 selected=None
[clk=00467024 pc=0x0815bd00] DEBUG NVIC arb basepri=0x00 active_prio=Some(224) irq50_pending=false irq50_enabled=true irq50_prio=0 irq67_pending=true irq67_enabled=true irq67_prio=224 selected=None
[clk=00467025 pc=0x0815bd04] DEBUG NVIC arb basepri=0x00 active_prio=Some(224) irq50_pending=false irq50_enabled=true irq50_prio=0 irq67_pending=true irq67_enabled=true irq67_prio=224 selected=None
[clk=00467026 pc=0x0815bd06] DEBUG NVIC arb basepri=0x00 active_prio=Some(224) irq50_pending=false irq50_enabled=true irq50_prio=0 irq67_pending=true irq67_enabled=true irq67_prio=224 selected=None
[clk=00467027 pc=0x0815bd08] DEBUG NVIC arb basepri=0x00 active_prio=Some(224) irq50_pending=false irq50_enabled=true irq50_prio=0 irq67_pending=true irq67_enabled=true irq67_prio=224 selected=None
[clk=00467028 pc=0x0815bd0a] DEBUG NVIC arb basepri=0x00 active_prio=Some(224) irq50_pending=false irq50_enabled=true irq50_prio=0 irq67_pending=true irq67_enabled=true irq67_prio=224 selected=None
[clk=00467029 pc=0x0815bd0c] DEBUG NVIC arb basepri=0x00 active_prio=Some(224) irq50_pending=false irq50_enabled=true irq50_prio=0 irq67_pending=true irq67_enabled=true irq67_prio=224 selected=None
[clk=00467030 pc=0x0815bd0e] DEBUG NVIC arb basepri=0x00 active_prio=Some(224) irq50_pending=false irq50_enabled=true irq50_prio=0 irq67_pending=true irq67_enabled=true irq67_prio=224 selected=None
[clk=00467031 pc=0x08158f1c] DEBUG NVIC arb basepri=0x00 active_prio=Some(224) irq50_pending=false irq50_enabled=true irq50_prio=0 irq67_pending=true irq67_enabled=true irq67_prio=224 selected=None
[clk=00467032 pc=0x08158f1e] DEBUG NVIC arb basepri=0x00 active_prio=Some(224) irq50_pending=false irq50_enabled=true irq50_prio=0 irq67_pending=true irq67_enabled=true irq67_prio=224 selected=None
[clk=00467033 pc=0x08158f20] DEBUG NVIC arb basepri=0x00 active_prio=Some(224) irq50_pending=false irq50_enabled=true irq50_prio=0 irq67_pending=true irq67_enabled=true irq67_prio=224 selected=None
[clk=00467034 pc=0x08158f24] DEBUG NVIC arb basepri=0x00 active_prio=Some(224) irq50_pending=false irq50_enabled=true irq50_prio=0 irq67_pending=true irq67_enabled=true irq67_prio=224 selected=None
[clk=00467035 pc=0x08158f26] DEBUG NVIC arb basepri=0x00 active_prio=Some(224) irq50_pending=false irq50_enabled=true irq50_prio=0 irq67_pending=true irq67_enabled=true irq67_prio=224 selected=None
[clk=00467036 pc=0x08158f28] DEBUG NVIC arb basepri=0x00 active_prio=Some(224) irq50_pending=false irq50_enabled=true irq50_prio=0 irq67_pending=true irq67_enabled=true irq67_prio=224 selected=None
[clk=00467037 pc=0x08158f9c] DEBUG NVIC arb basepri=0x00 active_prio=Some(224) irq50_pending=false irq50_enabled=true irq50_prio=0 irq67_pending=true irq67_enabled=true irq67_prio=224 selected=None
[clk=00467038 pc=0x08158f9e] DEBUG NVIC arb basepri=0x00 active_prio=Some(224) irq50_pending=false irq50_enabled=true irq50_prio=0 irq67_pending=true irq67_enabled=true irq67_prio=224 selected=None
[clk=00467039 pc=0x08158fa2] DEBUG NVIC arb basepri=0x00 active_prio=Some(224) irq50_pending=false irq50_enabled=true irq50_prio=0 irq67_pending=true irq67_enabled=true irq67_prio=224 selected=None
[clk=00467040 pc=0x08158fa4] DEBUG NVIC arb basepri=0x00 active_prio=Some(224) irq50_pending=false irq50_enabled=true irq50_prio=0 irq67_pending=true irq67_enabled=true irq67_prio=224 selected=None
[clk=00467041 pc=0x08158fa8] DEBUG NVIC arb basepri=0x00 active_prio=Some(224) irq50_pending=false irq50_enabled=true irq50_prio=0 irq67_pending=true irq67_enabled=true irq67_prio=224 selected=None
[clk=00467042 pc=0x08158f7a] DEBUG NVIC arb basepri=0x00 active_prio=Some(224) irq50_pending=false irq50_enabled=true irq50_prio=0 irq67_pending=true irq67_enabled=true irq67_prio=224 selected=None
[clk=00467043 pc=0x0815bd10] DEBUG NVIC arb basepri=0x00 active_prio=Some(224) irq50_pending=false irq50_enabled=true irq50_prio=0 irq67_pending=true irq67_enabled=true irq67_prio=224 selected=None
[clk=00467044 pc=0x0815bd14] DEBUG NVIC arb basepri=0x00 active_prio=Some(224) irq50_pending=false irq50_enabled=true irq50_prio=0 irq67_pending=true irq67_enabled=true irq67_prio=224 selected=None
[clk=00467045 pc=0x0815bd22] DEBUG NVIC arb basepri=0x00 active_prio=Some(224) irq50_pending=false irq50_enabled=true irq50_prio=0 irq67_pending=true irq67_enabled=true irq67_prio=224 selected=None
[clk=00467046 pc=0x0815beb8] DEBUG NVIC arb basepri=0x00 active_prio=Some(224) irq50_pending=false irq50_enabled=true irq50_prio=0 irq67_pending=true irq67_enabled=true irq67_prio=224 selected=None
[clk=00467047 pc=0x0815bde8] DEBUG NVIC arb basepri=0x00 active_prio=Some(224) irq50_pending=false irq50_enabled=true irq50_prio=0 irq67_pending=true irq67_enabled=true irq67_prio=224 selected=None
[clk=00467048 pc=0x0815bdec] DEBUG NVIC arb basepri=0x00 active_prio=Some(224) irq50_pending=false irq50_enabled=true irq50_prio=0 irq67_pending=true irq67_enabled=true irq67_prio=224 selected=None
[clk=00467049 pc=0x0815bdee] DEBUG NVIC arb basepri=0x00 active_prio=Some(224) irq50_pending=false irq50_enabled=true irq50_prio=0 irq67_pending=true irq67_enabled=true irq67_prio=224 selected=None
[clk=00467050 pc=0x0815bdf2] DEBUG NVIC arb basepri=0x00 active_prio=Some(224) irq50_pending=false irq50_enabled=true irq50_prio=0 irq67_pending=true irq67_enabled=true irq67_prio=224 selected=None
[clk=00467051 pc=0x0815bdf4] DEBUG NVIC arb basepri=0x00 active_prio=Some(224) irq50_pending=false irq50_enabled=true irq50_prio=0 irq67_pending=true irq67_enabled=true irq67_prio=224 selected=None
[clk=00467052 pc=0x0815bdf8] DEBUG NVIC arb basepri=0x00 active_prio=Some(224) irq50_pending=false irq50_enabled=true irq50_prio=0 irq67_pending=true irq67_enabled=true irq67_prio=224 selected=None
[clk=00467053 pc=0x0815bdfa] DEBUG NVIC arb basepri=0x00 active_prio=Some(224) irq50_pending=false irq50_enabled=true irq50_prio=0 irq67_pending=true irq67_enabled=true irq67_prio=224 selected=None
[clk=00467054 pc=0x0815bee0] DEBUG NVIC arb basepri=0x00 active_prio=Some(224) irq50_pending=false irq50_enabled=true irq50_prio=0 irq67_pending=true irq67_enabled=true irq67_prio=224 selected=None
[clk=00467055 pc=0x08154d04] DEBUG NVIC arb basepri=0x00 active_prio=Some(224) irq50_pending=false irq50_enabled=true irq50_prio=0 irq67_pending=true irq67_enabled=true irq67_prio=224 selected=None
[clk=00467056 pc=0x08154d06] DEBUG NVIC arb basepri=0x00 active_prio=Some(224) irq50_pending=false irq50_enabled=true irq50_prio=0 irq67_pending=true irq67_enabled=true irq67_prio=224 selected=None
[clk=00467057 pc=0x08154d0a] DEBUG NVIC arb basepri=0x30 active_prio=Some(224) irq50_pending=false irq50_enabled=true irq50_prio=0 irq67_pending=true irq67_enabled=true irq67_prio=224 selected=None
[clk=00467058 pc=0x08154d0c] DEBUG NVIC arb basepri=0x30 active_prio=Some(224) irq50_pending=false irq50_enabled=true irq50_prio=0 irq67_pending=true irq67_enabled=true irq67_prio=224 selected=None
[clk=00467059 pc=0x08154d0e] DEBUG NVIC arb basepri=0x30 active_prio=Some(224) irq50_pending=false irq50_enabled=true irq50_prio=0 irq67_pending=true irq67_enabled=true irq67_prio=224 selected=None
[clk=00467060 pc=0x08154d12] DEBUG NVIC arb basepri=0x30 active_prio=Some(224) irq50_pending=false irq50_enabled=true irq50_prio=0 irq67_pending=true irq67_enabled=true irq67_prio=224 selected=None
[clk=00467061 pc=0x08154d14] DEBUG NVIC arb basepri=0x30 active_prio=Some(224) irq50_pending=false irq50_enabled=true irq50_prio=0 irq67_pending=true irq67_enabled=true irq67_prio=224 selected=None
[clk=00467062 pc=0x08154d16] DEBUG NVIC arb basepri=0x30 active_prio=Some(224) irq50_pending=false irq50_enabled=true irq50_prio=0 irq67_pending=true irq67_enabled=true irq67_prio=224 selected=None
[clk=00467063 pc=0x08154d1a] DEBUG NVIC arb basepri=0x00 active_prio=Some(224) irq50_pending=false irq50_enabled=true irq50_prio=0 irq67_pending=true irq67_enabled=true irq67_prio=224 selected=None
[clk=00467064 pc=0x0815bee4] DEBUG NVIC arb basepri=0x00 active_prio=Some(224) irq50_pending=false irq50_enabled=true irq50_prio=0 irq67_pending=true irq67_enabled=true irq67_prio=224 selected=None
[clk=00467064 pc=0x0815bee4] DEBUG NVIC arb basepri=0x00 active_prio=None irq50_pending=false irq50_enabled=true irq50_prio=0 irq67_pending=true irq67_enabled=true irq67_prio=224 selected=Some(67)
[clk=00467064 pc=0x0815bee4] DEBUG EMULATOR exception_return: dispatching IRQ 67 (chain_idx=0)
[clk=00467064 pc=0x0815bee4] DEBUG NVIC dispatching IRQ 67 vector=0x815bed9
[clk=00467065 pc=0x0815bed8] DEBUG NVIC arb basepri=0x00 active_prio=Some(224) irq50_pending=false irq50_enabled=true irq50_prio=0 irq67_pending=true irq67_enabled=true irq67_prio=224 selected=None
[clk=00467066 pc=0x0815beda] DEBUG NVIC arb basepri=0x00 active_prio=Some(224) irq50_pending=false irq50_enabled=true irq50_prio=0 irq67_pending=true irq67_enabled=true irq67_prio=224 selected=None
[clk=00467067 pc=0x0815bedc] DEBUG NVIC arb basepri=0x00 active_prio=Some(224) irq50_pending=false irq50_enabled=true irq50_prio=0 irq67_pending=true irq67_enabled=true irq67_prio=224 selected=None
[clk=00467068 pc=0x0815bd50] DEBUG NVIC arb basepri=0x00 active_prio=Some(224) irq50_pending=false irq50_enabled=true irq50_prio=0 irq67_pending=true irq67_enabled=true irq67_prio=224 selected=None
[clk=00467069 pc=0x0815bd52] DEBUG NVIC arb basepri=0x00 active_prio=Some(224) irq50_pending=false irq50_enabled=true irq50_prio=0 irq67_pending=true irq67_enabled=true irq67_prio=224 selected=None
[clk=00467070 pc=0x0815bd54] DEBUG NVIC arb basepri=0x00 active_prio=Some(224) irq50_pending=false irq50_enabled=true irq50_prio=0 irq67_pending=true irq67_enabled=true irq67_prio=224 selected=None
[clk=00467071 pc=0x0815bd56] DEBUG NVIC arb basepri=0x00 active_prio=Some(224) irq50_pending=false irq50_enabled=true irq50_prio=0 irq67_pending=true irq67_enabled=true irq67_prio=224 selected=None
[clk=00467072 pc=0x0815bd58] DEBUG NVIC arb basepri=0x00 active_prio=Some(224) irq50_pending=false irq50_enabled=true irq50_prio=0 irq67_pending=true irq67_enabled=true irq67_prio=224 selected=None
[clk=00467073 pc=0x0815bd5a] DEBUG NVIC arb basepri=0x00 active_prio=Some(224) irq50_pending=false irq50_enabled=true irq50_prio=0 irq67_pending=true irq67_enabled=true irq67_prio=224 selected=None
[clk=00467074 pc=0x0815bd5c] DEBUG NVIC arb basepri=0x00 active_prio=Some(224) irq50_pending=false irq50_enabled=true irq50_prio=0 irq67_pending=true irq67_enabled=true irq67_prio=224 selected=None
[clk=00467075 pc=0x0815bd5e] DEBUG NVIC arb basepri=0x00 active_prio=Some(224) irq50_pending=false irq50_enabled=true irq50_prio=0 irq67_pending=true irq67_enabled=true irq67_prio=224 selected=None
[clk=00467076 pc=0x0815bd62] DEBUG NVIC arb basepri=0x00 active_prio=Some(224) irq50_pending=false irq50_enabled=true irq50_prio=0 irq67_pending=true irq67_enabled=true irq67_prio=224 selected=None
[clk=00467077 pc=0x0815bd64] DEBUG NVIC arb basepri=0x00 active_prio=Some(224) irq50_pending=false irq50_enabled=true irq50_prio=0 irq67_pending=true irq67_enabled=true irq67_prio=224 selected=None
[clk=00467078 pc=0x0815bd66] DEBUG NVIC arb basepri=0x00 active_prio=Some(224) irq50_pending=false irq50_enabled=true irq50_prio=0 irq67_pending=true irq67_enabled=true irq67_prio=224 selected=None
[clk=00467079 pc=0x0815bd68] DEBUG NVIC arb basepri=0x00 active_prio=Some(224) irq50_pending=false irq50_enabled=true irq50_prio=0 irq67_pending=true irq67_enabled=true irq67_prio=224 selected=None
[clk=00467080 pc=0x0815bd6c] DEBUG NVIC arb basepri=0x00 active_prio=Some(224) irq50_pending=false irq50_enabled=true irq50_prio=0 irq67_pending=true irq67_enabled=true irq67_prio=224 selected=None
[clk=00467081 pc=0x0815bd6e] DEBUG NVIC arb basepri=0x00 active_prio=Some(224) irq50_pending=false irq50_enabled=true irq50_prio=0 irq67_pending=true irq67_enabled=true irq67_prio=224 selected=None
[clk=00467082 pc=0x0815bd72] DEBUG NVIC arb basepri=0x00 active_prio=Some(224) irq50_pending=false irq50_enabled=true irq50_prio=0 irq67_pending=true irq67_enabled=true irq67_prio=224 selected=None
[clk=00467083 pc=0x0815bd8a] DEBUG NVIC arb basepri=0x00 active_prio=Some(224) irq50_pending=false irq50_enabled=true irq50_prio=0 irq67_pending=true irq67_enabled=true irq67_prio=224 selected=None
[clk=00467084 pc=0x0815bd8e] DEBUG NVIC arb basepri=0x00 active_prio=Some(224) irq50_pending=false irq50_enabled=true irq50_prio=0 irq67_pending=true irq67_enabled=true irq67_prio=224 selected=None
[clk=00467085 pc=0x0815bda8] DEBUG NVIC arb basepri=0x00 active_prio=Some(224) irq50_pending=false irq50_enabled=true irq50_prio=0 irq67_pending=true irq67_enabled=true irq67_prio=224 selected=None
[clk=00467086 pc=0x0815bdac] DEBUG NVIC arb basepri=0x00 active_prio=Some(224) irq50_pending=false irq50_enabled=true irq50_prio=0 irq67_pending=true irq67_enabled=true irq67_prio=224 selected=None
[clk=00467087 pc=0x0815bdae] DEBUG NVIC arb basepri=0x00 active_prio=Some(224) irq50_pending=false irq50_enabled=true irq50_prio=0 irq67_pending=true irq67_enabled=true irq67_prio=224 selected=None
[clk=00467088 pc=0x0815bdb2] DEBUG NVIC arb basepri=0x00 active_prio=Some(224) irq50_pending=false irq50_enabled=true irq50_prio=0 irq67_pending=true irq67_enabled=true irq67_prio=224 selected=None
[clk=00467089 pc=0x0815bdb4] DEBUG NVIC arb basepri=0x00 active_prio=Some(224) irq50_pending=false irq50_enabled=true irq50_prio=0 irq67_pending=true irq67_enabled=true irq67_prio=224 selected=None
[clk=00467090 pc=0x0815bdb8] DEBUG NVIC arb basepri=0x00 active_prio=Some(224) irq50_pending=false irq50_enabled=true irq50_prio=0 irq67_pending=true irq67_enabled=true irq67_prio=224 selected=None
[clk=00467091 pc=0x0815be80] DEBUG NVIC arb basepri=0x00 active_prio=Some(224) irq50_pending=false irq50_enabled=true irq50_prio=0 irq67_pending=true irq67_enabled=true irq67_prio=224 selected=None
[clk=00467092 pc=0x0815be82] DEBUG NVIC arb basepri=0x00 active_prio=Some(224) irq50_pending=false irq50_enabled=true irq50_prio=0 irq67_pending=true irq67_enabled=true irq67_prio=224 selected=None
[clk=00467093 pc=0x0815b56c] DEBUG NVIC arb basepri=0x00 active_prio=Some(224) irq50_pending=false irq50_enabled=true irq50_prio=0 irq67_pending=true irq67_enabled=true irq67_prio=224 selected=None
[clk=00467094 pc=0x0815b56e] DEBUG NVIC arb basepri=0x00 active_prio=Some(224) irq50_pending=false irq50_enabled=true irq50_prio=0 irq67_pending=true irq67_enabled=true irq67_prio=224 selected=None
[clk=00467095 pc=0x0815b570] DEBUG NVIC arb basepri=0x00 active_prio=Some(224) irq50_pending=false irq50_enabled=true irq50_prio=0 irq67_pending=true irq67_enabled=true irq67_prio=224 selected=None
[clk=00467095 pc=0x0815b570] DEBUG OTG_FS GRXSTSP pop at 0x020 state_after=StupPending result=0x00080000
[clk=00467096 pc=0x0815b572] INFO  OTG_FS: StupPending fires → DOEPINT STUP|XFRC  (enum_stage=DeliverSetControlLineState)
[clk=00467096 pc=0x0815b572] DEBUG NVIC arb basepri=0x00 active_prio=Some(224) irq50_pending=false irq50_enabled=true irq50_prio=0 irq67_pending=true irq67_enabled=true irq67_prio=224 selected=None
[clk=00467097 pc=0x0815b576] DEBUG NVIC arb basepri=0x00 active_prio=Some(224) irq50_pending=false irq50_enabled=true irq50_prio=0 irq67_pending=true irq67_enabled=true irq67_prio=224 selected=None
[clk=00467098 pc=0x0815b57a] DEBUG NVIC arb basepri=0x00 active_prio=Some(224) irq50_pending=false irq50_enabled=true irq50_prio=0 irq67_pending=true irq67_enabled=true irq67_prio=224 selected=None
[clk=00467099 pc=0x0815b57e] DEBUG NVIC arb basepri=0x00 active_prio=Some(224) irq50_pending=false irq50_enabled=true irq50_prio=0 irq67_pending=true irq67_enabled=true irq67_prio=224 selected=None
[clk=00467100 pc=0x0815b582] DEBUG NVIC arb basepri=0x00 active_prio=Some(224) irq50_pending=false irq50_enabled=true irq50_prio=0 irq67_pending=true irq67_enabled=true irq67_prio=224 selected=None
[clk=00467101 pc=0x0815b584] DEBUG NVIC arb basepri=0x00 active_prio=Some(224) irq50_pending=false irq50_enabled=true irq50_prio=0 irq67_pending=true irq67_enabled=true irq67_prio=224 selected=None
[clk=00467102 pc=0x0815b588] DEBUG NVIC arb basepri=0x00 active_prio=Some(224) irq50_pending=false irq50_enabled=true irq50_prio=0 irq67_pending=true irq67_enabled=true irq67_prio=224 selected=None
[clk=00467103 pc=0x0815b5a0] DEBUG NVIC arb basepri=0x00 active_prio=Some(224) irq50_pending=false irq50_enabled=true irq50_prio=0 irq67_pending=true irq67_enabled=true irq67_prio=224 selected=None
[clk=00467104 pc=0x0815be86] DEBUG NVIC arb basepri=0x00 active_prio=Some(224) irq50_pending=false irq50_enabled=true irq50_prio=0 irq67_pending=true irq67_enabled=true irq67_prio=224 selected=None
[clk=00467105 pc=0x0815bdba] DEBUG NVIC arb basepri=0x00 active_prio=Some(224) irq50_pending=false irq50_enabled=true irq50_prio=0 irq67_pending=true irq67_enabled=true irq67_prio=224 selected=None
[clk=00467106 pc=0x0815bdbe] DEBUG NVIC arb basepri=0x00 active_prio=Some(224) irq50_pending=false irq50_enabled=true irq50_prio=0 irq67_pending=true irq67_enabled=true irq67_prio=224 selected=None
[clk=00467107 pc=0x0815bdc2] DEBUG NVIC arb basepri=0x00 active_prio=Some(224) irq50_pending=false irq50_enabled=true irq50_prio=0 irq67_pending=true irq67_enabled=true irq67_prio=224 selected=None
[clk=00467108 pc=0x0815bddc] DEBUG NVIC arb basepri=0x00 active_prio=Some(224) irq50_pending=false irq50_enabled=true irq50_prio=0 irq67_pending=true irq67_enabled=true irq67_prio=224 selected=None
[clk=00467109 pc=0x0815bde0] DEBUG NVIC arb basepri=0x00 active_prio=Some(224) irq50_pending=false irq50_enabled=true irq50_prio=0 irq67_pending=true irq67_enabled=true irq67_prio=224 selected=None
[clk=00467110 pc=0x0815bdfa] DEBUG NVIC arb basepri=0x00 active_prio=Some(224) irq50_pending=false irq50_enabled=true irq50_prio=0 irq67_pending=true irq67_enabled=true irq67_prio=224 selected=None
[clk=00467111 pc=0x0815bee0] DEBUG NVIC arb basepri=0x00 active_prio=Some(224) irq50_pending=false irq50_enabled=true irq50_prio=0 irq67_pending=true irq67_enabled=true irq67_prio=224 selected=None
[clk=00467112 pc=0x08154d04] DEBUG NVIC arb basepri=0x00 active_prio=Some(224) irq50_pending=false irq50_enabled=true irq50_prio=0 irq67_pending=true irq67_enabled=true irq67_prio=224 selected=None
[clk=00467113 pc=0x08154d06] DEBUG NVIC arb basepri=0x00 active_prio=Some(224) irq50_pending=false irq50_enabled=true irq50_prio=0 irq67_pending=true irq67_enabled=true irq67_prio=224 selected=None
[clk=00467114 pc=0x08154d0a] DEBUG NVIC arb basepri=0x30 active_prio=Some(224) irq50_pending=false irq50_enabled=true irq50_prio=0 irq67_pending=true irq67_enabled=true irq67_prio=224 selected=None
[clk=00467115 pc=0x08154d0c] DEBUG NVIC arb basepri=0x30 active_prio=Some(224) irq50_pending=false irq50_enabled=true irq50_prio=0 irq67_pending=true irq67_enabled=true irq67_prio=224 selected=None
[clk=00467116 pc=0x08154d0e] DEBUG NVIC arb basepri=0x30 active_prio=Some(224) irq50_pending=false irq50_enabled=true irq50_prio=0 irq67_pending=true irq67_enabled=true irq67_prio=224 selected=None
[clk=00467117 pc=0x08154d12] DEBUG NVIC arb basepri=0x30 active_prio=Some(224) irq50_pending=false irq50_enabled=true irq50_prio=0 irq67_pending=true irq67_enabled=true irq67_prio=224 selected=None
[clk=00467118 pc=0x08154d14] DEBUG NVIC arb basepri=0x30 active_prio=Some(224) irq50_pending=false irq50_enabled=true irq50_prio=0 irq67_pending=true irq67_enabled=true irq67_prio=224 selected=None
[clk=00467119 pc=0x08154d16] DEBUG NVIC arb basepri=0x30 active_prio=Some(224) irq50_pending=false irq50_enabled=true irq50_prio=0 irq67_pending=true irq67_enabled=true irq67_prio=224 selected=None
[clk=00467120 pc=0x08154d1a] DEBUG NVIC arb basepri=0x00 active_prio=Some(224) irq50_pending=false irq50_enabled=true irq50_prio=0 irq67_pending=true irq67_enabled=true irq67_prio=224 selected=None
[clk=00467121 pc=0x0815bee4] DEBUG NVIC arb basepri=0x00 active_prio=Some(224) irq50_pending=false irq50_enabled=true irq50_prio=0 irq67_pending=true irq67_enabled=true irq67_prio=224 selected=None
[clk=00467121 pc=0x0815bee4] DEBUG NVIC arb basepri=0x00 active_prio=None irq50_pending=false irq50_enabled=true irq50_prio=0 irq67_pending=true irq67_enabled=true irq67_prio=224 selected=Some(67)
[clk=00467121 pc=0x0815bee4] DEBUG EMULATOR exception_return: dispatching IRQ 67 (chain_idx=0)
[clk=00467121 pc=0x0815bee4] DEBUG NVIC dispatching IRQ 67 vector=0x815bed9
[clk=00467286 pc=0x0815bc4a] INFO  OTG_FS: EP0 IN ZLP XFRC (enum_stage=DeliverSetControlLineState diepctl0=0x80208040)
[clk=00467286 pc=0x0815bc4a] INFO  OTG_FS: SetControlLineState ZLP done → Configured
[clk=00467286 pc=0x0815bc4a] DEBUG NVIC arb basepri=0x30 active_prio=Some(224) irq50_pending=false irq50_enabled=true irq50_prio=0 irq67_pending=true irq67_enabled=true irq67_prio=224 selected=None
[clk=00467287 pc=0x0815bc4c] DEBUG NVIC arb basepri=0x30 active_prio=Some(224) irq50_pending=false irq50_enabled=true irq50_prio=0 irq67_pending=true irq67_enabled=true irq67_prio=224 selected=None
[clk=00467288 pc=0x0815bc50] DEBUG NVIC arb basepri=0x30 active_prio=Some(224) irq50_pending=false irq50_enabled=true irq50_prio=0 irq67_pending=true irq67_enabled=true irq67_prio=224 selected=None
[clk=00467289 pc=0x0815bc52] DEBUG NVIC arb basepri=0x30 active_prio=Some(224) irq50_pending=false irq50_enabled=true irq50_prio=0 irq67_pending=true irq67_enabled=true irq67_prio=224 selected=None
[clk=00467290 pc=0x0815bc56] DEBUG NVIC arb basepri=0x30 active_prio=Some(224) irq50_pending=false irq50_enabled=true irq50_prio=0 irq67_pending=true irq67_enabled=true irq67_prio=224 selected=None
[clk=00467291 pc=0x0815bc58] DEBUG NVIC arb basepri=0x30 active_prio=Some(224) irq50_pending=false irq50_enabled=true irq50_prio=0 irq67_pending=true irq67_enabled=true irq67_prio=224 selected=None
[clk=00467292 pc=0x0815bc5c] DEBUG NVIC arb basepri=0x30 active_prio=Some(224) irq50_pending=false irq50_enabled=true irq50_prio=0 irq67_pending=true irq67_enabled=true irq67_prio=224 selected=None
[clk=00467293 pc=0x0815bc60] DEBUG NVIC arb basepri=0x30 active_prio=Some(224) irq50_pending=false irq50_enabled=true irq50_prio=0 irq67_pending=true irq67_enabled=true irq67_prio=224 selected=None
[clk=00467294 pc=0x08158d88] DEBUG NVIC arb basepri=0x30 active_prio=Some(224) irq50_pending=false irq50_enabled=true irq50_prio=0 irq67_pending=true irq67_enabled=true irq67_prio=224 selected=None
[clk=00467295 pc=0x08158f12] DEBUG NVIC arb basepri=0x30 active_prio=Some(224) irq50_pending=false irq50_enabled=true irq50_prio=0 irq67_pending=true irq67_enabled=true irq67_prio=224 selected=None
[clk=00467296 pc=0x08158f14] DEBUG NVIC arb basepri=0x30 active_prio=Some(224) irq50_pending=false irq50_enabled=true irq50_prio=0 irq67_pending=true irq67_enabled=true irq67_prio=224 selected=None
[clk=00467297 pc=0x08158f18] DEBUG NVIC arb basepri=0x00 active_prio=Some(224) irq50_pending=false irq50_enabled=true irq50_prio=0 irq67_pending=true irq67_enabled=true irq67_prio=224 selected=None
[clk=00467298 pc=0x08158eb4] DEBUG NVIC arb basepri=0x00 active_prio=Some(224) irq50_pending=false irq50_enabled=true irq50_prio=0 irq67_pending=true irq67_enabled=true irq67_prio=224 selected=None
[clk=00467299 pc=0x0815bba0] DEBUG NVIC arb basepri=0x00 active_prio=Some(224) irq50_pending=false irq50_enabled=true irq50_prio=0 irq67_pending=true irq67_enabled=true irq67_prio=224 selected=None
[clk=00467300 pc=0x0815bba4] DEBUG NVIC arb basepri=0x00 active_prio=Some(224) irq50_pending=false irq50_enabled=true irq50_prio=0 irq67_pending=true irq67_enabled=true irq67_prio=224 selected=None
[clk=00467301 pc=0x0815bba6] DEBUG NVIC arb basepri=0x00 active_prio=Some(224) irq50_pending=false irq50_enabled=true irq50_prio=0 irq67_pending=true irq67_enabled=true irq67_prio=224 selected=None
[clk=00467302 pc=0x0815bbaa] DEBUG NVIC arb basepri=0x00 active_prio=Some(224) irq50_pending=false irq50_enabled=true irq50_prio=0 irq67_pending=true irq67_enabled=true irq67_prio=224 selected=None
[clk=00467303 pc=0x0815bbae] DEBUG NVIC arb basepri=0x00 active_prio=Some(224) irq50_pending=false irq50_enabled=true irq50_prio=0 irq67_pending=true irq67_enabled=true irq67_prio=224 selected=None
[clk=00467304 pc=0x0815bbb0] DEBUG NVIC arb basepri=0x00 active_prio=Some(224) irq50_pending=false irq50_enabled=true irq50_prio=0 irq67_pending=true irq67_enabled=true irq67_prio=224 selected=None
[clk=00467305 pc=0x0815bbb2] DEBUG NVIC arb basepri=0x00 active_prio=Some(224) irq50_pending=false irq50_enabled=true irq50_prio=0 irq67_pending=true irq67_enabled=true irq67_prio=224 selected=None
[clk=00467306 pc=0x0815bbb6] DEBUG NVIC arb basepri=0x00 active_prio=Some(224) irq50_pending=false irq50_enabled=true irq50_prio=0 irq67_pending=true irq67_enabled=true irq67_prio=224 selected=None
[clk=00467307 pc=0x0815bbb8] DEBUG NVIC arb basepri=0x00 active_prio=Some(224) irq50_pending=false irq50_enabled=true irq50_prio=0 irq67_pending=true irq67_enabled=true irq67_prio=224 selected=None
[clk=00467308 pc=0x0815bbba] DEBUG NVIC arb basepri=0x00 active_prio=Some(224) irq50_pending=false irq50_enabled=true irq50_prio=0 irq67_pending=true irq67_enabled=true irq67_prio=224 selected=None
[clk=00467309 pc=0x0815bbbc] DEBUG NVIC arb basepri=0x00 active_prio=Some(224) irq50_pending=false irq50_enabled=true irq50_prio=0 irq67_pending=true irq67_enabled=true irq67_prio=224 selected=None
[clk=00467310 pc=0x0815bbbe] DEBUG NVIC arb basepri=0x00 active_prio=Some(224) irq50_pending=false irq50_enabled=true irq50_prio=0 irq67_pending=true irq67_enabled=true irq67_prio=224 selected=None
[clk=00467311 pc=0x0815bbc0] DEBUG NVIC arb basepri=0x00 active_prio=Some(224) irq50_pending=false irq50_enabled=true irq50_prio=0 irq67_pending=true irq67_enabled=true irq67_prio=224 selected=None
[clk=00467312 pc=0x0815bbc4] DEBUG NVIC arb basepri=0x00 active_prio=Some(224) irq50_pending=false irq50_enabled=true irq50_prio=0 irq67_pending=true irq67_enabled=true irq67_prio=224 selected=None
[clk=00467313 pc=0x0815bbc8] DEBUG NVIC arb basepri=0x00 active_prio=Some(224) irq50_pending=false irq50_enabled=true irq50_prio=0 irq67_pending=true irq67_enabled=true irq67_prio=224 selected=None
[clk=00467314 pc=0x0815bbca] DEBUG NVIC arb basepri=0x00 active_prio=Some(224) irq50_pending=false irq50_enabled=true irq50_prio=0 irq67_pending=true irq67_enabled=true irq67_prio=224 selected=None
[clk=00467315 pc=0x0815bbcc] DEBUG NVIC arb basepri=0x00 active_prio=Some(224) irq50_pending=false irq50_enabled=true irq50_prio=0 irq67_pending=true irq67_enabled=true irq67_prio=224 selected=None
[clk=00467316 pc=0x0815bbce] DEBUG NVIC arb basepri=0x00 active_prio=Some(224) irq50_pending=false irq50_enabled=true irq50_prio=0 irq67_pending=true irq67_enabled=true irq67_prio=224 selected=None
[clk=00467317 pc=0x0815bbd0] DEBUG NVIC arb basepri=0x00 active_prio=Some(224) irq50_pending=false irq50_enabled=true irq50_prio=0 irq67_pending=true irq67_enabled=true irq67_prio=224 selected=None
[clk=00467318 pc=0x0815bbd2] DEBUG NVIC arb basepri=0x00 active_prio=Some(224) irq50_pending=false irq50_enabled=true irq50_prio=0 irq67_pending=true irq67_enabled=true irq67_prio=224 selected=None
[clk=00467319 pc=0x0815bbd4] DEBUG NVIC arb basepri=0x00 active_prio=Some(224) irq50_pending=false irq50_enabled=true irq50_prio=0 irq67_pending=true irq67_enabled=true irq67_prio=224 selected=None
[clk=00467320 pc=0x0815bbd8] DEBUG NVIC arb basepri=0x00 active_prio=Some(224) irq50_pending=false irq50_enabled=true irq50_prio=0 irq67_pending=true irq67_enabled=true irq67_prio=224 selected=None
[clk=00467321 pc=0x0815bbda] DEBUG NVIC arb basepri=0x00 active_prio=Some(224) irq50_pending=false irq50_enabled=true irq50_prio=0 irq67_pending=true irq67_enabled=true irq67_prio=224 selected=None
[clk=00467322 pc=0x0815bbde] DEBUG NVIC arb basepri=0x00 active_prio=Some(224) irq50_pending=false irq50_enabled=true irq50_prio=0 irq67_pending=true irq67_enabled=true irq67_prio=224 selected=None
[clk=00467323 pc=0x0815bbe0] DEBUG NVIC arb basepri=0x00 active_prio=Some(224) irq50_pending=false irq50_enabled=true irq50_prio=0 irq67_pending=true irq67_enabled=true irq67_prio=224 selected=None
[clk=00467324 pc=0x0815bbe2] DEBUG NVIC arb basepri=0x00 active_prio=Some(224) irq50_pending=false irq50_enabled=true irq50_prio=0 irq67_pending=true irq67_enabled=true irq67_prio=224 selected=None
[clk=00467325 pc=0x0815bbe4] DEBUG NVIC arb basepri=0x00 active_prio=Some(224) irq50_pending=false irq50_enabled=true irq50_prio=0 irq67_pending=true irq67_enabled=true irq67_prio=224 selected=None
[clk=00467326 pc=0x0815bbe6] DEBUG NVIC arb basepri=0x00 active_prio=Some(224) irq50_pending=false irq50_enabled=true irq50_prio=0 irq67_pending=true irq67_enabled=true irq67_prio=224 selected=None
[clk=00467327 pc=0x0815bbe8] DEBUG NVIC arb basepri=0x00 active_prio=Some(224) irq50_pending=false irq50_enabled=true irq50_prio=0 irq67_pending=true irq67_enabled=true irq67_prio=224 selected=None
[clk=00467328 pc=0x08158fcc] DEBUG NVIC arb basepri=0x00 active_prio=Some(224) irq50_pending=false irq50_enabled=true irq50_prio=0 irq67_pending=true irq67_enabled=true irq67_prio=224 selected=None
[clk=00467329 pc=0x08158fce] DEBUG NVIC arb basepri=0x00 active_prio=Some(224) irq50_pending=false irq50_enabled=true irq50_prio=0 irq67_pending=true irq67_enabled=true irq67_prio=224 selected=None
[clk=00467330 pc=0x08158fd0] DEBUG NVIC arb basepri=0x00 active_prio=Some(224) irq50_pending=false irq50_enabled=true irq50_prio=0 irq67_pending=true irq67_enabled=true irq67_prio=224 selected=None
[clk=00467331 pc=0x08158fd4] DEBUG NVIC arb basepri=0x00 active_prio=Some(224) irq50_pending=false irq50_enabled=true irq50_prio=0 irq67_pending=true irq67_enabled=true irq67_prio=224 selected=None
[clk=00467332 pc=0x08158fd6] DEBUG NVIC arb basepri=0x00 active_prio=Some(224) irq50_pending=false irq50_enabled=true irq50_prio=0 irq67_pending=true irq67_enabled=true irq67_prio=224 selected=None
[clk=00467333 pc=0x08158fd8] DEBUG NVIC arb basepri=0x00 active_prio=Some(224) irq50_pending=false irq50_enabled=true irq50_prio=0 irq67_pending=true irq67_enabled=true irq67_prio=224 selected=None
[clk=00467334 pc=0x08159028] DEBUG NVIC arb basepri=0x00 active_prio=Some(224) irq50_pending=false irq50_enabled=true irq50_prio=0 irq67_pending=true irq67_enabled=true irq67_prio=224 selected=None
[clk=00467335 pc=0x0815902a] DEBUG NVIC arb basepri=0x00 active_prio=Some(224) irq50_pending=false irq50_enabled=true irq50_prio=0 irq67_pending=true irq67_enabled=true irq67_prio=224 selected=None
[clk=00467336 pc=0x0815befc] DEBUG NVIC arb basepri=0x00 active_prio=Some(224) irq50_pending=false irq50_enabled=true irq50_prio=0 irq67_pending=true irq67_enabled=true irq67_prio=224 selected=None
[clk=00467337 pc=0x0815befe] DEBUG NVIC arb basepri=0x00 active_prio=Some(224) irq50_pending=false irq50_enabled=true irq50_prio=0 irq67_pending=true irq67_enabled=true irq67_prio=224 selected=None
[clk=00467338 pc=0x0815bf00] DEBUG NVIC arb basepri=0x00 active_prio=Some(224) irq50_pending=false irq50_enabled=true irq50_prio=0 irq67_pending=true irq67_enabled=true irq67_prio=224 selected=None
[clk=00467339 pc=0x0815bf02] DEBUG NVIC arb basepri=0x00 active_prio=Some(224) irq50_pending=false irq50_enabled=true irq50_prio=0 irq67_pending=true irq67_enabled=true irq67_prio=224 selected=None
[clk=00467340 pc=0x0815bf04] DEBUG NVIC arb basepri=0x00 active_prio=Some(224) irq50_pending=false irq50_enabled=true irq50_prio=0 irq67_pending=true irq67_enabled=true irq67_prio=224 selected=None
[clk=00467341 pc=0x0815bf08] DEBUG NVIC arb basepri=0x00 active_prio=Some(224) irq50_pending=false irq50_enabled=true irq50_prio=0 irq67_pending=true irq67_enabled=true irq67_prio=224 selected=None
[clk=00467342 pc=0x0815bf0a] DEBUG NVIC arb basepri=0x00 active_prio=Some(224) irq50_pending=false irq50_enabled=true irq50_prio=0 irq67_pending=true irq67_enabled=true irq67_prio=224 selected=None
[clk=00467343 pc=0x0815902e] DEBUG NVIC arb basepri=0x00 active_prio=Some(224) irq50_pending=false irq50_enabled=true irq50_prio=0 irq67_pending=true irq67_enabled=true irq67_prio=224 selected=None
[clk=00467344 pc=0x08159030] DEBUG NVIC arb basepri=0x00 active_prio=Some(224) irq50_pending=false irq50_enabled=true irq50_prio=0 irq67_pending=true irq67_enabled=true irq67_prio=224 selected=None
[clk=00467345 pc=0x08159032] DEBUG NVIC arb basepri=0x00 active_prio=Some(224) irq50_pending=false irq50_enabled=true irq50_prio=0 irq67_pending=true irq67_enabled=true irq67_prio=224 selected=None
[clk=00467346 pc=0x0815beec] DEBUG NVIC arb basepri=0x00 active_prio=Some(224) irq50_pending=false irq50_enabled=true irq50_prio=0 irq67_pending=true irq67_enabled=true irq67_prio=224 selected=None
[clk=00467347 pc=0x0815beee] DEBUG NVIC arb basepri=0x00 active_prio=Some(224) irq50_pending=false irq50_enabled=true irq50_prio=0 irq67_pending=true irq67_enabled=true irq67_prio=224 selected=None
[clk=00467348 pc=0x0815bef0] DEBUG NVIC arb basepri=0x00 active_prio=Some(224) irq50_pending=false irq50_enabled=true irq50_prio=0 irq67_pending=true irq67_enabled=true irq67_prio=224 selected=None
[clk=00467349 pc=0x0815bef2] DEBUG NVIC arb basepri=0x00 active_prio=Some(224) irq50_pending=false irq50_enabled=true irq50_prio=0 irq67_pending=true irq67_enabled=true irq67_prio=224 selected=None
[clk=00467350 pc=0x0815bef4] DEBUG NVIC arb basepri=0x00 active_prio=Some(224) irq50_pending=false irq50_enabled=true irq50_prio=0 irq67_pending=true irq67_enabled=true irq67_prio=224 selected=None
[clk=00467351 pc=0x0815bef8] DEBUG NVIC arb basepri=0x00 active_prio=Some(224) irq50_pending=false irq50_enabled=true irq50_prio=0 irq67_pending=true irq67_enabled=true irq67_prio=224 selected=None
[clk=00467352 pc=0x0815befa] DEBUG NVIC arb basepri=0x00 active_prio=Some(224) irq50_pending=false irq50_enabled=true irq50_prio=0 irq67_pending=true irq67_enabled=true irq67_prio=224 selected=None
[clk=00467353 pc=0x08159036] DEBUG NVIC arb basepri=0x00 active_prio=Some(224) irq50_pending=false irq50_enabled=true irq50_prio=0 irq67_pending=true irq67_enabled=true irq67_prio=224 selected=None
[clk=00467354 pc=0x08159038] DEBUG NVIC arb basepri=0x00 active_prio=Some(224) irq50_pending=false irq50_enabled=true irq50_prio=0 irq67_pending=true irq67_enabled=true irq67_prio=224 selected=None
[clk=00467355 pc=0x0815903a] DEBUG NVIC arb basepri=0x00 active_prio=Some(224) irq50_pending=false irq50_enabled=true irq50_prio=0 irq67_pending=true irq67_enabled=true irq67_prio=224 selected=None
[clk=00467356 pc=0x0815903c] DEBUG NVIC arb basepri=0x00 active_prio=Some(224) irq50_pending=false irq50_enabled=true irq50_prio=0 irq67_pending=true irq67_enabled=true irq67_prio=224 selected=None
[clk=00467357 pc=0x0815903e] DEBUG NVIC arb basepri=0x00 active_prio=Some(224) irq50_pending=false irq50_enabled=true irq50_prio=0 irq67_pending=true irq67_enabled=true irq67_prio=224 selected=None
[clk=00467358 pc=0x08159040] DEBUG NVIC arb basepri=0x00 active_prio=Some(224) irq50_pending=false irq50_enabled=true irq50_prio=0 irq67_pending=true irq67_enabled=true irq67_prio=224 selected=None
[clk=00467359 pc=0x0815a32c] DEBUG NVIC arb basepri=0x00 active_prio=Some(224) irq50_pending=false irq50_enabled=true irq50_prio=0 irq67_pending=true irq67_enabled=true irq67_prio=224 selected=None
[clk=00467360 pc=0x0815a32e] DEBUG NVIC arb basepri=0x00 active_prio=Some(224) irq50_pending=false irq50_enabled=true irq50_prio=0 irq67_pending=true irq67_enabled=true irq67_prio=224 selected=None
[clk=00467361 pc=0x0815a330] DEBUG NVIC arb basepri=0x00 active_prio=Some(224) irq50_pending=false irq50_enabled=true irq50_prio=0 irq67_pending=true irq67_enabled=true irq67_prio=224 selected=None
[clk=00467362 pc=0x0815a362] DEBUG NVIC arb basepri=0x00 active_prio=Some(224) irq50_pending=false irq50_enabled=true irq50_prio=0 irq67_pending=true irq67_enabled=true irq67_prio=224 selected=None
[clk=00467363 pc=0x08159042] DEBUG NVIC arb basepri=0x00 active_prio=Some(224) irq50_pending=false irq50_enabled=true irq50_prio=0 irq67_pending=true irq67_enabled=true irq67_prio=224 selected=None
[clk=00467364 pc=0x08159044] DEBUG NVIC arb basepri=0x00 active_prio=Some(224) irq50_pending=false irq50_enabled=true irq50_prio=0 irq67_pending=true irq67_enabled=true irq67_prio=224 selected=None
[clk=00467365 pc=0x08159048] DEBUG NVIC arb basepri=0x00 active_prio=Some(224) irq50_pending=false irq50_enabled=true irq50_prio=0 irq67_pending=true irq67_enabled=true irq67_prio=224 selected=None
[clk=00467366 pc=0x0815900e] DEBUG NVIC arb basepri=0x00 active_prio=Some(224) irq50_pending=false irq50_enabled=true irq50_prio=0 irq67_pending=true irq67_enabled=true irq67_prio=224 selected=None
[clk=00467367 pc=0x0815bbea] DEBUG NVIC arb basepri=0x00 active_prio=Some(224) irq50_pending=false irq50_enabled=true irq50_prio=0 irq67_pending=true irq67_enabled=true irq67_prio=224 selected=None
[clk=00467368 pc=0x0815be90] DEBUG NVIC arb basepri=0x00 active_prio=Some(224) irq50_pending=false irq50_enabled=true irq50_prio=0 irq67_pending=true irq67_enabled=true irq67_prio=224 selected=None
[clk=00467369 pc=0x0815bdca] DEBUG NVIC arb basepri=0x00 active_prio=Some(224) irq50_pending=false irq50_enabled=true irq50_prio=0 irq67_pending=true irq67_enabled=true irq67_prio=224 selected=None
[clk=00467370 pc=0x0815bdce] DEBUG NVIC arb basepri=0x00 active_prio=Some(224) irq50_pending=false irq50_enabled=true irq50_prio=0 irq67_pending=true irq67_enabled=true irq67_prio=224 selected=None
[clk=00467371 pc=0x0815bdd0] DEBUG NVIC arb basepri=0x00 active_prio=Some(224) irq50_pending=false irq50_enabled=true irq50_prio=0 irq67_pending=true irq67_enabled=true irq67_prio=224 selected=None
[clk=00467372 pc=0x0815bdd4] DEBUG NVIC arb basepri=0x00 active_prio=Some(224) irq50_pending=false irq50_enabled=true irq50_prio=0 irq67_pending=true irq67_enabled=true irq67_prio=224 selected=None
[clk=00467373 pc=0x0815bdd6] DEBUG NVIC arb basepri=0x00 active_prio=Some(224) irq50_pending=false irq50_enabled=true irq50_prio=0 irq67_pending=true irq67_enabled=true irq67_prio=224 selected=None
[clk=00467374 pc=0x0815bdda] DEBUG NVIC arb basepri=0x00 active_prio=Some(224) irq50_pending=false irq50_enabled=true irq50_prio=0 irq67_pending=true irq67_enabled=true irq67_prio=224 selected=None
[clk=00467375 pc=0x0815bddc] DEBUG NVIC arb basepri=0x00 active_prio=Some(224) irq50_pending=false irq50_enabled=true irq50_prio=0 irq67_pending=true irq67_enabled=true irq67_prio=224 selected=None
[clk=00467376 pc=0x0815bde0] DEBUG NVIC arb basepri=0x00 active_prio=Some(224) irq50_pending=false irq50_enabled=true irq50_prio=0 irq67_pending=true irq67_enabled=true irq67_prio=224 selected=None
[clk=00467377 pc=0x0815bdfa] DEBUG NVIC arb basepri=0x00 active_prio=Some(224) irq50_pending=false irq50_enabled=true irq50_prio=0 irq67_pending=true irq67_enabled=true irq67_prio=224 selected=None
[clk=00467378 pc=0x0815bee0] DEBUG NVIC arb basepri=0x00 active_prio=Some(224) irq50_pending=false irq50_enabled=true irq50_prio=0 irq67_pending=true irq67_enabled=true irq67_prio=224 selected=None
[clk=00467379 pc=0x08154d04] DEBUG NVIC arb basepri=0x00 active_prio=Some(224) irq50_pending=false irq50_enabled=true irq50_prio=0 irq67_pending=true irq67_enabled=true irq67_prio=224 selected=None
[clk=00467380 pc=0x08154d06] DEBUG NVIC arb basepri=0x00 active_prio=Some(224) irq50_pending=false irq50_enabled=true irq50_prio=0 irq67_pending=true irq67_enabled=true irq67_prio=224 selected=None
[clk=00467381 pc=0x08154d0a] DEBUG NVIC arb basepri=0x30 active_prio=Some(224) irq50_pending=false irq50_enabled=true irq50_prio=0 irq67_pending=true irq67_enabled=true irq67_prio=224 selected=None
[clk=00467382 pc=0x08154d0c] DEBUG NVIC arb basepri=0x30 active_prio=Some(224) irq50_pending=false irq50_enabled=true irq50_prio=0 irq67_pending=true irq67_enabled=true irq67_prio=224 selected=None
[clk=00467383 pc=0x08154d0e] DEBUG NVIC arb basepri=0x30 active_prio=Some(224) irq50_pending=false irq50_enabled=true irq50_prio=0 irq67_pending=true irq67_enabled=true irq67_prio=224 selected=None
[clk=00467384 pc=0x08154d12] DEBUG NVIC arb basepri=0x30 active_prio=Some(224) irq50_pending=false irq50_enabled=true irq50_prio=0 irq67_pending=true irq67_enabled=true irq67_prio=224 selected=None
[clk=00467385 pc=0x08154d14] DEBUG NVIC arb basepri=0x30 active_prio=Some(224) irq50_pending=false irq50_enabled=true irq50_prio=0 irq67_pending=true irq67_enabled=true irq67_prio=224 selected=None
[clk=00467386 pc=0x08154d16] DEBUG NVIC arb basepri=0x30 active_prio=Some(224) irq50_pending=false irq50_enabled=true irq50_prio=0 irq67_pending=true irq67_enabled=true irq67_prio=224 selected=None
[clk=00467387 pc=0x08154d1a] DEBUG NVIC arb basepri=0x00 active_prio=Some(224) irq50_pending=false irq50_enabled=true irq50_prio=0 irq67_pending=true irq67_enabled=true irq67_prio=224 selected=None
[clk=00467388 pc=0x0815bee4] DEBUG NVIC arb basepri=0x00 active_prio=Some(224) irq50_pending=false irq50_enabled=true irq50_prio=0 irq67_pending=true irq67_enabled=true irq67_prio=224 selected=None
[clk=00467388 pc=0x0815bee4] DEBUG NVIC arb basepri=0x00 active_prio=None irq50_pending=false irq50_enabled=true irq50_prio=0 irq67_pending=true irq67_enabled=true irq67_prio=224 selected=Some(67)
[clk=00467388 pc=0x0815bee4] DEBUG EMULATOR exception_return: dispatching IRQ 67 (chain_idx=0)
[clk=00467388 pc=0x0815bee4] DEBUG NVIC dispatching IRQ 67 vector=0x815bed9
[clk=00543986 pc=0x0815ca54] DEBUG TIM5 CC1 compare fired cnt=0x0000143e ccr1=0x0000143e -> IRQ 50
[clk=00543986 pc=0x0815ca54] DEBUG NVIC arb basepri=0x00 active_prio=None irq50_pending=true irq50_enabled=true irq50_prio=0 irq67_pending=false irq67_enabled=true irq67_prio=224 selected=Some(50)
[clk=00543986 pc=0x0815ca54] DEBUG NVIC dispatching IRQ 50 vector=0x815c389
[clk=00544033 pc=0x0815c984] DEBUG TIM5 write DIER=0x00000000
[clk=00544252 pc=0x0815c96e] DEBUG TIM5 write CCR1=0x00001828
[clk=00544256 pc=0x0815c976] DEBUG TIM5 write DIER=0x00000002
[clk=00628154 pc=0x0815ca54] DEBUG TIM5 CC1 compare fired cnt=0x00001828 ccr1=0x00001828 -> IRQ 50
[clk=00628154 pc=0x0815ca54] DEBUG NVIC arb basepri=0x00 active_prio=None irq50_pending=true irq50_enabled=true irq50_prio=0 irq67_pending=false irq67_enabled=true irq67_prio=224 selected=Some(50)
[clk=00628154 pc=0x0815ca54] DEBUG NVIC dispatching IRQ 50 vector=0x815c389
[clk=00628201 pc=0x0815c984] DEBUG TIM5 write DIER=0x00000000
[clk=00628420 pc=0x0815c96e] DEBUG TIM5 write CCR1=0x00001c12
[clk=00628424 pc=0x0815c976] DEBUG TIM5 write DIER=0x00000002
[clk=00631832 pc=0x0815ca54] DEBUG OTG_FS SOF injected (gintmsk=0xc03c3c18 gintsts_before=0x00000000 irq_latched=false)
[clk=00631832 pc=0x0815ca54] DEBUG NVIC arb basepri=0x00 active_prio=None irq50_pending=false irq50_enabled=true irq50_prio=0 irq67_pending=true irq67_enabled=true irq67_prio=224 selected=Some(67)
[clk=00631832 pc=0x0815ca54] DEBUG EMULATOR code_hook: dispatching IRQ 67 (chain_idx=0)
[clk=00631832 pc=0x0815ca54] DEBUG NVIC dispatching IRQ 67 vector=0x815bed9
[clk=00712322 pc=0x0815ca54] DEBUG TIM5 CC1 compare fired cnt=0x00001c12 ccr1=0x00001c12 -> IRQ 50
[clk=00712322 pc=0x0815ca54] DEBUG NVIC arb basepri=0x00 active_prio=None irq50_pending=true irq50_enabled=true irq50_prio=0 irq67_pending=false irq67_enabled=true irq67_prio=224 selected=Some(50)
[clk=00712322 pc=0x0815ca54] DEBUG NVIC dispatching IRQ 50 vector=0x815c389
[clk=00712369 pc=0x0815c984] DEBUG TIM5 write DIER=0x00000000
[clk=00712588 pc=0x0815c96e] DEBUG TIM5 write CCR1=0x00001ffc
[clk=00712592 pc=0x0815c976] DEBUG TIM5 write DIER=0x00000002
[clk=00796490 pc=0x0815ca54] DEBUG TIM5 CC1 compare fired cnt=0x00001ffc ccr1=0x00001ffc -> IRQ 50
[clk=00796490 pc=0x0815ca54] DEBUG NVIC arb basepri=0x00 active_prio=None irq50_pending=true irq50_enabled=true irq50_prio=0 irq67_pending=false irq67_enabled=true irq67_prio=224 selected=Some(50)
[clk=00796490 pc=0x0815ca54] DEBUG NVIC dispatching IRQ 50 vector=0x815c389
[clk=00796537 pc=0x0815c984] DEBUG TIM5 write DIER=0x00000000
[clk=00796756 pc=0x0815c96e] DEBUG TIM5 write CCR1=0x000023e6
[clk=00796760 pc=0x0815c976] DEBUG TIM5 write DIER=0x00000002
[clk=00799843 pc=0x0815ca54] DEBUG OTG_FS SOF injected (gintmsk=0xc03c3c18 gintsts_before=0x00000000 irq_latched=false)
[clk=00799843 pc=0x0815ca54] DEBUG NVIC arb basepri=0x00 active_prio=None irq50_pending=false irq50_enabled=true irq50_prio=0 irq67_pending=true irq67_enabled=true irq67_prio=224 selected=Some(67)
[clk=00799843 pc=0x0815ca54] DEBUG EMULATOR code_hook: dispatching IRQ 67 (chain_idx=0)
[clk=00799843 pc=0x0815ca54] DEBUG NVIC dispatching IRQ 67 vector=0x815bed9
[clk=00880658 pc=0x0815ca54] DEBUG TIM5 CC1 compare fired cnt=0x000023e6 ccr1=0x000023e6 -> IRQ 50
[clk=00880658 pc=0x0815ca54] DEBUG NVIC arb basepri=0x00 active_prio=None irq50_pending=true irq50_enabled=true irq50_prio=0 irq67_pending=false irq67_enabled=true irq67_prio=224 selected=Some(50)
[clk=00880658 pc=0x0815ca54] DEBUG NVIC dispatching IRQ 50 vector=0x815c389
[clk=00880705 pc=0x0815c984] DEBUG TIM5 write DIER=0x00000000
[clk=00880924 pc=0x0815c96e] DEBUG TIM5 write CCR1=0x000027d0
[clk=00880928 pc=0x0815c976] DEBUG TIM5 write DIER=0x00000002
[clk=00964826 pc=0x0815ca54] DEBUG TIM5 CC1 compare fired cnt=0x000027d0 ccr1=0x000027d0 -> IRQ 50
[clk=00964826 pc=0x0815ca54] DEBUG NVIC arb basepri=0x00 active_prio=None irq50_pending=true irq50_enabled=true irq50_prio=0 irq67_pending=false irq67_enabled=true irq67_prio=224 selected=Some(50)
[clk=00964826 pc=0x0815ca54] DEBUG NVIC dispatching IRQ 50 vector=0x815c389
[clk=00964873 pc=0x0815c984] DEBUG TIM5 write DIER=0x00000000
[clk=00965092 pc=0x0815c96e] DEBUG TIM5 write CCR1=0x00002bba
[clk=00965096 pc=0x0815c976] DEBUG TIM5 write DIER=0x00000002
[clk=00967854 pc=0x0815ca54] DEBUG OTG_FS SOF injected (gintmsk=0xc03c3c18 gintsts_before=0x00000000 irq_latched=false)
[clk=00967854 pc=0x0815ca54] DEBUG NVIC arb basepri=0x00 active_prio=None irq50_pending=false irq50_enabled=true irq50_prio=0 irq67_pending=true irq67_enabled=true irq67_prio=224 selected=Some(67)
[clk=00967854 pc=0x0815ca54] DEBUG EMULATOR code_hook: dispatching IRQ 67 (chain_idx=0)
[clk=00967854 pc=0x0815ca54] DEBUG NVIC dispatching IRQ 67 vector=0x815bed9
[clk=01048994 pc=0x0815ca54] DEBUG TIM5 CC1 compare fired cnt=0x00002bba ccr1=0x00002bba -> IRQ 50
[clk=01048994 pc=0x0815ca54] DEBUG NVIC arb basepri=0x00 active_prio=None irq50_pending=true irq50_enabled=true irq50_prio=0 irq67_pending=false irq67_enabled=true irq67_prio=224 selected=Some(50)
[clk=01048994 pc=0x0815ca54] DEBUG NVIC dispatching IRQ 50 vector=0x815c389
[clk=01049041 pc=0x0815c984] DEBUG TIM5 write DIER=0x00000000
[clk=01049260 pc=0x0815c96e] DEBUG TIM5 write CCR1=0x00002fa4
[clk=01049264 pc=0x0815c976] DEBUG TIM5 write DIER=0x00000002
[clk=01133162 pc=0x0815ca54] DEBUG TIM5 CC1 compare fired cnt=0x00002fa4 ccr1=0x00002fa4 -> IRQ 50
[clk=01133162 pc=0x0815ca54] DEBUG NVIC arb basepri=0x00 active_prio=None irq50_pending=true irq50_enabled=true irq50_prio=0 irq67_pending=false irq67_enabled=true irq67_prio=224 selected=Some(50)
[clk=01133162 pc=0x0815ca54] DEBUG NVIC dispatching IRQ 50 vector=0x815c389
[clk=01133209 pc=0x0815c984] DEBUG TIM5 write DIER=0x00000000
[clk=01133428 pc=0x0815c96e] DEBUG TIM5 write CCR1=0x0000338e
[clk=01133432 pc=0x0815c976] DEBUG TIM5 write DIER=0x00000002
[clk=01135865 pc=0x0815ca54] DEBUG OTG_FS SOF injected (gintmsk=0xc03c3c18 gintsts_before=0x00000000 irq_latched=false)
[clk=01135865 pc=0x0815ca54] DEBUG NVIC arb basepri=0x00 active_prio=None irq50_pending=false irq50_enabled=true irq50_prio=0 irq67_pending=true irq67_enabled=true irq67_prio=224 selected=Some(67)
[clk=01135865 pc=0x0815ca54] DEBUG EMULATOR code_hook: dispatching IRQ 67 (chain_idx=0)
[clk=01135865 pc=0x0815ca54] DEBUG NVIC dispatching IRQ 67 vector=0x815bed9
[clk=01217330 pc=0x0815ca54] DEBUG TIM5 CC1 compare fired cnt=0x0000338e ccr1=0x0000338e -> IRQ 50
[clk=01217330 pc=0x0815ca54] DEBUG NVIC arb basepri=0x00 active_prio=None irq50_pending=true irq50_enabled=true irq50_prio=0 irq67_pending=false irq67_enabled=true irq67_prio=224 selected=Some(50)
[clk=01217330 pc=0x0815ca54] DEBUG NVIC dispatching IRQ 50 vector=0x815c389
[clk=01217377 pc=0x0815c984] DEBUG TIM5 write DIER=0x00000000
[clk=01217596 pc=0x0815c96e] DEBUG TIM5 write CCR1=0x00003778
[clk=01217600 pc=0x0815c976] DEBUG TIM5 write DIER=0x00000002
[clk=01301498 pc=0x0815ca54] DEBUG TIM5 CC1 compare fired cnt=0x00003778 ccr1=0x00003778 -> IRQ 50
[clk=01301498 pc=0x0815ca54] DEBUG NVIC arb basepri=0x00 active_prio=None irq50_pending=true irq50_enabled=true irq50_prio=0 irq67_pending=false irq67_enabled=true irq67_prio=224 selected=Some(50)
[clk=01301498 pc=0x0815ca54] DEBUG NVIC dispatching IRQ 50 vector=0x815c389
[clk=01301545 pc=0x0815c984] DEBUG TIM5 write DIER=0x00000000
[clk=01301764 pc=0x0815c96e] DEBUG TIM5 write CCR1=0x00003b62
[clk=01301768 pc=0x0815c976] DEBUG TIM5 write DIER=0x00000002
[clk=01303876 pc=0x0815ca54] DEBUG OTG_FS SOF injected (gintmsk=0xc03c3c18 gintsts_before=0x00000000 irq_latched=false)
[clk=01303876 pc=0x0815ca54] DEBUG NVIC arb basepri=0x00 active_prio=None irq50_pending=false irq50_enabled=true irq50_prio=0 irq67_pending=true irq67_enabled=true irq67_prio=224 selected=Some(67)
[clk=01303876 pc=0x0815ca54] DEBUG EMULATOR code_hook: dispatching IRQ 67 (chain_idx=0)
[clk=01303876 pc=0x0815ca54] DEBUG NVIC dispatching IRQ 67 vector=0x815bed9
[clk=01385666 pc=0x0815ca54] DEBUG TIM5 CC1 compare fired cnt=0x00003b62 ccr1=0x00003b62 -> IRQ 50
[clk=01385666 pc=0x0815ca54] DEBUG NVIC arb basepri=0x00 active_prio=None irq50_pending=true irq50_enabled=true irq50_prio=0 irq67_pending=false irq67_enabled=true irq67_prio=224 selected=Some(50)
[clk=01385666 pc=0x0815ca54] DEBUG NVIC dispatching IRQ 50 vector=0x815c389
[clk=01385713 pc=0x0815c984] DEBUG TIM5 write DIER=0x00000000
[clk=01385932 pc=0x0815c96e] DEBUG TIM5 write CCR1=0x00003f4c
[clk=01385936 pc=0x0815c976] DEBUG TIM5 write DIER=0x00000002
[clk=01469834 pc=0x0815ca54] DEBUG TIM5 CC1 compare fired cnt=0x00003f4c ccr1=0x00003f4c -> IRQ 50
[clk=01469834 pc=0x0815ca54] DEBUG NVIC arb basepri=0x00 active_prio=None irq50_pending=true irq50_enabled=true irq50_prio=0 irq67_pending=false irq67_enabled=true irq67_prio=224 selected=Some(50)
[clk=01469834 pc=0x0815ca54] DEBUG NVIC dispatching IRQ 50 vector=0x815c389
[clk=01469881 pc=0x0815c984] DEBUG TIM5 write DIER=0x00000000
[clk=01470100 pc=0x0815c96e] DEBUG TIM5 write CCR1=0x00004336
[clk=01470104 pc=0x0815c976] DEBUG TIM5 write DIER=0x00000002
[clk=01471887 pc=0x0815ca54] DEBUG OTG_FS SOF injected (gintmsk=0xc03c3c18 gintsts_before=0x00000000 irq_latched=false)
[clk=01471887 pc=0x0815ca54] DEBUG NVIC arb basepri=0x00 active_prio=None irq50_pending=false irq50_enabled=true irq50_prio=0 irq67_pending=true irq67_enabled=true irq67_prio=224 selected=Some(67)
[clk=01471887 pc=0x0815ca54] DEBUG EMULATOR code_hook: dispatching IRQ 67 (chain_idx=0)
[clk=01471887 pc=0x0815ca54] DEBUG NVIC dispatching IRQ 67 vector=0x815bed9
[clk=01554002 pc=0x0815ca54] DEBUG TIM5 CC1 compare fired cnt=0x00004336 ccr1=0x00004336 -> IRQ 50
[clk=01554002 pc=0x0815ca54] DEBUG NVIC arb basepri=0x00 active_prio=None irq50_pending=true irq50_enabled=true irq50_prio=0 irq67_pending=false irq67_enabled=true irq67_prio=224 selected=Some(50)
[clk=01554002 pc=0x0815ca54] DEBUG NVIC dispatching IRQ 50 vector=0x815c389
[clk=01554049 pc=0x0815c984] DEBUG TIM5 write DIER=0x00000000
[clk=01554268 pc=0x0815c96e] DEBUG TIM5 write CCR1=0x00004720
[clk=01554272 pc=0x0815c976] DEBUG TIM5 write DIER=0x00000002
[clk=01638170 pc=0x0815ca54] DEBUG TIM5 CC1 compare fired cnt=0x00004720 ccr1=0x00004720 -> IRQ 50
[clk=01638170 pc=0x0815ca54] DEBUG NVIC arb basepri=0x00 active_prio=None irq50_pending=true irq50_enabled=true irq50_prio=0 irq67_pending=false irq67_enabled=true irq67_prio=224 selected=Some(50)
[clk=01638170 pc=0x0815ca54] DEBUG NVIC dispatching IRQ 50 vector=0x815c389
[clk=01638217 pc=0x0815c984] DEBUG TIM5 write DIER=0x00000000
[clk=01638436 pc=0x0815c96e] DEBUG TIM5 write CCR1=0x00004b0a
[clk=01638440 pc=0x0815c976] DEBUG TIM5 write DIER=0x00000002
[clk=01639898 pc=0x0815ca54] DEBUG OTG_FS SOF injected (gintmsk=0xc03c3c18 gintsts_before=0x00000000 irq_latched=false)
[clk=01639898 pc=0x0815ca54] DEBUG NVIC arb basepri=0x00 active_prio=None irq50_pending=false irq50_enabled=true irq50_prio=0 irq67_pending=true irq67_enabled=true irq67_prio=224 selected=Some(67)
[clk=01639898 pc=0x0815ca54] DEBUG EMULATOR code_hook: dispatching IRQ 67 (chain_idx=0)
[clk=01639898 pc=0x0815ca54] DEBUG NVIC dispatching IRQ 67 vector=0x815bed9
[clk=01722338 pc=0x0815ca54] DEBUG TIM5 CC1 compare fired cnt=0x00004b0a ccr1=0x00004b0a -> IRQ 50
[clk=01722338 pc=0x0815ca54] DEBUG NVIC arb basepri=0x00 active_prio=None irq50_pending=true irq50_enabled=true irq50_prio=0 irq67_pending=false irq67_enabled=true irq67_prio=224 selected=Some(50)
[clk=01722338 pc=0x0815ca54] DEBUG NVIC dispatching IRQ 50 vector=0x815c389
[clk=01722385 pc=0x0815c984] DEBUG TIM5 write DIER=0x00000000
[clk=01722604 pc=0x0815c96e] DEBUG TIM5 write CCR1=0x00004ef4
[clk=01722608 pc=0x0815c976] DEBUG TIM5 write DIER=0x00000002
[clk=01806506 pc=0x0815ca54] DEBUG TIM5 CC1 compare fired cnt=0x00004ef4 ccr1=0x00004ef4 -> IRQ 50
[clk=01806506 pc=0x0815ca54] DEBUG NVIC arb basepri=0x00 active_prio=None irq50_pending=true irq50_enabled=true irq50_prio=0 irq67_pending=false irq67_enabled=true irq67_prio=224 selected=Some(50)
[clk=01806506 pc=0x0815ca54] DEBUG NVIC dispatching IRQ 50 vector=0x815c389
[clk=01806553 pc=0x0815c984] DEBUG TIM5 write DIER=0x00000000
[clk=01806772 pc=0x0815c96e] DEBUG TIM5 write CCR1=0x000052de
[clk=01806776 pc=0x0815c976] DEBUG TIM5 write DIER=0x00000002
[clk=01807909 pc=0x0815ca54] DEBUG OTG_FS SOF injected (gintmsk=0xc03c3c18 gintsts_before=0x00000000 irq_latched=false)
[clk=01807909 pc=0x0815ca54] DEBUG NVIC arb basepri=0x00 active_prio=None irq50_pending=false irq50_enabled=true irq50_prio=0 irq67_pending=true irq67_enabled=true irq67_prio=224 selected=Some(67)
[clk=01807909 pc=0x0815ca54] DEBUG EMULATOR code_hook: dispatching IRQ 67 (chain_idx=0)
[clk=01807909 pc=0x0815ca54] DEBUG NVIC dispatching IRQ 67 vector=0x815bed9
[clk=01890674 pc=0x0815ca54] DEBUG TIM5 CC1 compare fired cnt=0x000052de ccr1=0x000052de -> IRQ 50
[clk=01890674 pc=0x0815ca54] DEBUG NVIC arb basepri=0x00 active_prio=None irq50_pending=true irq50_enabled=true irq50_prio=0 irq67_pending=false irq67_enabled=true irq67_prio=224 selected=Some(50)
[clk=01890674 pc=0x0815ca54] DEBUG NVIC dispatching IRQ 50 vector=0x815c389
[clk=01890721 pc=0x0815c984] DEBUG TIM5 write DIER=0x00000000
[clk=01890940 pc=0x0815c96e] DEBUG TIM5 write CCR1=0x000056c8
[clk=01890944 pc=0x0815c976] DEBUG TIM5 write DIER=0x00000002
[clk=01974842 pc=0x0815ca54] DEBUG TIM5 CC1 compare fired cnt=0x000056c8 ccr1=0x000056c8 -> IRQ 50
[clk=01974842 pc=0x0815ca54] DEBUG NVIC arb basepri=0x00 active_prio=None irq50_pending=true irq50_enabled=true irq50_prio=0 irq67_pending=false irq67_enabled=true irq67_prio=224 selected=Some(50)
[clk=01974842 pc=0x0815ca54] DEBUG NVIC dispatching IRQ 50 vector=0x815c389
[clk=01974889 pc=0x0815c984] DEBUG TIM5 write DIER=0x00000000
[clk=01975108 pc=0x0815c96e] DEBUG TIM5 write CCR1=0x00005ab2
[clk=01975112 pc=0x0815c976] DEBUG TIM5 write DIER=0x00000002
[clk=01975920 pc=0x0815ca54] DEBUG OTG_FS SOF injected (gintmsk=0xc03c3c18 gintsts_before=0x00000000 irq_latched=false)
[clk=01975920 pc=0x0815ca54] DEBUG NVIC arb basepri=0x00 active_prio=None irq50_pending=false irq50_enabled=true irq50_prio=0 irq67_pending=true irq67_enabled=true irq67_prio=224 selected=Some(67)
[clk=01975920 pc=0x0815ca54] DEBUG EMULATOR code_hook: dispatching IRQ 67 (chain_idx=0)
[clk=01975920 pc=0x0815ca54] DEBUG NVIC dispatching IRQ 67 vector=0x815bed9
[clk=02059010 pc=0x0815ca54] DEBUG TIM5 CC1 compare fired cnt=0x00005ab2 ccr1=0x00005ab2 -> IRQ 50
[clk=02059010 pc=0x0815ca54] DEBUG NVIC arb basepri=0x00 active_prio=None irq50_pending=true irq50_enabled=true irq50_prio=0 irq67_pending=false irq67_enabled=true irq67_prio=224 selected=Some(50)
[clk=02059010 pc=0x0815ca54] DEBUG NVIC dispatching IRQ 50 vector=0x815c389
[clk=02059057 pc=0x0815c984] DEBUG TIM5 write DIER=0x00000000
[clk=02059276 pc=0x0815c96e] DEBUG TIM5 write CCR1=0x00005e9c
[clk=02059280 pc=0x0815c976] DEBUG TIM5 write DIER=0x00000002
[clk=02143178 pc=0x0815ca54] DEBUG TIM5 CC1 compare fired cnt=0x00005e9c ccr1=0x00005e9c -> IRQ 50
[clk=02143178 pc=0x0815ca54] DEBUG NVIC arb basepri=0x00 active_prio=None irq50_pending=true irq50_enabled=true irq50_prio=0 irq67_pending=false irq67_enabled=true irq67_prio=224 selected=Some(50)
[clk=02143178 pc=0x0815ca54] DEBUG NVIC dispatching IRQ 50 vector=0x815c389
[clk=02143225 pc=0x0815c984] DEBUG TIM5 write DIER=0x00000000
[clk=02143444 pc=0x0815c96e] DEBUG TIM5 write CCR1=0x00006286
[clk=02143448 pc=0x0815c976] DEBUG TIM5 write DIER=0x00000002
[clk=02143931 pc=0x0815ca54] DEBUG OTG_FS SOF injected (gintmsk=0xc03c3c18 gintsts_before=0x00000000 irq_latched=false)
[clk=02143931 pc=0x0815ca54] DEBUG NVIC arb basepri=0x00 active_prio=None irq50_pending=false irq50_enabled=true irq50_prio=0 irq67_pending=true irq67_enabled=true irq67_prio=224 selected=Some(67)
[clk=02143931 pc=0x0815ca54] DEBUG EMULATOR code_hook: dispatching IRQ 67 (chain_idx=0)
[clk=02143931 pc=0x0815ca54] DEBUG NVIC dispatching IRQ 67 vector=0x815bed9
[clk=02227346 pc=0x0815ca54] DEBUG TIM5 CC1 compare fired cnt=0x00006286 ccr1=0x00006286 -> IRQ 50
[clk=02227346 pc=0x0815ca54] DEBUG NVIC arb basepri=0x00 active_prio=None irq50_pending=true irq50_enabled=true irq50_prio=0 irq67_pending=false irq67_enabled=true irq67_prio=224 selected=Some(50)
[clk=02227346 pc=0x0815ca54] DEBUG NVIC dispatching IRQ 50 vector=0x815c389
[clk=02227393 pc=0x0815c984] DEBUG TIM5 write DIER=0x00000000
[clk=02227612 pc=0x0815c96e] DEBUG TIM5 write CCR1=0x00006670
[clk=02227616 pc=0x0815c976] DEBUG TIM5 write DIER=0x00000002
[clk=02311514 pc=0x0815ca54] DEBUG TIM5 CC1 compare fired cnt=0x00006670 ccr1=0x00006670 -> IRQ 50
[clk=02311514 pc=0x0815ca54] DEBUG NVIC arb basepri=0x00 active_prio=None irq50_pending=true irq50_enabled=true irq50_prio=0 irq67_pending=false irq67_enabled=true irq67_prio=224 selected=Some(50)
[clk=02311514 pc=0x0815ca54] DEBUG NVIC dispatching IRQ 50 vector=0x815c389
[clk=02311561 pc=0x0815c984] DEBUG TIM5 write DIER=0x00000000
[clk=02311780 pc=0x0815c96e] DEBUG TIM5 write CCR1=0x00006a5a
[clk=02311784 pc=0x0815c976] DEBUG TIM5 write DIER=0x00000002
[clk=02311942 pc=0x0815ca54] DEBUG OTG_FS SOF injected (gintmsk=0xc03c3c18 gintsts_before=0x00000000 irq_latched=false)
[clk=02311942 pc=0x0815ca54] DEBUG NVIC arb basepri=0x00 active_prio=None irq50_pending=false irq50_enabled=true irq50_prio=0 irq67_pending=true irq67_enabled=true irq67_prio=224 selected=Some(67)
[clk=02311942 pc=0x0815ca54] DEBUG EMULATOR code_hook: dispatching IRQ 67 (chain_idx=0)
[clk=02311942 pc=0x0815ca54] DEBUG NVIC dispatching IRQ 67 vector=0x815bed9
[clk=02395682 pc=0x0815ca54] DEBUG TIM5 CC1 compare fired cnt=0x00006a5a ccr1=0x00006a5a -> IRQ 50
[clk=02395682 pc=0x0815ca54] DEBUG NVIC arb basepri=0x00 active_prio=None irq50_pending=true irq50_enabled=true irq50_prio=0 irq67_pending=false irq67_enabled=true irq67_prio=224 selected=Some(50)
[clk=02395682 pc=0x0815ca54] DEBUG NVIC dispatching IRQ 50 vector=0x815c389
[clk=02395729 pc=0x0815c984] DEBUG TIM5 write DIER=0x00000000
[clk=02395948 pc=0x0815c96e] DEBUG TIM5 write CCR1=0x00006e44
[clk=02395952 pc=0x0815c976] DEBUG TIM5 write DIER=0x00000002
[clk=02479850 pc=0x0815ca54] DEBUG TIM5 CC1 compare fired cnt=0x00006e44 ccr1=0x00006e44 -> IRQ 50
[clk=02479850 pc=0x0815ca54] DEBUG NVIC arb basepri=0x00 active_prio=None irq50_pending=true irq50_enabled=true irq50_prio=0 irq67_pending=false irq67_enabled=true irq67_prio=224 selected=Some(50)
[clk=02479850 pc=0x0815ca54] DEBUG NVIC dispatching IRQ 50 vector=0x815c389
[clk=02479897 pc=0x0815c984] DEBUG TIM5 write DIER=0x00000000
[clk=02479953 pc=0x081599fa] DEBUG OTG_FS SOF injected (gintmsk=0xc03c3c18 gintsts_before=0x00000000 irq_latched=false)
[clk=02479953 pc=0x081599fa] DEBUG NVIC arb basepri=0x30 active_prio=Some(0) irq50_pending=false irq50_enabled=true irq50_prio=0 irq67_pending=true irq67_enabled=true irq67_prio=224 selected=None
[clk=02479954 pc=0x0815cb66] DEBUG NVIC arb basepri=0x30 active_prio=Some(0) irq50_pending=false irq50_enabled=true irq50_prio=0 irq67_pending=true irq67_enabled=true irq67_prio=224 selected=None
[clk=02479955 pc=0x0815cb68] DEBUG NVIC arb basepri=0x30 active_prio=Some(0) irq50_pending=false irq50_enabled=true irq50_prio=0 irq67_pending=true irq67_enabled=true irq67_prio=224 selected=None
[clk=02479956 pc=0x0815cb6c] DEBUG NVIC arb basepri=0x00 active_prio=Some(0) irq50_pending=false irq50_enabled=true irq50_prio=0 irq67_pending=true irq67_enabled=true irq67_prio=224 selected=None
[clk=02479957 pc=0x0815cb5a] DEBUG NVIC arb basepri=0x00 active_prio=Some(0) irq50_pending=false irq50_enabled=true irq50_prio=0 irq67_pending=true irq67_enabled=true irq67_prio=224 selected=None
[clk=02479958 pc=0x0815c38e] DEBUG NVIC arb basepri=0x00 active_prio=Some(0) irq50_pending=false irq50_enabled=true irq50_prio=0 irq67_pending=true irq67_enabled=true irq67_prio=224 selected=None
[clk=02479959 pc=0x08154d04] DEBUG NVIC arb basepri=0x00 active_prio=Some(0) irq50_pending=false irq50_enabled=true irq50_prio=0 irq67_pending=true irq67_enabled=true irq67_prio=224 selected=None
[clk=02479960 pc=0x08154d06] DEBUG NVIC arb basepri=0x00 active_prio=Some(0) irq50_pending=false irq50_enabled=true irq50_prio=0 irq67_pending=true irq67_enabled=true irq67_prio=224 selected=None
[clk=02479961 pc=0x08154d0a] DEBUG NVIC arb basepri=0x30 active_prio=Some(0) irq50_pending=false irq50_enabled=true irq50_prio=0 irq67_pending=true irq67_enabled=true irq67_prio=224 selected=None
[clk=02479962 pc=0x08154d0c] DEBUG NVIC arb basepri=0x30 active_prio=Some(0) irq50_pending=false irq50_enabled=true irq50_prio=0 irq67_pending=true irq67_enabled=true irq67_prio=224 selected=None
[clk=02479963 pc=0x08154d0e] DEBUG NVIC arb basepri=0x30 active_prio=Some(0) irq50_pending=false irq50_enabled=true irq50_prio=0 irq67_pending=true irq67_enabled=true irq67_prio=224 selected=None
[clk=02479964 pc=0x08154d12] DEBUG NVIC arb basepri=0x30 active_prio=Some(0) irq50_pending=false irq50_enabled=true irq50_prio=0 irq67_pending=true irq67_enabled=true irq67_prio=224 selected=None
[clk=02479965 pc=0x08154d1c] DEBUG NVIC arb basepri=0x30 active_prio=Some(0) irq50_pending=false irq50_enabled=true irq50_prio=0 irq67_pending=true irq67_enabled=true irq67_prio=224 selected=None
[clk=02479966 pc=0x08154d1e] DEBUG NVIC arb basepri=0x30 active_prio=Some(0) irq50_pending=false irq50_enabled=true irq50_prio=0 irq67_pending=true irq67_enabled=true irq67_prio=224 selected=None
[clk=02479967 pc=0x08154d22] DEBUG NVIC arb basepri=0x30 active_prio=Some(0) irq50_pending=false irq50_enabled=true irq50_prio=0 irq67_pending=true irq67_enabled=true irq67_prio=224 selected=None
[clk=02479968 pc=0x08154d26] DEBUG NVIC arb basepri=0x30 active_prio=Some(0) irq50_pending=false irq50_enabled=true irq50_prio=0 irq67_pending=true irq67_enabled=true irq67_prio=224 selected=None
[clk=02479969 pc=0x08154d28] DEBUG NVIC arb basepri=0x30 active_prio=Some(0) irq50_pending=false irq50_enabled=true irq50_prio=0 irq67_pending=true irq67_enabled=true irq67_prio=224 selected=None
[clk=02479970 pc=0x08154d2c] DEBUG NVIC arb basepri=0x30 active_prio=Some(0) irq50_pending=false irq50_enabled=true irq50_prio=0 irq67_pending=true irq67_enabled=true irq67_prio=224 selected=None
[clk=02479971 pc=0x08154d2e] DEBUG NVIC arb basepri=0x30 active_prio=Some(0) irq50_pending=false irq50_enabled=true irq50_prio=0 irq67_pending=true irq67_enabled=true irq67_prio=224 selected=None
[clk=02479972 pc=0x08154d30] DEBUG NVIC arb basepri=0x30 active_prio=Some(0) irq50_pending=false irq50_enabled=true irq50_prio=0 irq67_pending=true irq67_enabled=true irq67_prio=224 selected=None
[clk=02479973 pc=0x08154d32] DEBUG NVIC arb basepri=0x30 active_prio=Some(0) irq50_pending=false irq50_enabled=true irq50_prio=0 irq67_pending=true irq67_enabled=true irq67_prio=224 selected=None
[clk=02479974 pc=0x08154d34] DEBUG NVIC arb basepri=0x30 active_prio=Some(0) irq50_pending=false irq50_enabled=true irq50_prio=0 irq67_pending=true irq67_enabled=true irq67_prio=224 selected=None
[clk=02479975 pc=0x08154d38] DEBUG NVIC arb basepri=0x30 active_prio=Some(0) irq50_pending=false irq50_enabled=true irq50_prio=0 irq67_pending=true irq67_enabled=true irq67_prio=224 selected=None
[clk=02479976 pc=0x08159868] DEBUG NVIC arb basepri=0x30 active_prio=Some(0) irq50_pending=false irq50_enabled=true irq50_prio=0 irq67_pending=true irq67_enabled=true irq67_prio=224 selected=None
[clk=02479977 pc=0x0815986a] DEBUG NVIC arb basepri=0x30 active_prio=Some(0) irq50_pending=false irq50_enabled=true irq50_prio=0 irq67_pending=true irq67_enabled=true irq67_prio=224 selected=None
[clk=02479978 pc=0x0815986c] DEBUG NVIC arb basepri=0x30 active_prio=Some(0) irq50_pending=false irq50_enabled=true irq50_prio=0 irq67_pending=true irq67_enabled=true irq67_prio=224 selected=None
[clk=02479979 pc=0x0815986e] DEBUG NVIC arb basepri=0x30 active_prio=Some(0) irq50_pending=false irq50_enabled=true irq50_prio=0 irq67_pending=true irq67_enabled=true irq67_prio=224 selected=None
[clk=02479980 pc=0x08159870] DEBUG NVIC arb basepri=0x30 active_prio=Some(0) irq50_pending=false irq50_enabled=true irq50_prio=0 irq67_pending=true irq67_enabled=true irq67_prio=224 selected=None
[clk=02479981 pc=0x08159872] DEBUG NVIC arb basepri=0x30 active_prio=Some(0) irq50_pending=false irq50_enabled=true irq50_prio=0 irq67_pending=true irq67_enabled=true irq67_prio=224 selected=None
[clk=02479982 pc=0x08159874] DEBUG NVIC arb basepri=0x30 active_prio=Some(0) irq50_pending=false irq50_enabled=true irq50_prio=0 irq67_pending=true irq67_enabled=true irq67_prio=224 selected=None
[clk=02479983 pc=0x08159878] DEBUG NVIC arb basepri=0x30 active_prio=Some(0) irq50_pending=false irq50_enabled=true irq50_prio=0 irq67_pending=true irq67_enabled=true irq67_prio=224 selected=None
[clk=02479984 pc=0x0815987a] DEBUG NVIC arb basepri=0x30 active_prio=Some(0) irq50_pending=false irq50_enabled=true irq50_prio=0 irq67_pending=true irq67_enabled=true irq67_prio=224 selected=None
[clk=02479985 pc=0x08154d3c] DEBUG NVIC arb basepri=0x30 active_prio=Some(0) irq50_pending=false irq50_enabled=true irq50_prio=0 irq67_pending=true irq67_enabled=true irq67_prio=224 selected=None
[clk=02479986 pc=0x08154d3e] DEBUG NVIC arb basepri=0x30 active_prio=Some(0) irq50_pending=false irq50_enabled=true irq50_prio=0 irq67_pending=true irq67_enabled=true irq67_prio=224 selected=None
[clk=02479987 pc=0x08154d40] DEBUG NVIC arb basepri=0x30 active_prio=Some(0) irq50_pending=false irq50_enabled=true irq50_prio=0 irq67_pending=true irq67_enabled=true irq67_prio=224 selected=None
[clk=02479988 pc=0x08154d42] DEBUG NVIC arb basepri=0x30 active_prio=Some(0) irq50_pending=false irq50_enabled=true irq50_prio=0 irq67_pending=true irq67_enabled=true irq67_prio=224 selected=None
[clk=02479989 pc=0x0815c392] DEBUG NVIC arb basepri=0x30 active_prio=Some(0) irq50_pending=false irq50_enabled=true irq50_prio=0 irq67_pending=true irq67_enabled=true irq67_prio=224 selected=None
[clk=02479989 pc=0x0815c392] DEBUG NVIC arb basepri=0x30 active_prio=None irq50_pending=false irq50_enabled=true irq50_prio=0 irq67_pending=true irq67_enabled=true irq67_prio=224 selected=None
[clk=02479990 pc=0x08005462] DEBUG NVIC arb basepri=0x30 active_prio=None irq50_pending=false irq50_enabled=true irq50_prio=0 irq67_pending=true irq67_enabled=true irq67_prio=224 selected=None
[clk=02479991 pc=0x08159880] DEBUG NVIC arb basepri=0x30 active_prio=None irq50_pending=false irq50_enabled=true irq50_prio=0 irq67_pending=true irq67_enabled=true irq67_prio=224 selected=None
[clk=02479992 pc=0x08159882] DEBUG NVIC arb basepri=0x30 active_prio=None irq50_pending=false irq50_enabled=true irq50_prio=0 irq67_pending=true irq67_enabled=true irq67_prio=224 selected=None
[clk=02479993 pc=0x08159884] DEBUG NVIC arb basepri=0x30 active_prio=None irq50_pending=false irq50_enabled=true irq50_prio=0 irq67_pending=true irq67_enabled=true irq67_prio=224 selected=None
[clk=02479994 pc=0x08159886] DEBUG NVIC arb basepri=0x30 active_prio=None irq50_pending=false irq50_enabled=true irq50_prio=0 irq67_pending=true irq67_enabled=true irq67_prio=224 selected=None
[clk=02479995 pc=0x08159888] DEBUG NVIC arb basepri=0x30 active_prio=None irq50_pending=false irq50_enabled=true irq50_prio=0 irq67_pending=true irq67_enabled=true irq67_prio=224 selected=None
[clk=02479996 pc=0x0815988a] DEBUG NVIC arb basepri=0x30 active_prio=None irq50_pending=false irq50_enabled=true irq50_prio=0 irq67_pending=true irq67_enabled=true irq67_prio=224 selected=None
[clk=02479997 pc=0x0815988c] DEBUG NVIC arb basepri=0x30 active_prio=None irq50_pending=false irq50_enabled=true irq50_prio=0 irq67_pending=true irq67_enabled=true irq67_prio=224 selected=None
[clk=02479998 pc=0x0815988e] DEBUG NVIC arb basepri=0x30 active_prio=None irq50_pending=false irq50_enabled=true irq50_prio=0 irq67_pending=true irq67_enabled=true irq67_prio=224 selected=None
[clk=02479999 pc=0x08159890] DEBUG NVIC arb basepri=0x30 active_prio=None irq50_pending=false irq50_enabled=true irq50_prio=0 irq67_pending=true irq67_enabled=true irq67_prio=224 selected=None
[clk=02480000 pc=0x08159894] DEBUG NVIC arb basepri=0x30 active_prio=None irq50_pending=false irq50_enabled=true irq50_prio=0 irq67_pending=true irq67_enabled=true irq67_prio=224 selected=None
[clk=02480001 pc=0x08159896] DEBUG NVIC arb basepri=0x30 active_prio=None irq50_pending=false irq50_enabled=true irq50_prio=0 irq67_pending=true irq67_enabled=true irq67_prio=224 selected=None
[clk=02480002 pc=0x08159898] DEBUG NVIC arb basepri=0x30 active_prio=None irq50_pending=false irq50_enabled=true irq50_prio=0 irq67_pending=true irq67_enabled=true irq67_prio=224 selected=None
[clk=02480003 pc=0x0815989a] DEBUG NVIC arb basepri=0x30 active_prio=None irq50_pending=false irq50_enabled=true irq50_prio=0 irq67_pending=true irq67_enabled=true irq67_prio=224 selected=None
[clk=02480004 pc=0x081598ba] DEBUG NVIC arb basepri=0x30 active_prio=None irq50_pending=false irq50_enabled=true irq50_prio=0 irq67_pending=true irq67_enabled=true irq67_prio=224 selected=None
[clk=02480005 pc=0x0815b414] DEBUG NVIC arb basepri=0x30 active_prio=None irq50_pending=false irq50_enabled=true irq50_prio=0 irq67_pending=true irq67_enabled=true irq67_prio=224 selected=None
[clk=02480006 pc=0x0815b416] DEBUG NVIC arb basepri=0x30 active_prio=None irq50_pending=false irq50_enabled=true irq50_prio=0 irq67_pending=true irq67_enabled=true irq67_prio=224 selected=None
[clk=02480007 pc=0x0815b418] DEBUG NVIC arb basepri=0x30 active_prio=None irq50_pending=false irq50_enabled=true irq50_prio=0 irq67_pending=true irq67_enabled=true irq67_prio=224 selected=None
[clk=02480008 pc=0x0815b41a] DEBUG NVIC arb basepri=0x30 active_prio=None irq50_pending=false irq50_enabled=true irq50_prio=0 irq67_pending=true irq67_enabled=true irq67_prio=224 selected=None
[clk=02480009 pc=0x0815b41c] DEBUG NVIC arb basepri=0x30 active_prio=None irq50_pending=false irq50_enabled=true irq50_prio=0 irq67_pending=true irq67_enabled=true irq67_prio=224 selected=None
[clk=02480010 pc=0x081598be] DEBUG NVIC arb basepri=0x30 active_prio=None irq50_pending=false irq50_enabled=true irq50_prio=0 irq67_pending=true irq67_enabled=true irq67_prio=224 selected=None
[clk=02480011 pc=0x0815989c] DEBUG NVIC arb basepri=0x30 active_prio=None irq50_pending=false irq50_enabled=true irq50_prio=0 irq67_pending=true irq67_enabled=true irq67_prio=224 selected=None
[clk=02480012 pc=0x0815989e] DEBUG NVIC arb basepri=0x30 active_prio=None irq50_pending=false irq50_enabled=true irq50_prio=0 irq67_pending=true irq67_enabled=true irq67_prio=224 selected=None
[clk=02480013 pc=0x081596f8] DEBUG NVIC arb basepri=0x30 active_prio=None irq50_pending=false irq50_enabled=true irq50_prio=0 irq67_pending=true irq67_enabled=true irq67_prio=224 selected=None
[clk=02480014 pc=0x081596fa] DEBUG NVIC arb basepri=0x30 active_prio=None irq50_pending=false irq50_enabled=true irq50_prio=0 irq67_pending=true irq67_enabled=true irq67_prio=224 selected=None
[clk=02480015 pc=0x081596fe] DEBUG NVIC arb basepri=0x30 active_prio=None irq50_pending=false irq50_enabled=true irq50_prio=0 irq67_pending=true irq67_enabled=true irq67_prio=224 selected=None
[clk=02480016 pc=0x08159700] DEBUG NVIC arb basepri=0x30 active_prio=None irq50_pending=false irq50_enabled=true irq50_prio=0 irq67_pending=true irq67_enabled=true irq67_prio=224 selected=None
[clk=02480017 pc=0x08159702] DEBUG NVIC arb basepri=0x30 active_prio=None irq50_pending=false irq50_enabled=true irq50_prio=0 irq67_pending=true irq67_enabled=true irq67_prio=224 selected=None
[clk=02480018 pc=0x08159704] DEBUG NVIC arb basepri=0x30 active_prio=None irq50_pending=false irq50_enabled=true irq50_prio=0 irq67_pending=true irq67_enabled=true irq67_prio=224 selected=None
[clk=02480019 pc=0x08159706] DEBUG NVIC arb basepri=0x30 active_prio=None irq50_pending=false irq50_enabled=true irq50_prio=0 irq67_pending=true irq67_enabled=true irq67_prio=224 selected=None
[clk=02480020 pc=0x08159708] DEBUG NVIC arb basepri=0x30 active_prio=None irq50_pending=false irq50_enabled=true irq50_prio=0 irq67_pending=true irq67_enabled=true irq67_prio=224 selected=None
[clk=02480021 pc=0x0815970a] DEBUG NVIC arb basepri=0x30 active_prio=None irq50_pending=false irq50_enabled=true irq50_prio=0 irq67_pending=true irq67_enabled=true irq67_prio=224 selected=None
[clk=02480022 pc=0x0815970c] DEBUG NVIC arb basepri=0x30 active_prio=None irq50_pending=false irq50_enabled=true irq50_prio=0 irq67_pending=true irq67_enabled=true irq67_prio=224 selected=None
[clk=02480023 pc=0x0815970e] DEBUG NVIC arb basepri=0x30 active_prio=None irq50_pending=false irq50_enabled=true irq50_prio=0 irq67_pending=true irq67_enabled=true irq67_prio=224 selected=None
[clk=02480024 pc=0x08159710] DEBUG NVIC arb basepri=0x30 active_prio=None irq50_pending=false irq50_enabled=true irq50_prio=0 irq67_pending=true irq67_enabled=true irq67_prio=224 selected=None
[clk=02480025 pc=0x08159712] DEBUG NVIC arb basepri=0x30 active_prio=None irq50_pending=false irq50_enabled=true irq50_prio=0 irq67_pending=true irq67_enabled=true irq67_prio=224 selected=None
[clk=02480026 pc=0x08159714] DEBUG NVIC arb basepri=0x30 active_prio=None irq50_pending=false irq50_enabled=true irq50_prio=0 irq67_pending=true irq67_enabled=true irq67_prio=224 selected=None
[clk=02480027 pc=0x081598a2] DEBUG NVIC arb basepri=0x30 active_prio=None irq50_pending=false irq50_enabled=true irq50_prio=0 irq67_pending=true irq67_enabled=true irq67_prio=224 selected=None
[clk=02480028 pc=0x081598a4] DEBUG NVIC arb basepri=0x30 active_prio=None irq50_pending=false irq50_enabled=true irq50_prio=0 irq67_pending=true irq67_enabled=true irq67_prio=224 selected=None
[clk=02480029 pc=0x081598a8] DEBUG NVIC arb basepri=0x30 active_prio=None irq50_pending=false irq50_enabled=true irq50_prio=0 irq67_pending=true irq67_enabled=true irq67_prio=224 selected=None
[clk=02480030 pc=0x081598aa] DEBUG NVIC arb basepri=0x30 active_prio=None irq50_pending=false irq50_enabled=true irq50_prio=0 irq67_pending=true irq67_enabled=true irq67_prio=224 selected=None
[clk=02480031 pc=0x081598ac] DEBUG NVIC arb basepri=0x30 active_prio=None irq50_pending=false irq50_enabled=true irq50_prio=0 irq67_pending=true irq67_enabled=true irq67_prio=224 selected=None
[clk=02480032 pc=0x081598ae] DEBUG NVIC arb basepri=0x30 active_prio=None irq50_pending=false irq50_enabled=true irq50_prio=0 irq67_pending=true irq67_enabled=true irq67_prio=224 selected=None
[clk=02480033 pc=0x081598b0] DEBUG NVIC arb basepri=0x30 active_prio=None irq50_pending=false irq50_enabled=true irq50_prio=0 irq67_pending=true irq67_enabled=true irq67_prio=224 selected=None
[clk=02480034 pc=0x081598b2] DEBUG NVIC arb basepri=0x30 active_prio=None irq50_pending=false irq50_enabled=true irq50_prio=0 irq67_pending=true irq67_enabled=true irq67_prio=224 selected=None
[clk=02480035 pc=0x081598b4] DEBUG NVIC arb basepri=0x30 active_prio=None irq50_pending=false irq50_enabled=true irq50_prio=0 irq67_pending=true irq67_enabled=true irq67_prio=224 selected=None
[clk=02480036 pc=0x08005438] DEBUG NVIC arb basepri=0x30 active_prio=None irq50_pending=false irq50_enabled=true irq50_prio=0 irq67_pending=true irq67_enabled=true irq67_prio=224 selected=None
[clk=02480037 pc=0x0800543c] DEBUG NVIC arb basepri=0x30 active_prio=None irq50_pending=false irq50_enabled=true irq50_prio=0 irq67_pending=true irq67_enabled=true irq67_prio=224 selected=None
[clk=02480038 pc=0x08005440] DEBUG NVIC arb basepri=0x30 active_prio=None irq50_pending=false irq50_enabled=true irq50_prio=0 irq67_pending=true irq67_enabled=true irq67_prio=224 selected=None
[clk=02480039 pc=0x08005444] DEBUG NVIC arb basepri=0x30 active_prio=None irq50_pending=false irq50_enabled=true irq50_prio=0 irq67_pending=true irq67_enabled=true irq67_prio=224 selected=None
[clk=02480040 pc=0x08005446] DEBUG NVIC arb basepri=0x30 active_prio=None irq50_pending=false irq50_enabled=true irq50_prio=0 irq67_pending=true irq67_enabled=true irq67_prio=224 selected=None
[clk=02480041 pc=0x08005448] DEBUG NVIC arb basepri=0x30 active_prio=None irq50_pending=false irq50_enabled=true irq50_prio=0 irq67_pending=true irq67_enabled=true irq67_prio=224 selected=None
[clk=02480042 pc=0x0800544c] DEBUG NVIC arb basepri=0x30 active_prio=None irq50_pending=false irq50_enabled=true irq50_prio=0 irq67_pending=true irq67_enabled=true irq67_prio=224 selected=None
[clk=02480043 pc=0x081597a0] DEBUG NVIC arb basepri=0x30 active_prio=None irq50_pending=false irq50_enabled=true irq50_prio=0 irq67_pending=true irq67_enabled=true irq67_prio=224 selected=None
[clk=02480044 pc=0x081597d4] DEBUG NVIC arb basepri=0x30 active_prio=None irq50_pending=false irq50_enabled=true irq50_prio=0 irq67_pending=true irq67_enabled=true irq67_prio=224 selected=None
[clk=02480045 pc=0x081597d6] DEBUG NVIC arb basepri=0x30 active_prio=None irq50_pending=false irq50_enabled=true irq50_prio=0 irq67_pending=true irq67_enabled=true irq67_prio=224 selected=None
[clk=02480046 pc=0x081597de] DEBUG NVIC arb basepri=0x30 active_prio=None irq50_pending=false irq50_enabled=true irq50_prio=0 irq67_pending=true irq67_enabled=true irq67_prio=224 selected=None
[clk=02480047 pc=0x081597e0] DEBUG NVIC arb basepri=0x30 active_prio=None irq50_pending=false irq50_enabled=true irq50_prio=0 irq67_pending=true irq67_enabled=true irq67_prio=224 selected=None
[clk=02480048 pc=0x081597e2] DEBUG NVIC arb basepri=0x30 active_prio=None irq50_pending=false irq50_enabled=true irq50_prio=0 irq67_pending=true irq67_enabled=true irq67_prio=224 selected=None
[clk=02480049 pc=0x08159c44] DEBUG NVIC arb basepri=0x30 active_prio=None irq50_pending=false irq50_enabled=true irq50_prio=0 irq67_pending=true irq67_enabled=true irq67_prio=224 selected=None
[clk=02480050 pc=0x08159c46] DEBUG NVIC arb basepri=0x30 active_prio=None irq50_pending=false irq50_enabled=true irq50_prio=0 irq67_pending=true irq67_enabled=true irq67_prio=224 selected=None
[clk=02480051 pc=0x08159c4a] DEBUG NVIC arb basepri=0x00 active_prio=None irq50_pending=false irq50_enabled=true irq50_prio=0 irq67_pending=true irq67_enabled=true irq67_prio=224 selected=Some(67)
[clk=02480051 pc=0x08159c4a] DEBUG EMULATOR code_hook: dispatching IRQ 67 (chain_idx=0)
[clk=02480051 pc=0x08159c4a] DEBUG NVIC dispatching IRQ 67 vector=0x815bed9
[clk=02480253 pc=0x0815c96e] DEBUG TIM5 write CCR1=0x00007230
[clk=02480257 pc=0x0815c976] DEBUG TIM5 write DIER=0x00000002
[clk=02564186 pc=0x0815ca54] DEBUG TIM5 CC1 compare fired cnt=0x00007230 ccr1=0x00007230 -> IRQ 50
[clk=02564186 pc=0x0815ca54] DEBUG NVIC arb basepri=0x00 active_prio=None irq50_pending=true irq50_enabled=true irq50_prio=0 irq67_pending=false irq67_enabled=true irq67_prio=224 selected=Some(50)
[clk=02564186 pc=0x0815ca54] DEBUG NVIC dispatching IRQ 50 vector=0x815c389
[clk=02564233 pc=0x0815c984] DEBUG TIM5 write DIER=0x00000000
[clk=02564452 pc=0x0815c96e] DEBUG TIM5 write CCR1=0x0000761a
[clk=02564456 pc=0x0815c976] DEBUG TIM5 write DIER=0x00000002
[clk=02648062 pc=0x0815ca54] DEBUG OTG_FS SOF injected (gintmsk=0xc03c3c18 gintsts_before=0x00000000 irq_latched=false)
[clk=02648062 pc=0x0815ca54] DEBUG NVIC arb basepri=0x00 active_prio=None irq50_pending=false irq50_enabled=true irq50_prio=0 irq67_pending=true irq67_enabled=true irq67_prio=224 selected=Some(67)
[clk=02648062 pc=0x0815ca54] DEBUG EMULATOR code_hook: dispatching IRQ 67 (chain_idx=0)
[clk=02648062 pc=0x0815ca54] DEBUG NVIC dispatching IRQ 67 vector=0x815bed9
[clk=02648354 pc=0x0815ca54] DEBUG TIM5 CC1 compare fired cnt=0x0000761a ccr1=0x0000761a -> IRQ 50
[clk=02648354 pc=0x0815ca54] DEBUG NVIC arb basepri=0x00 active_prio=None irq50_pending=true irq50_enabled=true irq50_prio=0 irq67_pending=false irq67_enabled=true irq67_prio=224 selected=Some(50)
[clk=02648354 pc=0x0815ca54] DEBUG NVIC dispatching IRQ 50 vector=0x815c389
[clk=02648401 pc=0x0815c984] DEBUG TIM5 write DIER=0x00000000
[clk=02648620 pc=0x0815c96e] DEBUG TIM5 write CCR1=0x00007a04
[clk=02648624 pc=0x0815c976] DEBUG TIM5 write DIER=0x00000002
[clk=02732522 pc=0x0815ca54] DEBUG TIM5 CC1 compare fired cnt=0x00007a04 ccr1=0x00007a04 -> IRQ 50
[clk=02732522 pc=0x0815ca54] DEBUG NVIC arb basepri=0x00 active_prio=None irq50_pending=true irq50_enabled=true irq50_prio=0 irq67_pending=false irq67_enabled=true irq67_prio=224 selected=Some(50)
[clk=02732522 pc=0x0815ca54] DEBUG NVIC dispatching IRQ 50 vector=0x815c389
[clk=02732569 pc=0x0815c984] DEBUG TIM5 write DIER=0x00000000
[clk=02732788 pc=0x0815c96e] DEBUG TIM5 write CCR1=0x00007dee
[clk=02732792 pc=0x0815c976] DEBUG TIM5 write DIER=0x00000002
[clk=02816073 pc=0x0815ca54] DEBUG OTG_FS SOF injected (gintmsk=0xc03c3c18 gintsts_before=0x00000000 irq_latched=false)
[clk=02816073 pc=0x0815ca54] DEBUG NVIC arb basepri=0x00 active_prio=None irq50_pending=false irq50_enabled=true irq50_prio=0 irq67_pending=true irq67_enabled=true irq67_prio=224 selected=Some(67)
[clk=02816073 pc=0x0815ca54] DEBUG EMULATOR code_hook: dispatching IRQ 67 (chain_idx=0)
[clk=02816073 pc=0x0815ca54] DEBUG NVIC dispatching IRQ 67 vector=0x815bed9
[clk=02816690 pc=0x0815ca54] DEBUG TIM5 CC1 compare fired cnt=0x00007dee ccr1=0x00007dee -> IRQ 50
[clk=02816690 pc=0x0815ca54] DEBUG NVIC arb basepri=0x00 active_prio=None irq50_pending=true irq50_enabled=true irq50_prio=0 irq67_pending=false irq67_enabled=true irq67_prio=224 selected=Some(50)
[clk=02816690 pc=0x0815ca54] DEBUG NVIC dispatching IRQ 50 vector=0x815c389
[clk=02816737 pc=0x0815c984] DEBUG TIM5 write DIER=0x00000000
[clk=02816956 pc=0x0815c96e] DEBUG TIM5 write CCR1=0x000081d8
[clk=02816960 pc=0x0815c976] DEBUG TIM5 write DIER=0x00000002
[clk=02900858 pc=0x0815ca54] DEBUG TIM5 CC1 compare fired cnt=0x000081d8 ccr1=0x000081d8 -> IRQ 50
[clk=02900858 pc=0x0815ca54] DEBUG NVIC arb basepri=0x00 active_prio=None irq50_pending=true irq50_enabled=true irq50_prio=0 irq67_pending=false irq67_enabled=true irq67_prio=224 selected=Some(50)
[clk=02900858 pc=0x0815ca54] DEBUG NVIC dispatching IRQ 50 vector=0x815c389
[clk=02900905 pc=0x0815c984] DEBUG TIM5 write DIER=0x00000000
[clk=02901124 pc=0x0815c96e] DEBUG TIM5 write CCR1=0x000085c2
[clk=02901128 pc=0x0815c976] DEBUG TIM5 write DIER=0x00000002
[clk=02984084 pc=0x0815ca54] DEBUG OTG_FS SOF injected (gintmsk=0xc03c3c18 gintsts_before=0x00000000 irq_latched=false)
[clk=02984084 pc=0x0815ca54] DEBUG NVIC arb basepri=0x00 active_prio=None irq50_pending=false irq50_enabled=true irq50_prio=0 irq67_pending=true irq67_enabled=true irq67_prio=224 selected=Some(67)
[clk=02984084 pc=0x0815ca54] DEBUG EMULATOR code_hook: dispatching IRQ 67 (chain_idx=0)
[clk=02984084 pc=0x0815ca54] DEBUG NVIC dispatching IRQ 67 vector=0x815bed9
[clk=02985026 pc=0x0815ca54] DEBUG TIM5 CC1 compare fired cnt=0x000085c2 ccr1=0x000085c2 -> IRQ 50
[clk=02985026 pc=0x0815ca54] DEBUG NVIC arb basepri=0x00 active_prio=None irq50_pending=true irq50_enabled=true irq50_prio=0 irq67_pending=false irq67_enabled=true irq67_prio=224 selected=Some(50)
[clk=02985026 pc=0x0815ca54] DEBUG NVIC dispatching IRQ 50 vector=0x815c389
[clk=02985073 pc=0x0815c984] DEBUG TIM5 write DIER=0x00000000
[clk=02985292 pc=0x0815c96e] DEBUG TIM5 write CCR1=0x000089ac
[clk=02985296 pc=0x0815c976] DEBUG TIM5 write DIER=0x00000002
[clk=03069194 pc=0x0815ca54] DEBUG TIM5 CC1 compare fired cnt=0x000089ac ccr1=0x000089ac -> IRQ 50
[clk=03069194 pc=0x0815ca54] DEBUG NVIC arb basepri=0x00 active_prio=None irq50_pending=true irq50_enabled=true irq50_prio=0 irq67_pending=false irq67_enabled=true irq67_prio=224 selected=Some(50)
[clk=03069194 pc=0x0815ca54] DEBUG NVIC dispatching IRQ 50 vector=0x815c389
[clk=03069241 pc=0x0815c984] DEBUG TIM5 write DIER=0x00000000
[clk=03069460 pc=0x0815c96e] DEBUG TIM5 write CCR1=0x00008d96
[clk=03069464 pc=0x0815c976] DEBUG TIM5 write DIER=0x00000002
[clk=03152095 pc=0x0815ca54] DEBUG OTG_FS SOF injected (gintmsk=0xc03c3c18 gintsts_before=0x00000000 irq_latched=false)
[clk=03152095 pc=0x0815ca54] DEBUG NVIC arb basepri=0x00 active_prio=None irq50_pending=false irq50_enabled=true irq50_prio=0 irq67_pending=true irq67_enabled=true irq67_prio=224 selected=Some(67)
[clk=03152095 pc=0x0815ca54] DEBUG EMULATOR code_hook: dispatching IRQ 67 (chain_idx=0)
[clk=03152095 pc=0x0815ca54] DEBUG NVIC dispatching IRQ 67 vector=0x815bed9
[clk=03153362 pc=0x0815ca54] DEBUG TIM5 CC1 compare fired cnt=0x00008d96 ccr1=0x00008d96 -> IRQ 50
[clk=03153362 pc=0x0815ca54] DEBUG NVIC arb basepri=0x00 active_prio=None irq50_pending=true irq50_enabled=true irq50_prio=0 irq67_pending=false irq67_enabled=true irq67_prio=224 selected=Some(50)
[clk=03153362 pc=0x0815ca54] DEBUG NVIC dispatching IRQ 50 vector=0x815c389
[clk=03153409 pc=0x0815c984] DEBUG TIM5 write DIER=0x00000000
[clk=03153628 pc=0x0815c96e] DEBUG TIM5 write CCR1=0x00009180
[clk=03153632 pc=0x0815c976] DEBUG TIM5 write DIER=0x00000002
[clk=03237530 pc=0x0815ca54] DEBUG TIM5 CC1 compare fired cnt=0x00009180 ccr1=0x00009180 -> IRQ 50
[clk=03237530 pc=0x0815ca54] DEBUG NVIC arb basepri=0x00 active_prio=None irq50_pending=true irq50_enabled=true irq50_prio=0 irq67_pending=false irq67_enabled=true irq67_prio=224 selected=Some(50)
[clk=03237530 pc=0x0815ca54] DEBUG NVIC dispatching IRQ 50 vector=0x815c389
[clk=03237577 pc=0x0815c984] DEBUG TIM5 write DIER=0x00000000
[clk=03237796 pc=0x0815c96e] DEBUG TIM5 write CCR1=0x0000956a
[clk=03237800 pc=0x0815c976] DEBUG TIM5 write DIER=0x00000002
[clk=03320106 pc=0x0815ca54] DEBUG OTG_FS SOF injected (gintmsk=0xc03c3c18 gintsts_before=0x00000000 irq_latched=false)
[clk=03320106 pc=0x0815ca54] DEBUG NVIC arb basepri=0x00 active_prio=None irq50_pending=false irq50_enabled=true irq50_prio=0 irq67_pending=true irq67_enabled=true irq67_prio=224 selected=Some(67)
[clk=03320106 pc=0x0815ca54] DEBUG EMULATOR code_hook: dispatching IRQ 67 (chain_idx=0)
[clk=03320106 pc=0x0815ca54] DEBUG NVIC dispatching IRQ 67 vector=0x815bed9
[clk=03321698 pc=0x0815ca54] DEBUG TIM5 CC1 compare fired cnt=0x0000956a ccr1=0x0000956a -> IRQ 50
[clk=03321698 pc=0x0815ca54] DEBUG NVIC arb basepri=0x00 active_prio=None irq50_pending=true irq50_enabled=true irq50_prio=0 irq67_pending=false irq67_enabled=true irq67_prio=224 selected=Some(50)
[clk=03321698 pc=0x0815ca54] DEBUG NVIC dispatching IRQ 50 vector=0x815c389
[clk=03321745 pc=0x0815c984] DEBUG TIM5 write DIER=0x00000000
[clk=03321964 pc=0x0815c96e] DEBUG TIM5 write CCR1=0x00009954
[clk=03321968 pc=0x0815c976] DEBUG TIM5 write DIER=0x00000002
[clk=03405866 pc=0x0815ca54] DEBUG TIM5 CC1 compare fired cnt=0x00009954 ccr1=0x00009954 -> IRQ 50
[clk=03405866 pc=0x0815ca54] DEBUG NVIC arb basepri=0x00 active_prio=None irq50_pending=true irq50_enabled=true irq50_prio=0 irq67_pending=false irq67_enabled=true irq67_prio=224 selected=Some(50)
[clk=03405866 pc=0x0815ca54] DEBUG NVIC dispatching IRQ 50 vector=0x815c389
[clk=03405913 pc=0x0815c984] DEBUG TIM5 write DIER=0x00000000
[clk=03406132 pc=0x0815c96e] DEBUG TIM5 write CCR1=0x00009d3e
[clk=03406136 pc=0x0815c976] DEBUG TIM5 write DIER=0x00000002
[clk=03488117 pc=0x0815ca54] DEBUG OTG_FS SOF injected (gintmsk=0xc03c3c18 gintsts_before=0x00000000 irq_latched=false)
[clk=03488117 pc=0x0815ca54] DEBUG NVIC arb basepri=0x00 active_prio=None irq50_pending=false irq50_enabled=true irq50_prio=0 irq67_pending=true irq67_enabled=true irq67_prio=224 selected=Some(67)
[clk=03488117 pc=0x0815ca54] DEBUG EMULATOR code_hook: dispatching IRQ 67 (chain_idx=0)
[clk=03488117 pc=0x0815ca54] DEBUG NVIC dispatching IRQ 67 vector=0x815bed9
[clk=03490034 pc=0x0815ca54] DEBUG TIM5 CC1 compare fired cnt=0x00009d3e ccr1=0x00009d3e -> IRQ 50
[clk=03490034 pc=0x0815ca54] DEBUG NVIC arb basepri=0x00 active_prio=None irq50_pending=true irq50_enabled=true irq50_prio=0 irq67_pending=false irq67_enabled=true irq67_prio=224 selected=Some(50)
[clk=03490034 pc=0x0815ca54] DEBUG NVIC dispatching IRQ 50 vector=0x815c389
[clk=03490081 pc=0x0815c984] DEBUG TIM5 write DIER=0x00000000
[clk=03490300 pc=0x0815c96e] DEBUG TIM5 write CCR1=0x0000a128
[clk=03490304 pc=0x0815c976] DEBUG TIM5 write DIER=0x00000002
[clk=03574202 pc=0x0815ca54] DEBUG TIM5 CC1 compare fired cnt=0x0000a128 ccr1=0x0000a128 -> IRQ 50
[clk=03574202 pc=0x0815ca54] DEBUG NVIC arb basepri=0x00 active_prio=None irq50_pending=true irq50_enabled=true irq50_prio=0 irq67_pending=false irq67_enabled=true irq67_prio=224 selected=Some(50)
[clk=03574202 pc=0x0815ca54] DEBUG NVIC dispatching IRQ 50 vector=0x815c389
[clk=03574249 pc=0x0815c984] DEBUG TIM5 write DIER=0x00000000
[clk=03574468 pc=0x0815c96e] DEBUG TIM5 write CCR1=0x0000a512
[clk=03574472 pc=0x0815c976] DEBUG TIM5 write DIER=0x00000002
[clk=03656128 pc=0x0815ca54] DEBUG OTG_FS SOF injected (gintmsk=0xc03c3c18 gintsts_before=0x00000000 irq_latched=false)
[clk=03656128 pc=0x0815ca54] DEBUG NVIC arb basepri=0x00 active_prio=None irq50_pending=false irq50_enabled=true irq50_prio=0 irq67_pending=true irq67_enabled=true irq67_prio=224 selected=Some(67)
[clk=03656128 pc=0x0815ca54] DEBUG EMULATOR code_hook: dispatching IRQ 67 (chain_idx=0)
[clk=03656128 pc=0x0815ca54] DEBUG NVIC dispatching IRQ 67 vector=0x815bed9
[clk=03658370 pc=0x0815ca54] DEBUG TIM5 CC1 compare fired cnt=0x0000a512 ccr1=0x0000a512 -> IRQ 50
[clk=03658370 pc=0x0815ca54] DEBUG NVIC arb basepri=0x00 active_prio=None irq50_pending=true irq50_enabled=true irq50_prio=0 irq67_pending=false irq67_enabled=true irq67_prio=224 selected=Some(50)
[clk=03658370 pc=0x0815ca54] DEBUG NVIC dispatching IRQ 50 vector=0x815c389
[clk=03658417 pc=0x0815c984] DEBUG TIM5 write DIER=0x00000000
[clk=03658636 pc=0x0815c96e] DEBUG TIM5 write CCR1=0x0000a8fc
[clk=03658640 pc=0x0815c976] DEBUG TIM5 write DIER=0x00000002
[clk=03742538 pc=0x0815ca54] DEBUG TIM5 CC1 compare fired cnt=0x0000a8fc ccr1=0x0000a8fc -> IRQ 50
[clk=03742538 pc=0x0815ca54] DEBUG NVIC arb basepri=0x00 active_prio=None irq50_pending=true irq50_enabled=true irq50_prio=0 irq67_pending=false irq67_enabled=true irq67_prio=224 selected=Some(50)
[clk=03742538 pc=0x0815ca54] DEBUG NVIC dispatching IRQ 50 vector=0x815c389
[clk=03742585 pc=0x0815c984] DEBUG TIM5 write DIER=0x00000000
[clk=03742804 pc=0x0815c96e] DEBUG TIM5 write CCR1=0x0000ace6
[clk=03742808 pc=0x0815c976] DEBUG TIM5 write DIER=0x00000002
[clk=03824139 pc=0x0815ca54] DEBUG OTG_FS SOF injected (gintmsk=0xc03c3c18 gintsts_before=0x00000000 irq_latched=false)
[clk=03824139 pc=0x0815ca54] DEBUG NVIC arb basepri=0x00 active_prio=None irq50_pending=false irq50_enabled=true irq50_prio=0 irq67_pending=true irq67_enabled=true irq67_prio=224 selected=Some(67)
[clk=03824139 pc=0x0815ca54] DEBUG EMULATOR code_hook: dispatching IRQ 67 (chain_idx=0)
[clk=03824139 pc=0x0815ca54] DEBUG NVIC dispatching IRQ 67 vector=0x815bed9
[clk=03826706 pc=0x0815ca54] DEBUG TIM5 CC1 compare fired cnt=0x0000ace6 ccr1=0x0000ace6 -> IRQ 50
[clk=03826706 pc=0x0815ca54] DEBUG NVIC arb basepri=0x00 active_prio=None irq50_pending=true irq50_enabled=true irq50_prio=0 irq67_pending=false irq67_enabled=true irq67_prio=224 selected=Some(50)
[clk=03826706 pc=0x0815ca54] DEBUG NVIC dispatching IRQ 50 vector=0x815c389
[clk=03826753 pc=0x0815c984] DEBUG TIM5 write DIER=0x00000000
[clk=03826972 pc=0x0815c96e] DEBUG TIM5 write CCR1=0x0000b0d0
[clk=03826976 pc=0x0815c976] DEBUG TIM5 write DIER=0x00000002
[clk=03910874 pc=0x0815ca54] DEBUG TIM5 CC1 compare fired cnt=0x0000b0d0 ccr1=0x0000b0d0 -> IRQ 50
[clk=03910874 pc=0x0815ca54] DEBUG NVIC arb basepri=0x00 active_prio=None irq50_pending=true irq50_enabled=true irq50_prio=0 irq67_pending=false irq67_enabled=true irq67_prio=224 selected=Some(50)
[clk=03910874 pc=0x0815ca54] DEBUG NVIC dispatching IRQ 50 vector=0x815c389
[clk=03910921 pc=0x0815c984] DEBUG TIM5 write DIER=0x00000000
[clk=03911140 pc=0x0815c96e] DEBUG TIM5 write CCR1=0x0000b4ba
[clk=03911144 pc=0x0815c976] DEBUG TIM5 write DIER=0x00000002
[clk=03992150 pc=0x0815ca54] DEBUG OTG_FS SOF injected (gintmsk=0xc03c3c18 gintsts_before=0x00000000 irq_latched=false)
[clk=03992150 pc=0x0815ca54] DEBUG NVIC arb basepri=0x00 active_prio=None irq50_pending=false irq50_enabled=true irq50_prio=0 irq67_pending=true irq67_enabled=true irq67_prio=224 selected=Some(67)
[clk=03992150 pc=0x0815ca54] DEBUG EMULATOR code_hook: dispatching IRQ 67 (chain_idx=0)
[clk=03992150 pc=0x0815ca54] DEBUG NVIC dispatching IRQ 67 vector=0x815bed9
[clk=03995042 pc=0x0815ca54] DEBUG TIM5 CC1 compare fired cnt=0x0000b4ba ccr1=0x0000b4ba -> IRQ 50
[clk=03995042 pc=0x0815ca54] DEBUG NVIC arb basepri=0x00 active_prio=None irq50_pending=true irq50_enabled=true irq50_prio=0 irq67_pending=false irq67_enabled=true irq67_prio=224 selected=Some(50)
[clk=03995042 pc=0x0815ca54] DEBUG NVIC dispatching IRQ 50 vector=0x815c389
[clk=03995089 pc=0x0815c984] DEBUG TIM5 write DIER=0x00000000
[clk=03995308 pc=0x0815c96e] DEBUG TIM5 write CCR1=0x0000b8a4
[clk=03995312 pc=0x0815c976] DEBUG TIM5 write DIER=0x00000002
[clk=04079210 pc=0x0815ca54] DEBUG TIM5 CC1 compare fired cnt=0x0000b8a4 ccr1=0x0000b8a4 -> IRQ 50
[clk=04079210 pc=0x0815ca54] DEBUG NVIC arb basepri=0x00 active_prio=None irq50_pending=true irq50_enabled=true irq50_prio=0 irq67_pending=false irq67_enabled=true irq67_prio=224 selected=Some(50)
[clk=04079210 pc=0x0815ca54] DEBUG NVIC dispatching IRQ 50 vector=0x815c389
[clk=04079257 pc=0x0815c984] DEBUG TIM5 write DIER=0x00000000
[clk=04079476 pc=0x0815c96e] DEBUG TIM5 write CCR1=0x0000bc8e
[clk=04079480 pc=0x0815c976] DEBUG TIM5 write DIER=0x00000002
[clk=04160161 pc=0x0815ca54] DEBUG OTG_FS SOF injected (gintmsk=0xc03c3c18 gintsts_before=0x00000000 irq_latched=false)
[clk=04160161 pc=0x0815ca54] DEBUG NVIC arb basepri=0x00 active_prio=None irq50_pending=false irq50_enabled=true irq50_prio=0 irq67_pending=true irq67_enabled=true irq67_prio=224 selected=Some(67)
[clk=04160161 pc=0x0815ca54] DEBUG EMULATOR code_hook: dispatching IRQ 67 (chain_idx=0)
[clk=04160161 pc=0x0815ca54] DEBUG NVIC dispatching IRQ 67 vector=0x815bed9
[clk=04163378 pc=0x0815ca54] DEBUG TIM5 CC1 compare fired cnt=0x0000bc8e ccr1=0x0000bc8e -> IRQ 50
[clk=04163378 pc=0x0815ca54] DEBUG NVIC arb basepri=0x00 active_prio=None irq50_pending=true irq50_enabled=true irq50_prio=0 irq67_pending=false irq67_enabled=true irq67_prio=224 selected=Some(50)
[clk=04163378 pc=0x0815ca54] DEBUG NVIC dispatching IRQ 50 vector=0x815c389
[clk=04163425 pc=0x0815c984] DEBUG TIM5 write DIER=0x00000000
[clk=04163644 pc=0x0815c96e] DEBUG TIM5 write CCR1=0x0000c078
[clk=04163648 pc=0x0815c976] DEBUG TIM5 write DIER=0x00000002
[clk=04247546 pc=0x0815ca54] DEBUG TIM5 CC1 compare fired cnt=0x0000c078 ccr1=0x0000c078 -> IRQ 50
[clk=04247546 pc=0x0815ca54] DEBUG NVIC arb basepri=0x00 active_prio=None irq50_pending=true irq50_enabled=true irq50_prio=0 irq67_pending=false irq67_enabled=true irq67_prio=224 selected=Some(50)
[clk=04247546 pc=0x0815ca54] DEBUG NVIC dispatching IRQ 50 vector=0x815c389
[clk=04247593 pc=0x0815c984] DEBUG TIM5 write DIER=0x00000000
[clk=04247812 pc=0x0815c96e] DEBUG TIM5 write CCR1=0x0000c462
[clk=04247816 pc=0x0815c976] DEBUG TIM5 write DIER=0x00000002
[clk=04328172 pc=0x0815ca54] DEBUG OTG_FS SOF injected (gintmsk=0xc03c3c18 gintsts_before=0x00000000 irq_latched=false)
[clk=04328172 pc=0x0815ca54] DEBUG NVIC arb basepri=0x00 active_prio=None irq50_pending=false irq50_enabled=true irq50_prio=0 irq67_pending=true irq67_enabled=true irq67_prio=224 selected=Some(67)
[clk=04328172 pc=0x0815ca54] DEBUG EMULATOR code_hook: dispatching IRQ 67 (chain_idx=0)
[clk=04328172 pc=0x0815ca54] DEBUG NVIC dispatching IRQ 67 vector=0x815bed9
[clk=04331714 pc=0x0815ca54] DEBUG TIM5 CC1 compare fired cnt=0x0000c462 ccr1=0x0000c462 -> IRQ 50
[clk=04331714 pc=0x0815ca54] DEBUG NVIC arb basepri=0x00 active_prio=None irq50_pending=true irq50_enabled=true irq50_prio=0 irq67_pending=false irq67_enabled=true irq67_prio=224 selected=Some(50)
[clk=04331714 pc=0x0815ca54] DEBUG NVIC dispatching IRQ 50 vector=0x815c389
[clk=04331761 pc=0x0815c984] DEBUG TIM5 write DIER=0x00000000
[clk=04331980 pc=0x0815c96e] DEBUG TIM5 write CCR1=0x0000c84c
[clk=04331984 pc=0x0815c976] DEBUG TIM5 write DIER=0x00000002
[clk=04415882 pc=0x0815ca54] DEBUG TIM5 CC1 compare fired cnt=0x0000c84c ccr1=0x0000c84c -> IRQ 50
[clk=04415882 pc=0x0815ca54] DEBUG NVIC arb basepri=0x00 active_prio=None irq50_pending=true irq50_enabled=true irq50_prio=0 irq67_pending=false irq67_enabled=true irq67_prio=224 selected=Some(50)
[clk=04415882 pc=0x0815ca54] DEBUG NVIC dispatching IRQ 50 vector=0x815c389
[clk=04415929 pc=0x0815c984] DEBUG TIM5 write DIER=0x00000000
[clk=04416148 pc=0x0815c96e] DEBUG TIM5 write CCR1=0x0000cc36
[clk=04416152 pc=0x0815c976] DEBUG TIM5 write DIER=0x00000002
[clk=04496183 pc=0x0815ca54] DEBUG OTG_FS SOF injected (gintmsk=0xc03c3c18 gintsts_before=0x00000000 irq_latched=false)
[clk=04496183 pc=0x0815ca54] DEBUG NVIC arb basepri=0x00 active_prio=None irq50_pending=false irq50_enabled=true irq50_prio=0 irq67_pending=true irq67_enabled=true irq67_prio=224 selected=Some(67)
[clk=04496183 pc=0x0815ca54] DEBUG EMULATOR code_hook: dispatching IRQ 67 (chain_idx=0)
[clk=04496183 pc=0x0815ca54] DEBUG NVIC dispatching IRQ 67 vector=0x815bed9
[clk=04500050 pc=0x0815ca54] DEBUG TIM5 CC1 compare fired cnt=0x0000cc36 ccr1=0x0000cc36 -> IRQ 50
[clk=04500050 pc=0x0815ca54] DEBUG NVIC arb basepri=0x00 active_prio=None irq50_pending=true irq50_enabled=true irq50_prio=0 irq67_pending=false irq67_enabled=true irq67_prio=224 selected=Some(50)
[clk=04500050 pc=0x0815ca54] DEBUG NVIC dispatching IRQ 50 vector=0x815c389
[clk=04500097 pc=0x0815c984] DEBUG TIM5 write DIER=0x00000000
[clk=04500316 pc=0x0815c96e] DEBUG TIM5 write CCR1=0x0000d020
[clk=04500320 pc=0x0815c976] DEBUG TIM5 write DIER=0x00000002
[clk=04584218 pc=0x0815ca54] DEBUG TIM5 CC1 compare fired cnt=0x0000d020 ccr1=0x0000d020 -> IRQ 50
[clk=04584218 pc=0x0815ca54] DEBUG NVIC arb basepri=0x00 active_prio=None irq50_pending=true irq50_enabled=true irq50_prio=0 irq67_pending=false irq67_enabled=true irq67_prio=224 selected=Some(50)
[clk=04584218 pc=0x0815ca54] DEBUG NVIC dispatching IRQ 50 vector=0x815c389
[clk=04584265 pc=0x0815c984] DEBUG TIM5 write DIER=0x00000000
[clk=04584484 pc=0x0815c96e] DEBUG TIM5 write CCR1=0x0000d40a
[clk=04584488 pc=0x0815c976] DEBUG TIM5 write DIER=0x00000002
[clk=04664194 pc=0x0815ca54] DEBUG OTG_FS SOF injected (gintmsk=0xc03c3c18 gintsts_before=0x00000000 irq_latched=false)
[clk=04664194 pc=0x0815ca54] DEBUG NVIC arb basepri=0x00 active_prio=None irq50_pending=false irq50_enabled=true irq50_prio=0 irq67_pending=true irq67_enabled=true irq67_prio=224 selected=Some(67)
[clk=04664194 pc=0x0815ca54] DEBUG EMULATOR code_hook: dispatching IRQ 67 (chain_idx=0)
[clk=04664194 pc=0x0815ca54] DEBUG NVIC dispatching IRQ 67 vector=0x815bed9
[clk=04668386 pc=0x0815ca54] DEBUG TIM5 CC1 compare fired cnt=0x0000d40a ccr1=0x0000d40a -> IRQ 50
[clk=04668386 pc=0x0815ca54] DEBUG NVIC arb basepri=0x00 active_prio=None irq50_pending=true irq50_enabled=true irq50_prio=0 irq67_pending=false irq67_enabled=true irq67_prio=224 selected=Some(50)
[clk=04668386 pc=0x0815ca54] DEBUG NVIC dispatching IRQ 50 vector=0x815c389
[clk=04668433 pc=0x0815c984] DEBUG TIM5 write DIER=0x00000000
[clk=04668652 pc=0x0815c96e] DEBUG TIM5 write CCR1=0x0000d7f4
[clk=04668656 pc=0x0815c976] DEBUG TIM5 write DIER=0x00000002
[clk=04752554 pc=0x0815ca54] DEBUG TIM5 CC1 compare fired cnt=0x0000d7f4 ccr1=0x0000d7f4 -> IRQ 50
[clk=04752554 pc=0x0815ca54] DEBUG NVIC arb basepri=0x00 active_prio=None irq50_pending=true irq50_enabled=true irq50_prio=0 irq67_pending=false irq67_enabled=true irq67_prio=224 selected=Some(50)
[clk=04752554 pc=0x0815ca54] DEBUG NVIC dispatching IRQ 50 vector=0x815c389
[clk=04752601 pc=0x0815c984] DEBUG TIM5 write DIER=0x00000000
[clk=04752820 pc=0x0815c96e] DEBUG TIM5 write CCR1=0x0000dbde
[clk=04752824 pc=0x0815c976] DEBUG TIM5 write DIER=0x00000002
[clk=04832205 pc=0x0815ca54] DEBUG OTG_FS SOF injected (gintmsk=0xc03c3c18 gintsts_before=0x00000000 irq_latched=false)
[clk=04832205 pc=0x0815ca54] DEBUG NVIC arb basepri=0x00 active_prio=None irq50_pending=false irq50_enabled=true irq50_prio=0 irq67_pending=true irq67_enabled=true irq67_prio=224 selected=Some(67)
[clk=04832205 pc=0x0815ca54] DEBUG EMULATOR code_hook: dispatching IRQ 67 (chain_idx=0)
[clk=04832205 pc=0x0815ca54] DEBUG NVIC dispatching IRQ 67 vector=0x815bed9
[clk=04836722 pc=0x0815ca54] DEBUG TIM5 CC1 compare fired cnt=0x0000dbde ccr1=0x0000dbde -> IRQ 50
[clk=04836722 pc=0x0815ca54] DEBUG NVIC arb basepri=0x00 active_prio=None irq50_pending=true irq50_enabled=true irq50_prio=0 irq67_pending=false irq67_enabled=true irq67_prio=224 selected=Some(50)
[clk=04836722 pc=0x0815ca54] DEBUG NVIC dispatching IRQ 50 vector=0x815c389
[clk=04836769 pc=0x0815c984] DEBUG TIM5 write DIER=0x00000000
[clk=04836988 pc=0x0815c96e] DEBUG TIM5 write CCR1=0x0000dfc8
[clk=04836992 pc=0x0815c976] DEBUG TIM5 write DIER=0x00000002
[clk=04920890 pc=0x0815ca54] DEBUG TIM5 CC1 compare fired cnt=0x0000dfc8 ccr1=0x0000dfc8 -> IRQ 50
[clk=04920890 pc=0x0815ca54] DEBUG NVIC arb basepri=0x00 active_prio=None irq50_pending=true irq50_enabled=true irq50_prio=0 irq67_pending=false irq67_enabled=true irq67_prio=224 selected=Some(50)
[clk=04920890 pc=0x0815ca54] DEBUG NVIC dispatching IRQ 50 vector=0x815c389
[clk=04920937 pc=0x0815c984] DEBUG TIM5 write DIER=0x00000000
[clk=04921156 pc=0x0815c96e] DEBUG TIM5 write CCR1=0x0000e3b2
[clk=04921160 pc=0x0815c976] DEBUG TIM5 write DIER=0x00000002
[clk=05000216 pc=0x0815ca54] DEBUG OTG_FS SOF injected (gintmsk=0xc03c3c18 gintsts_before=0x00000000 irq_latched=false)
[clk=05000216 pc=0x0815ca54] DEBUG NVIC arb basepri=0x00 active_prio=None irq50_pending=false irq50_enabled=true irq50_prio=0 irq67_pending=true irq67_enabled=true irq67_prio=224 selected=Some(67)
[clk=05000216 pc=0x0815ca54] DEBUG EMULATOR code_hook: dispatching IRQ 67 (chain_idx=0)
[clk=05000216 pc=0x0815ca54] DEBUG NVIC dispatching IRQ 67 vector=0x815bed9
[clk=05005058 pc=0x0815ca54] DEBUG TIM5 CC1 compare fired cnt=0x0000e3b2 ccr1=0x0000e3b2 -> IRQ 50
[clk=05005058 pc=0x0815ca54] DEBUG NVIC arb basepri=0x00 active_prio=None irq50_pending=true irq50_enabled=true irq50_prio=0 irq67_pending=false irq67_enabled=true irq67_prio=224 selected=Some(50)
[clk=05005058 pc=0x0815ca54] DEBUG NVIC dispatching IRQ 50 vector=0x815c389
[clk=05005105 pc=0x0815c984] DEBUG TIM5 write DIER=0x00000000
[clk=05005324 pc=0x0815c96e] DEBUG TIM5 write CCR1=0x0000e79c
[clk=05005328 pc=0x0815c976] DEBUG TIM5 write DIER=0x00000002
[clk=05089226 pc=0x0815ca54] DEBUG TIM5 CC1 compare fired cnt=0x0000e79c ccr1=0x0000e79c -> IRQ 50
[clk=05089226 pc=0x0815ca54] DEBUG NVIC arb basepri=0x00 active_prio=None irq50_pending=true irq50_enabled=true irq50_prio=0 irq67_pending=false irq67_enabled=true irq67_prio=224 selected=Some(50)
[clk=05089226 pc=0x0815ca54] DEBUG NVIC dispatching IRQ 50 vector=0x815c389
[clk=05089273 pc=0x0815c984] DEBUG TIM5 write DIER=0x00000000
[clk=05089492 pc=0x0815c96e] DEBUG TIM5 write CCR1=0x0000eb86
[clk=05089496 pc=0x0815c976] DEBUG TIM5 write DIER=0x00000002
[clk=05168227 pc=0x0815ca54] DEBUG OTG_FS SOF injected (gintmsk=0xc03c3c18 gintsts_before=0x00000000 irq_latched=false)
[clk=05168227 pc=0x0815ca54] DEBUG NVIC arb basepri=0x00 active_prio=None irq50_pending=false irq50_enabled=true irq50_prio=0 irq67_pending=true irq67_enabled=true irq67_prio=224 selected=Some(67)
[clk=05168227 pc=0x0815ca54] DEBUG EMULATOR code_hook: dispatching IRQ 67 (chain_idx=0)
[clk=05168227 pc=0x0815ca54] DEBUG NVIC dispatching IRQ 67 vector=0x815bed9
[clk=05173394 pc=0x0815ca54] DEBUG TIM5 CC1 compare fired cnt=0x0000eb86 ccr1=0x0000eb86 -> IRQ 50
[clk=05173394 pc=0x0815ca54] DEBUG NVIC arb basepri=0x00 active_prio=None irq50_pending=true irq50_enabled=true irq50_prio=0 irq67_pending=false irq67_enabled=true irq67_prio=224 selected=Some(50)
[clk=05173394 pc=0x0815ca54] DEBUG NVIC dispatching IRQ 50 vector=0x815c389
[clk=05173441 pc=0x0815c984] DEBUG TIM5 write DIER=0x00000000
[clk=05173660 pc=0x0815c96e] DEBUG TIM5 write CCR1=0x0000ef70
[clk=05173664 pc=0x0815c976] DEBUG TIM5 write DIER=0x00000002
[clk=05257562 pc=0x0815ca54] DEBUG TIM5 CC1 compare fired cnt=0x0000ef70 ccr1=0x0000ef70 -> IRQ 50
[clk=05257562 pc=0x0815ca54] DEBUG NVIC arb basepri=0x00 active_prio=None irq50_pending=true irq50_enabled=true irq50_prio=0 irq67_pending=false irq67_enabled=true irq67_prio=224 selected=Some(50)
[clk=05257562 pc=0x0815ca54] DEBUG NVIC dispatching IRQ 50 vector=0x815c389
[clk=05257609 pc=0x0815c984] DEBUG TIM5 write DIER=0x00000000
[clk=05257828 pc=0x0815c96e] DEBUG TIM5 write CCR1=0x0000f35a
[clk=05257832 pc=0x0815c976] DEBUG TIM5 write DIER=0x00000002
[clk=05336238 pc=0x0815ca54] DEBUG OTG_FS SOF injected (gintmsk=0xc03c3c18 gintsts_before=0x00000000 irq_latched=false)
[clk=05336238 pc=0x0815ca54] DEBUG NVIC arb basepri=0x00 active_prio=None irq50_pending=false irq50_enabled=true irq50_prio=0 irq67_pending=true irq67_enabled=true irq67_prio=224 selected=Some(67)
[clk=05336238 pc=0x0815ca54] DEBUG EMULATOR code_hook: dispatching IRQ 67 (chain_idx=0)
[clk=05336238 pc=0x0815ca54] DEBUG NVIC dispatching IRQ 67 vector=0x815bed9
[clk=05341730 pc=0x0815ca54] DEBUG TIM5 CC1 compare fired cnt=0x0000f35a ccr1=0x0000f35a -> IRQ 50
[clk=05341730 pc=0x0815ca54] DEBUG NVIC arb basepri=0x00 active_prio=None irq50_pending=true irq50_enabled=true irq50_prio=0 irq67_pending=false irq67_enabled=true irq67_prio=224 selected=Some(50)
[clk=05341730 pc=0x0815ca54] DEBUG NVIC dispatching IRQ 50 vector=0x815c389
[clk=05341777 pc=0x0815c984] DEBUG TIM5 write DIER=0x00000000
[clk=05341996 pc=0x0815c96e] DEBUG TIM5 write CCR1=0x0000f744
[clk=05342000 pc=0x0815c976] DEBUG TIM5 write DIER=0x00000002
[clk=05425898 pc=0x0815ca54] DEBUG TIM5 CC1 compare fired cnt=0x0000f744 ccr1=0x0000f744 -> IRQ 50
[clk=05425898 pc=0x0815ca54] DEBUG NVIC arb basepri=0x00 active_prio=None irq50_pending=true irq50_enabled=true irq50_prio=0 irq67_pending=false irq67_enabled=true irq67_prio=224 selected=Some(50)
[clk=05425898 pc=0x0815ca54] DEBUG NVIC dispatching IRQ 50 vector=0x815c389
[clk=05425945 pc=0x0815c984] DEBUG TIM5 write DIER=0x00000000
[clk=05426164 pc=0x0815c96e] DEBUG TIM5 write CCR1=0x0000fb2e
[clk=05426168 pc=0x0815c976] DEBUG TIM5 write DIER=0x00000002
[clk=05504249 pc=0x0815ca54] DEBUG OTG_FS SOF injected (gintmsk=0xc03c3c18 gintsts_before=0x00000000 irq_latched=false)
[clk=05504249 pc=0x0815ca54] DEBUG NVIC arb basepri=0x00 active_prio=None irq50_pending=false irq50_enabled=true irq50_prio=0 irq67_pending=true irq67_enabled=true irq67_prio=224 selected=Some(67)
[clk=05504249 pc=0x0815ca54] DEBUG EMULATOR code_hook: dispatching IRQ 67 (chain_idx=0)
[clk=05504249 pc=0x0815ca54] DEBUG NVIC dispatching IRQ 67 vector=0x815bed9
[clk=05510066 pc=0x0815ca54] DEBUG TIM5 CC1 compare fired cnt=0x0000fb2e ccr1=0x0000fb2e -> IRQ 50
[clk=05510066 pc=0x0815ca54] DEBUG NVIC arb basepri=0x00 active_prio=None irq50_pending=true irq50_enabled=true irq50_prio=0 irq67_pending=false irq67_enabled=true irq67_prio=224 selected=Some(50)
[clk=05510066 pc=0x0815ca54] DEBUG NVIC dispatching IRQ 50 vector=0x815c389
[clk=05510113 pc=0x0815c984] DEBUG TIM5 write DIER=0x00000000
[clk=05510332 pc=0x0815c96e] DEBUG TIM5 write CCR1=0x0000ff18
[clk=05510336 pc=0x0815c976] DEBUG TIM5 write DIER=0x00000002
[clk=05594234 pc=0x0815ca54] DEBUG TIM5 CC1 compare fired cnt=0x0000ff18 ccr1=0x0000ff18 -> IRQ 50
[clk=05594234 pc=0x0815ca54] DEBUG NVIC arb basepri=0x00 active_prio=None irq50_pending=true irq50_enabled=true irq50_prio=0 irq67_pending=false irq67_enabled=true irq67_prio=224 selected=Some(50)
[clk=05594234 pc=0x0815ca54] DEBUG NVIC dispatching IRQ 50 vector=0x815c389
[clk=05594281 pc=0x0815c984] DEBUG TIM5 write DIER=0x00000000
[clk=05594500 pc=0x0815c96e] DEBUG TIM5 write CCR1=0x00010302
[clk=05594504 pc=0x0815c976] DEBUG TIM5 write DIER=0x00000002
[clk=05672260 pc=0x0815ca54] DEBUG OTG_FS SOF injected (gintmsk=0xc03c3c18 gintsts_before=0x00000000 irq_latched=false)
[clk=05672260 pc=0x0815ca54] DEBUG NVIC arb basepri=0x00 active_prio=None irq50_pending=false irq50_enabled=true irq50_prio=0 irq67_pending=true irq67_enabled=true irq67_prio=224 selected=Some(67)
[clk=05672260 pc=0x0815ca54] DEBUG EMULATOR code_hook: dispatching IRQ 67 (chain_idx=0)
[clk=05672260 pc=0x0815ca54] DEBUG NVIC dispatching IRQ 67 vector=0x815bed9
[clk=05678402 pc=0x0815ca54] DEBUG TIM5 CC1 compare fired cnt=0x00010302 ccr1=0x00010302 -> IRQ 50
[clk=05678402 pc=0x0815ca54] DEBUG NVIC arb basepri=0x00 active_prio=None irq50_pending=true irq50_enabled=true irq50_prio=0 irq67_pending=false irq67_enabled=true irq67_prio=224 selected=Some(50)
[clk=05678402 pc=0x0815ca54] DEBUG NVIC dispatching IRQ 50 vector=0x815c389
[clk=05678449 pc=0x0815c984] DEBUG TIM5 write DIER=0x00000000
[clk=05678668 pc=0x0815c96e] DEBUG TIM5 write CCR1=0x000106ec
[clk=05678672 pc=0x0815c976] DEBUG TIM5 write DIER=0x00000002
[clk=05762570 pc=0x0815ca54] DEBUG TIM5 CC1 compare fired cnt=0x000106ec ccr1=0x000106ec -> IRQ 50
[clk=05762570 pc=0x0815ca54] DEBUG NVIC arb basepri=0x00 active_prio=None irq50_pending=true irq50_enabled=true irq50_prio=0 irq67_pending=false irq67_enabled=true irq67_prio=224 selected=Some(50)
[clk=05762570 pc=0x0815ca54] DEBUG NVIC dispatching IRQ 50 vector=0x815c389
[clk=05762617 pc=0x0815c984] DEBUG TIM5 write DIER=0x00000000
[clk=05762836 pc=0x0815c96e] DEBUG TIM5 write CCR1=0x00010ad6
[clk=05762840 pc=0x0815c976] DEBUG TIM5 write DIER=0x00000002
[clk=05840271 pc=0x0815ca54] DEBUG OTG_FS SOF injected (gintmsk=0xc03c3c18 gintsts_before=0x00000000 irq_latched=false)
[clk=05840271 pc=0x0815ca54] DEBUG NVIC arb basepri=0x00 active_prio=None irq50_pending=false irq50_enabled=true irq50_prio=0 irq67_pending=true irq67_enabled=true irq67_prio=224 selected=Some(67)
[clk=05840271 pc=0x0815ca54] DEBUG EMULATOR code_hook: dispatching IRQ 67 (chain_idx=0)
[clk=05840271 pc=0x0815ca54] DEBUG NVIC dispatching IRQ 67 vector=0x815bed9
[clk=05846738 pc=0x0815ca54] DEBUG TIM5 CC1 compare fired cnt=0x00010ad6 ccr1=0x00010ad6 -> IRQ 50
[clk=05846738 pc=0x0815ca54] DEBUG NVIC arb basepri=0x00 active_prio=None irq50_pending=true irq50_enabled=true irq50_prio=0 irq67_pending=false irq67_enabled=true irq67_prio=224 selected=Some(50)
[clk=05846738 pc=0x0815ca54] DEBUG NVIC dispatching IRQ 50 vector=0x815c389
[clk=05846785 pc=0x0815c984] DEBUG TIM5 write DIER=0x00000000
[clk=05847004 pc=0x0815c96e] DEBUG TIM5 write CCR1=0x00010ec0
[clk=05847008 pc=0x0815c976] DEBUG TIM5 write DIER=0x00000002
[clk=05930906 pc=0x0815ca54] DEBUG TIM5 CC1 compare fired cnt=0x00010ec0 ccr1=0x00010ec0 -> IRQ 50
[clk=05930906 pc=0x0815ca54] DEBUG NVIC arb basepri=0x00 active_prio=None irq50_pending=true irq50_enabled=true irq50_prio=0 irq67_pending=false irq67_enabled=true irq67_prio=224 selected=Some(50)
[clk=05930906 pc=0x0815ca54] DEBUG NVIC dispatching IRQ 50 vector=0x815c389
[clk=05930953 pc=0x0815c984] DEBUG TIM5 write DIER=0x00000000
[clk=05931172 pc=0x0815c96e] DEBUG TIM5 write CCR1=0x000112aa
[clk=05931176 pc=0x0815c976] DEBUG TIM5 write DIER=0x00000002
[clk=06008282 pc=0x0815ca54] DEBUG OTG_FS SOF injected (gintmsk=0xc03c3c18 gintsts_before=0x00000000 irq_latched=false)
[clk=06008282 pc=0x0815ca54] DEBUG NVIC arb basepri=0x00 active_prio=None irq50_pending=false irq50_enabled=true irq50_prio=0 irq67_pending=true irq67_enabled=true irq67_prio=224 selected=Some(67)
[clk=06008282 pc=0x0815ca54] DEBUG EMULATOR code_hook: dispatching IRQ 67 (chain_idx=0)
[clk=06008282 pc=0x0815ca54] DEBUG NVIC dispatching IRQ 67 vector=0x815bed9
[clk=06015074 pc=0x0815ca54] DEBUG TIM5 CC1 compare fired cnt=0x000112aa ccr1=0x000112aa -> IRQ 50
[clk=06015074 pc=0x0815ca54] DEBUG NVIC arb basepri=0x00 active_prio=None irq50_pending=true irq50_enabled=true irq50_prio=0 irq67_pending=false irq67_enabled=true irq67_prio=224 selected=Some(50)
[clk=06015074 pc=0x0815ca54] DEBUG NVIC dispatching IRQ 50 vector=0x815c389
[clk=06015121 pc=0x0815c984] DEBUG TIM5 write DIER=0x00000000
[clk=06015340 pc=0x0815c96e] DEBUG TIM5 write CCR1=0x00011694
[clk=06015344 pc=0x0815c976] DEBUG TIM5 write DIER=0x00000002
[clk=06099242 pc=0x0815ca54] DEBUG TIM5 CC1 compare fired cnt=0x00011694 ccr1=0x00011694 -> IRQ 50
[clk=06099242 pc=0x0815ca54] DEBUG NVIC arb basepri=0x00 active_prio=None irq50_pending=true irq50_enabled=true irq50_prio=0 irq67_pending=false irq67_enabled=true irq67_prio=224 selected=Some(50)
[clk=06099242 pc=0x0815ca54] DEBUG NVIC dispatching IRQ 50 vector=0x815c389
[clk=06099289 pc=0x0815c984] DEBUG TIM5 write DIER=0x00000000
[clk=06099508 pc=0x0815c96e] DEBUG TIM5 write CCR1=0x00011a7e
[clk=06099512 pc=0x0815c976] DEBUG TIM5 write DIER=0x00000002
[clk=06176293 pc=0x0815ca54] DEBUG OTG_FS SOF injected (gintmsk=0xc03c3c18 gintsts_before=0x00000000 irq_latched=false)
[clk=06176293 pc=0x0815ca54] DEBUG NVIC arb basepri=0x00 active_prio=None irq50_pending=false irq50_enabled=true irq50_prio=0 irq67_pending=true irq67_enabled=true irq67_prio=224 selected=Some(67)
[clk=06176293 pc=0x0815ca54] DEBUG EMULATOR code_hook: dispatching IRQ 67 (chain_idx=0)
[clk=06176293 pc=0x0815ca54] DEBUG NVIC dispatching IRQ 67 vector=0x815bed9
[clk=06183410 pc=0x0815ca54] DEBUG TIM5 CC1 compare fired cnt=0x00011a7e ccr1=0x00011a7e -> IRQ 50
[clk=06183410 pc=0x0815ca54] DEBUG NVIC arb basepri=0x00 active_prio=None irq50_pending=true irq50_enabled=true irq50_prio=0 irq67_pending=false irq67_enabled=true irq67_prio=224 selected=Some(50)
[clk=06183410 pc=0x0815ca54] DEBUG NVIC dispatching IRQ 50 vector=0x815c389
[clk=06183457 pc=0x0815c984] DEBUG TIM5 write DIER=0x00000000
[clk=06183676 pc=0x0815c96e] DEBUG TIM5 write CCR1=0x00011e68
[clk=06183680 pc=0x0815c976] DEBUG TIM5 write DIER=0x00000002
[clk=06267578 pc=0x0815ca54] DEBUG TIM5 CC1 compare fired cnt=0x00011e68 ccr1=0x00011e68 -> IRQ 50
[clk=06267578 pc=0x0815ca54] DEBUG NVIC arb basepri=0x00 active_prio=None irq50_pending=true irq50_enabled=true irq50_prio=0 irq67_pending=false irq67_enabled=true irq67_prio=224 selected=Some(50)
[clk=06267578 pc=0x0815ca54] DEBUG NVIC dispatching IRQ 50 vector=0x815c389
[clk=06267625 pc=0x0815c984] DEBUG TIM5 write DIER=0x00000000
[clk=06267844 pc=0x0815c96e] DEBUG TIM5 write CCR1=0x00012252
[clk=06267848 pc=0x0815c976] DEBUG TIM5 write DIER=0x00000002
[clk=06344304 pc=0x0815ca54] DEBUG OTG_FS SOF injected (gintmsk=0xc03c3c18 gintsts_before=0x00000000 irq_latched=false)
[clk=06344304 pc=0x0815ca54] DEBUG NVIC arb basepri=0x00 active_prio=None irq50_pending=false irq50_enabled=true irq50_prio=0 irq67_pending=true irq67_enabled=true irq67_prio=224 selected=Some(67)
[clk=06344304 pc=0x0815ca54] DEBUG EMULATOR code_hook: dispatching IRQ 67 (chain_idx=0)
[clk=06344304 pc=0x0815ca54] DEBUG NVIC dispatching IRQ 67 vector=0x815bed9
[clk=06351746 pc=0x0815ca54] DEBUG TIM5 CC1 compare fired cnt=0x00012252 ccr1=0x00012252 -> IRQ 50
[clk=06351746 pc=0x0815ca54] DEBUG NVIC arb basepri=0x00 active_prio=None irq50_pending=true irq50_enabled=true irq50_prio=0 irq67_pending=false irq67_enabled=true irq67_prio=224 selected=Some(50)
[clk=06351746 pc=0x0815ca54] DEBUG NVIC dispatching IRQ 50 vector=0x815c389
[clk=06351793 pc=0x0815c984] DEBUG TIM5 write DIER=0x00000000
[clk=06352012 pc=0x0815c96e] DEBUG TIM5 write CCR1=0x0001263c
[clk=06352016 pc=0x0815c976] DEBUG TIM5 write DIER=0x00000002
[clk=06435914 pc=0x0815ca54] DEBUG TIM5 CC1 compare fired cnt=0x0001263c ccr1=0x0001263c -> IRQ 50
[clk=06435914 pc=0x0815ca54] DEBUG NVIC arb basepri=0x00 active_prio=None irq50_pending=true irq50_enabled=true irq50_prio=0 irq67_pending=false irq67_enabled=true irq67_prio=224 selected=Some(50)
[clk=06435914 pc=0x0815ca54] DEBUG NVIC dispatching IRQ 50 vector=0x815c389
[clk=06435961 pc=0x0815c984] DEBUG TIM5 write DIER=0x00000000
[clk=06436180 pc=0x0815c96e] DEBUG TIM5 write CCR1=0x00012a26
[clk=06436184 pc=0x0815c976] DEBUG TIM5 write DIER=0x00000002
[clk=06512315 pc=0x0815ca54] DEBUG OTG_FS SOF injected (gintmsk=0xc03c3c18 gintsts_before=0x00000000 irq_latched=false)
[clk=06512315 pc=0x0815ca54] DEBUG NVIC arb basepri=0x00 active_prio=None irq50_pending=false irq50_enabled=true irq50_prio=0 irq67_pending=true irq67_enabled=true irq67_prio=224 selected=Some(67)
[clk=06512315 pc=0x0815ca54] DEBUG EMULATOR code_hook: dispatching IRQ 67 (chain_idx=0)
[clk=06512315 pc=0x0815ca54] DEBUG NVIC dispatching IRQ 67 vector=0x815bed9
[clk=06520082 pc=0x0815ca54] DEBUG TIM5 CC1 compare fired cnt=0x00012a26 ccr1=0x00012a26 -> IRQ 50
[clk=06520082 pc=0x0815ca54] DEBUG NVIC arb basepri=0x00 active_prio=None irq50_pending=true irq50_enabled=true irq50_prio=0 irq67_pending=false irq67_enabled=true irq67_prio=224 selected=Some(50)
[clk=06520082 pc=0x0815ca54] DEBUG NVIC dispatching IRQ 50 vector=0x815c389
[clk=06520129 pc=0x0815c984] DEBUG TIM5 write DIER=0x00000000
[clk=06520348 pc=0x0815c96e] DEBUG TIM5 write CCR1=0x00012e10
[clk=06520352 pc=0x0815c976] DEBUG TIM5 write DIER=0x00000002
[clk=06604250 pc=0x0815ca54] DEBUG TIM5 CC1 compare fired cnt=0x00012e10 ccr1=0x00012e10 -> IRQ 50
[clk=06604250 pc=0x0815ca54] DEBUG NVIC arb basepri=0x00 active_prio=None irq50_pending=true irq50_enabled=true irq50_prio=0 irq67_pending=false irq67_enabled=true irq67_prio=224 selected=Some(50)
[clk=06604250 pc=0x0815ca54] DEBUG NVIC dispatching IRQ 50 vector=0x815c389
[clk=06604297 pc=0x0815c984] DEBUG TIM5 write DIER=0x00000000
[clk=06604516 pc=0x0815c96e] DEBUG TIM5 write CCR1=0x000131fa
[clk=06604520 pc=0x0815c976] DEBUG TIM5 write DIER=0x00000002
[clk=06680326 pc=0x0815ca54] DEBUG OTG_FS SOF injected (gintmsk=0xc03c3c18 gintsts_before=0x00000000 irq_latched=false)
[clk=06680326 pc=0x0815ca54] DEBUG NVIC arb basepri=0x00 active_prio=None irq50_pending=false irq50_enabled=true irq50_prio=0 irq67_pending=true irq67_enabled=true irq67_prio=224 selected=Some(67)
[clk=06680326 pc=0x0815ca54] DEBUG EMULATOR code_hook: dispatching IRQ 67 (chain_idx=0)
[clk=06680326 pc=0x0815ca54] DEBUG NVIC dispatching IRQ 67 vector=0x815bed9
[clk=06688418 pc=0x0815ca54] DEBUG TIM5 CC1 compare fired cnt=0x000131fa ccr1=0x000131fa -> IRQ 50
[clk=06688418 pc=0x0815ca54] DEBUG NVIC arb basepri=0x00 active_prio=None irq50_pending=true irq50_enabled=true irq50_prio=0 irq67_pending=false irq67_enabled=true irq67_prio=224 selected=Some(50)
[clk=06688418 pc=0x0815ca54] DEBUG NVIC dispatching IRQ 50 vector=0x815c389
[clk=06688465 pc=0x0815c984] DEBUG TIM5 write DIER=0x00000000
[clk=06688684 pc=0x0815c96e] DEBUG TIM5 write CCR1=0x000135e4
[clk=06688688 pc=0x0815c976] DEBUG TIM5 write DIER=0x00000002
[clk=06772586 pc=0x0815ca54] DEBUG TIM5 CC1 compare fired cnt=0x000135e4 ccr1=0x000135e4 -> IRQ 50
[clk=06772586 pc=0x0815ca54] DEBUG NVIC arb basepri=0x00 active_prio=None irq50_pending=true irq50_enabled=true irq50_prio=0 irq67_pending=false irq67_enabled=true irq67_prio=224 selected=Some(50)
[clk=06772586 pc=0x0815ca54] DEBUG NVIC dispatching IRQ 50 vector=0x815c389
[clk=06772633 pc=0x0815c984] DEBUG TIM5 write DIER=0x00000000
[clk=06772852 pc=0x0815c96e] DEBUG TIM5 write CCR1=0x000139ce
[clk=06772856 pc=0x0815c976] DEBUG TIM5 write DIER=0x00000002
[clk=06848337 pc=0x0815ca54] DEBUG OTG_FS SOF injected (gintmsk=0xc03c3c18 gintsts_before=0x00000000 irq_latched=false)
[clk=06848337 pc=0x0815ca54] DEBUG NVIC arb basepri=0x00 active_prio=None irq50_pending=false irq50_enabled=true irq50_prio=0 irq67_pending=true irq67_enabled=true irq67_prio=224 selected=Some(67)
[clk=06848337 pc=0x0815ca54] DEBUG EMULATOR code_hook: dispatching IRQ 67 (chain_idx=0)
[clk=06848337 pc=0x0815ca54] DEBUG NVIC dispatching IRQ 67 vector=0x815bed9
[clk=06856754 pc=0x0815ca54] DEBUG TIM5 CC1 compare fired cnt=0x000139ce ccr1=0x000139ce -> IRQ 50
[clk=06856754 pc=0x0815ca54] DEBUG NVIC arb basepri=0x00 active_prio=None irq50_pending=true irq50_enabled=true irq50_prio=0 irq67_pending=false irq67_enabled=true irq67_prio=224 selected=Some(50)
[clk=06856754 pc=0x0815ca54] DEBUG NVIC dispatching IRQ 50 vector=0x815c389
[clk=06856801 pc=0x0815c984] DEBUG TIM5 write DIER=0x00000000
[clk=06857020 pc=0x0815c96e] DEBUG TIM5 write CCR1=0x00013db8
[clk=06857024 pc=0x0815c976] DEBUG TIM5 write DIER=0x00000002
[clk=06940922 pc=0x0815ca54] DEBUG TIM5 CC1 compare fired cnt=0x00013db8 ccr1=0x00013db8 -> IRQ 50
[clk=06940922 pc=0x0815ca54] DEBUG NVIC arb basepri=0x00 active_prio=None irq50_pending=true irq50_enabled=true irq50_prio=0 irq67_pending=false irq67_enabled=true irq67_prio=224 selected=Some(50)
[clk=06940922 pc=0x0815ca54] DEBUG NVIC dispatching IRQ 50 vector=0x815c389
[clk=06940969 pc=0x0815c984] DEBUG TIM5 write DIER=0x00000000
[clk=06941188 pc=0x0815c96e] DEBUG TIM5 write CCR1=0x000141a2
[clk=06941192 pc=0x0815c976] DEBUG TIM5 write DIER=0x00000002
[clk=07016348 pc=0x0815ca54] DEBUG OTG_FS SOF injected (gintmsk=0xc03c3c18 gintsts_before=0x00000000 irq_latched=false)
[clk=07016348 pc=0x0815ca54] DEBUG NVIC arb basepri=0x00 active_prio=None irq50_pending=false irq50_enabled=true irq50_prio=0 irq67_pending=true irq67_enabled=true irq67_prio=224 selected=Some(67)
[clk=07016348 pc=0x0815ca54] DEBUG EMULATOR code_hook: dispatching IRQ 67 (chain_idx=0)
[clk=07016348 pc=0x0815ca54] DEBUG NVIC dispatching IRQ 67 vector=0x815bed9
[clk=07025090 pc=0x0815ca54] DEBUG TIM5 CC1 compare fired cnt=0x000141a2 ccr1=0x000141a2 -> IRQ 50
[clk=07025090 pc=0x0815ca54] DEBUG NVIC arb basepri=0x00 active_prio=None irq50_pending=true irq50_enabled=true irq50_prio=0 irq67_pending=false irq67_enabled=true irq67_prio=224 selected=Some(50)
[clk=07025090 pc=0x0815ca54] DEBUG NVIC dispatching IRQ 50 vector=0x815c389
[clk=07025137 pc=0x0815c984] DEBUG TIM5 write DIER=0x00000000
[clk=07025356 pc=0x0815c96e] DEBUG TIM5 write CCR1=0x0001458c
[clk=07025360 pc=0x0815c976] DEBUG TIM5 write DIER=0x00000002
[clk=07109258 pc=0x0815ca54] DEBUG TIM5 CC1 compare fired cnt=0x0001458c ccr1=0x0001458c -> IRQ 50
[clk=07109258 pc=0x0815ca54] DEBUG NVIC arb basepri=0x00 active_prio=None irq50_pending=true irq50_enabled=true irq50_prio=0 irq67_pending=false irq67_enabled=true irq67_prio=224 selected=Some(50)
[clk=07109258 pc=0x0815ca54] DEBUG NVIC dispatching IRQ 50 vector=0x815c389
[clk=07109305 pc=0x0815c984] DEBUG TIM5 write DIER=0x00000000
[clk=07109524 pc=0x0815c96e] DEBUG TIM5 write CCR1=0x00014976
[clk=07109528 pc=0x0815c976] DEBUG TIM5 write DIER=0x00000002
[clk=07184359 pc=0x0815ca54] DEBUG OTG_FS SOF injected (gintmsk=0xc03c3c18 gintsts_before=0x00000000 irq_latched=false)
[clk=07184359 pc=0x0815ca54] DEBUG NVIC arb basepri=0x00 active_prio=None irq50_pending=false irq50_enabled=true irq50_prio=0 irq67_pending=true irq67_enabled=true irq67_prio=224 selected=Some(67)
[clk=07184359 pc=0x0815ca54] DEBUG EMULATOR code_hook: dispatching IRQ 67 (chain_idx=0)
[clk=07184359 pc=0x0815ca54] DEBUG NVIC dispatching IRQ 67 vector=0x815bed9
[clk=07193426 pc=0x0815ca54] DEBUG TIM5 CC1 compare fired cnt=0x00014976 ccr1=0x00014976 -> IRQ 50
[clk=07193426 pc=0x0815ca54] DEBUG NVIC arb basepri=0x00 active_prio=None irq50_pending=true irq50_enabled=true irq50_prio=0 irq67_pending=false irq67_enabled=true irq67_prio=224 selected=Some(50)
[clk=07193426 pc=0x0815ca54] DEBUG NVIC dispatching IRQ 50 vector=0x815c389
[clk=07193473 pc=0x0815c984] DEBUG TIM5 write DIER=0x00000000
[clk=07193692 pc=0x0815c96e] DEBUG TIM5 write CCR1=0x00014d60
[clk=07193696 pc=0x0815c976] DEBUG TIM5 write DIER=0x00000002
[clk=07277594 pc=0x0815ca54] DEBUG TIM5 CC1 compare fired cnt=0x00014d60 ccr1=0x00014d60 -> IRQ 50
[clk=07277594 pc=0x0815ca54] DEBUG NVIC arb basepri=0x00 active_prio=None irq50_pending=true irq50_enabled=true irq50_prio=0 irq67_pending=false irq67_enabled=true irq67_prio=224 selected=Some(50)
[clk=07277594 pc=0x0815ca54] DEBUG NVIC dispatching IRQ 50 vector=0x815c389
[clk=07277641 pc=0x0815c984] DEBUG TIM5 write DIER=0x00000000
[clk=07277860 pc=0x0815c96e] DEBUG TIM5 write CCR1=0x0001514a
[clk=07277864 pc=0x0815c976] DEBUG TIM5 write DIER=0x00000002
[clk=07352370 pc=0x0815ca54] DEBUG OTG_FS SOF injected (gintmsk=0xc03c3c18 gintsts_before=0x00000000 irq_latched=false)
[clk=07352370 pc=0x0815ca54] DEBUG NVIC arb basepri=0x00 active_prio=None irq50_pending=false irq50_enabled=true irq50_prio=0 irq67_pending=true irq67_enabled=true irq67_prio=224 selected=Some(67)
[clk=07352370 pc=0x0815ca54] DEBUG EMULATOR code_hook: dispatching IRQ 67 (chain_idx=0)
[clk=07352370 pc=0x0815ca54] DEBUG NVIC dispatching IRQ 67 vector=0x815bed9
[clk=07361762 pc=0x0815ca54] DEBUG TIM5 CC1 compare fired cnt=0x0001514a ccr1=0x0001514a -> IRQ 50
[clk=07361762 pc=0x0815ca54] DEBUG NVIC arb basepri=0x00 active_prio=None irq50_pending=true irq50_enabled=true irq50_prio=0 irq67_pending=false irq67_enabled=true irq67_prio=224 selected=Some(50)
[clk=07361762 pc=0x0815ca54] DEBUG NVIC dispatching IRQ 50 vector=0x815c389
[clk=07361809 pc=0x0815c984] DEBUG TIM5 write DIER=0x00000000
[clk=07362028 pc=0x0815c96e] DEBUG TIM5 write CCR1=0x00015534
[clk=07362032 pc=0x0815c976] DEBUG TIM5 write DIER=0x00000002
[clk=07445930 pc=0x0815ca54] DEBUG TIM5 CC1 compare fired cnt=0x00015534 ccr1=0x00015534 -> IRQ 50
[clk=07445930 pc=0x0815ca54] DEBUG NVIC arb basepri=0x00 active_prio=None irq50_pending=true irq50_enabled=true irq50_prio=0 irq67_pending=false irq67_enabled=true irq67_prio=224 selected=Some(50)
[clk=07445930 pc=0x0815ca54] DEBUG NVIC dispatching IRQ 50 vector=0x815c389
[clk=07445977 pc=0x0815c984] DEBUG TIM5 write DIER=0x00000000
[clk=07446196 pc=0x0815c96e] DEBUG TIM5 write CCR1=0x0001591e
[clk=07446200 pc=0x0815c976] DEBUG TIM5 write DIER=0x00000002
[clk=07520381 pc=0x0815ca54] DEBUG OTG_FS SOF injected (gintmsk=0xc03c3c18 gintsts_before=0x00000000 irq_latched=false)
[clk=07520381 pc=0x0815ca54] DEBUG NVIC arb basepri=0x00 active_prio=None irq50_pending=false irq50_enabled=true irq50_prio=0 irq67_pending=true irq67_enabled=true irq67_prio=224 selected=Some(67)
[clk=07520381 pc=0x0815ca54] DEBUG EMULATOR code_hook: dispatching IRQ 67 (chain_idx=0)
[clk=07520381 pc=0x0815ca54] DEBUG NVIC dispatching IRQ 67 vector=0x815bed9
[clk=07530098 pc=0x0815ca54] DEBUG TIM5 CC1 compare fired cnt=0x0001591e ccr1=0x0001591e -> IRQ 50
[clk=07530098 pc=0x0815ca54] DEBUG NVIC arb basepri=0x00 active_prio=None irq50_pending=true irq50_enabled=true irq50_prio=0 irq67_pending=false irq67_enabled=true irq67_prio=224 selected=Some(50)
[clk=07530098 pc=0x0815ca54] DEBUG NVIC dispatching IRQ 50 vector=0x815c389
[clk=07530145 pc=0x0815c984] DEBUG TIM5 write DIER=0x00000000
[clk=07530364 pc=0x0815c96e] DEBUG TIM5 write CCR1=0x00015d08
[clk=07530368 pc=0x0815c976] DEBUG TIM5 write DIER=0x00000002
[clk=07614266 pc=0x0815ca54] DEBUG TIM5 CC1 compare fired cnt=0x00015d08 ccr1=0x00015d08 -> IRQ 50
[clk=07614266 pc=0x0815ca54] DEBUG NVIC arb basepri=0x00 active_prio=None irq50_pending=true irq50_enabled=true irq50_prio=0 irq67_pending=false irq67_enabled=true irq67_prio=224 selected=Some(50)
[clk=07614266 pc=0x0815ca54] DEBUG NVIC dispatching IRQ 50 vector=0x815c389
[clk=07614313 pc=0x0815c984] DEBUG TIM5 write DIER=0x00000000
[clk=07614532 pc=0x0815c96e] DEBUG TIM5 write CCR1=0x000160f2
[clk=07614536 pc=0x0815c976] DEBUG TIM5 write DIER=0x00000002
[clk=07688392 pc=0x0815ca54] DEBUG OTG_FS SOF injected (gintmsk=0xc03c3c18 gintsts_before=0x00000000 irq_latched=false)
[clk=07688392 pc=0x0815ca54] DEBUG NVIC arb basepri=0x00 active_prio=None irq50_pending=false irq50_enabled=true irq50_prio=0 irq67_pending=true irq67_enabled=true irq67_prio=224 selected=Some(67)
[clk=07688392 pc=0x0815ca54] DEBUG EMULATOR code_hook: dispatching IRQ 67 (chain_idx=0)
[clk=07688392 pc=0x0815ca54] DEBUG NVIC dispatching IRQ 67 vector=0x815bed9
[clk=07698434 pc=0x0815ca54] DEBUG TIM5 CC1 compare fired cnt=0x000160f2 ccr1=0x000160f2 -> IRQ 50
[clk=07698434 pc=0x0815ca54] DEBUG NVIC arb basepri=0x00 active_prio=None irq50_pending=true irq50_enabled=true irq50_prio=0 irq67_pending=false irq67_enabled=true irq67_prio=224 selected=Some(50)
[clk=07698434 pc=0x0815ca54] DEBUG NVIC dispatching IRQ 50 vector=0x815c389
[clk=07698481 pc=0x0815c984] DEBUG TIM5 write DIER=0x00000000
[clk=07698700 pc=0x0815c96e] DEBUG TIM5 write CCR1=0x000164dc
[clk=07698704 pc=0x0815c976] DEBUG TIM5 write DIER=0x00000002
[clk=07782602 pc=0x0815ca54] DEBUG TIM5 CC1 compare fired cnt=0x000164dc ccr1=0x000164dc -> IRQ 50
[clk=07782602 pc=0x0815ca54] DEBUG NVIC arb basepri=0x00 active_prio=None irq50_pending=true irq50_enabled=true irq50_prio=0 irq67_pending=false irq67_enabled=true irq67_prio=224 selected=Some(50)
[clk=07782602 pc=0x0815ca54] DEBUG NVIC dispatching IRQ 50 vector=0x815c389
[clk=07782649 pc=0x0815c984] DEBUG TIM5 write DIER=0x00000000
[clk=07782868 pc=0x0815c96e] DEBUG TIM5 write CCR1=0x000168c6
[clk=07782872 pc=0x0815c976] DEBUG TIM5 write DIER=0x00000002
[clk=07856403 pc=0x0815ca54] DEBUG OTG_FS SOF injected (gintmsk=0xc03c3c18 gintsts_before=0x00000000 irq_latched=false)
[clk=07856403 pc=0x0815ca54] DEBUG NVIC arb basepri=0x00 active_prio=None irq50_pending=false irq50_enabled=true irq50_prio=0 irq67_pending=true irq67_enabled=true irq67_prio=224 selected=Some(67)
[clk=07856403 pc=0x0815ca54] DEBUG EMULATOR code_hook: dispatching IRQ 67 (chain_idx=0)
[clk=07856403 pc=0x0815ca54] DEBUG NVIC dispatching IRQ 67 vector=0x815bed9
[clk=07866770 pc=0x0815ca54] DEBUG TIM5 CC1 compare fired cnt=0x000168c6 ccr1=0x000168c6 -> IRQ 50
[clk=07866770 pc=0x0815ca54] DEBUG NVIC arb basepri=0x00 active_prio=None irq50_pending=true irq50_enabled=true irq50_prio=0 irq67_pending=false irq67_enabled=true irq67_prio=224 selected=Some(50)
[clk=07866770 pc=0x0815ca54] DEBUG NVIC dispatching IRQ 50 vector=0x815c389
[clk=07866817 pc=0x0815c984] DEBUG TIM5 write DIER=0x00000000
[clk=07867036 pc=0x0815c96e] DEBUG TIM5 write CCR1=0x00016cb0
[clk=07867040 pc=0x0815c976] DEBUG TIM5 write DIER=0x00000002
[clk=07950938 pc=0x0815ca54] DEBUG TIM5 CC1 compare fired cnt=0x00016cb0 ccr1=0x00016cb0 -> IRQ 50
[clk=07950938 pc=0x0815ca54] DEBUG NVIC arb basepri=0x00 active_prio=None irq50_pending=true irq50_enabled=true irq50_prio=0 irq67_pending=false irq67_enabled=true irq67_prio=224 selected=Some(50)
[clk=07950938 pc=0x0815ca54] DEBUG NVIC dispatching IRQ 50 vector=0x815c389
[clk=07950985 pc=0x0815c984] DEBUG TIM5 write DIER=0x00000000
[clk=07951204 pc=0x0815c96e] DEBUG TIM5 write CCR1=0x0001709a
[clk=07951208 pc=0x0815c976] DEBUG TIM5 write DIER=0x00000002
[clk=08024414 pc=0x0815ca54] DEBUG OTG_FS SOF injected (gintmsk=0xc03c3c18 gintsts_before=0x00000000 irq_latched=false)
[clk=08024414 pc=0x0815ca54] DEBUG NVIC arb basepri=0x00 active_prio=None irq50_pending=false irq50_enabled=true irq50_prio=0 irq67_pending=true irq67_enabled=true irq67_prio=224 selected=Some(67)
[clk=08024414 pc=0x0815ca54] DEBUG EMULATOR code_hook: dispatching IRQ 67 (chain_idx=0)
[clk=08024414 pc=0x0815ca54] DEBUG NVIC dispatching IRQ 67 vector=0x815bed9
[clk=08035106 pc=0x0815ca54] DEBUG TIM5 CC1 compare fired cnt=0x0001709a ccr1=0x0001709a -> IRQ 50
[clk=08035106 pc=0x0815ca54] DEBUG NVIC arb basepri=0x00 active_prio=None irq50_pending=true irq50_enabled=true irq50_prio=0 irq67_pending=false irq67_enabled=true irq67_prio=224 selected=Some(50)
[clk=08035106 pc=0x0815ca54] DEBUG NVIC dispatching IRQ 50 vector=0x815c389
[clk=08035153 pc=0x0815c984] DEBUG TIM5 write DIER=0x00000000
[clk=08035372 pc=0x0815c96e] DEBUG TIM5 write CCR1=0x00017484
[clk=08035376 pc=0x0815c976] DEBUG TIM5 write DIER=0x00000002
[clk=08119274 pc=0x0815ca54] DEBUG TIM5 CC1 compare fired cnt=0x00017484 ccr1=0x00017484 -> IRQ 50
[clk=08119274 pc=0x0815ca54] DEBUG NVIC arb basepri=0x00 active_prio=None irq50_pending=true irq50_enabled=true irq50_prio=0 irq67_pending=false irq67_enabled=true irq67_prio=224 selected=Some(50)
[clk=08119274 pc=0x0815ca54] DEBUG NVIC dispatching IRQ 50 vector=0x815c389
[clk=08119321 pc=0x0815c984] DEBUG TIM5 write DIER=0x00000000
[clk=08119540 pc=0x0815c96e] DEBUG TIM5 write CCR1=0x0001786e
[clk=08119544 pc=0x0815c976] DEBUG TIM5 write DIER=0x00000002
[clk=08192425 pc=0x0815ca54] DEBUG OTG_FS SOF injected (gintmsk=0xc03c3c18 gintsts_before=0x00000000 irq_latched=false)
[clk=08192425 pc=0x0815ca54] DEBUG NVIC arb basepri=0x00 active_prio=None irq50_pending=false irq50_enabled=true irq50_prio=0 irq67_pending=true irq67_enabled=true irq67_prio=224 selected=Some(67)
[clk=08192425 pc=0x0815ca54] DEBUG EMULATOR code_hook: dispatching IRQ 67 (chain_idx=0)
[clk=08192425 pc=0x0815ca54] DEBUG NVIC dispatching IRQ 67 vector=0x815bed9
[clk=08203442 pc=0x0815ca54] DEBUG TIM5 CC1 compare fired cnt=0x0001786e ccr1=0x0001786e -> IRQ 50
[clk=08203442 pc=0x0815ca54] DEBUG NVIC arb basepri=0x00 active_prio=None irq50_pending=true irq50_enabled=true irq50_prio=0 irq67_pending=false irq67_enabled=true irq67_prio=224 selected=Some(50)
[clk=08203442 pc=0x0815ca54] DEBUG NVIC dispatching IRQ 50 vector=0x815c389
[clk=08203489 pc=0x0815c984] DEBUG TIM5 write DIER=0x00000000
[clk=08203708 pc=0x0815c96e] DEBUG TIM5 write CCR1=0x00017c58
[clk=08203712 pc=0x0815c976] DEBUG TIM5 write DIER=0x00000002
[clk=08287610 pc=0x0815ca54] DEBUG TIM5 CC1 compare fired cnt=0x00017c58 ccr1=0x00017c58 -> IRQ 50
[clk=08287610 pc=0x0815ca54] DEBUG NVIC arb basepri=0x00 active_prio=None irq50_pending=true irq50_enabled=true irq50_prio=0 irq67_pending=false irq67_enabled=true irq67_prio=224 selected=Some(50)
[clk=08287610 pc=0x0815ca54] DEBUG NVIC dispatching IRQ 50 vector=0x815c389
[clk=08287657 pc=0x0815c984] DEBUG TIM5 write DIER=0x00000000
[clk=08287876 pc=0x0815c96e] DEBUG TIM5 write CCR1=0x00018042
[clk=08287880 pc=0x0815c976] DEBUG TIM5 write DIER=0x00000002
[clk=08360436 pc=0x0815ca54] DEBUG OTG_FS SOF injected (gintmsk=0xc03c3c18 gintsts_before=0x00000000 irq_latched=false)
[clk=08360436 pc=0x0815ca54] DEBUG NVIC arb basepri=0x00 active_prio=None irq50_pending=false irq50_enabled=true irq50_prio=0 irq67_pending=true irq67_enabled=true irq67_prio=224 selected=Some(67)
[clk=08360436 pc=0x0815ca54] DEBUG EMULATOR code_hook: dispatching IRQ 67 (chain_idx=0)
[clk=08360436 pc=0x0815ca54] DEBUG NVIC dispatching IRQ 67 vector=0x815bed9
[clk=08371778 pc=0x0815ca54] DEBUG TIM5 CC1 compare fired cnt=0x00018042 ccr1=0x00018042 -> IRQ 50
[clk=08371778 pc=0x0815ca54] DEBUG NVIC arb basepri=0x00 active_prio=None irq50_pending=true irq50_enabled=true irq50_prio=0 irq67_pending=false irq67_enabled=true irq67_prio=224 selected=Some(50)
[clk=08371778 pc=0x0815ca54] DEBUG NVIC dispatching IRQ 50 vector=0x815c389
[clk=08371825 pc=0x0815c984] DEBUG TIM5 write DIER=0x00000000
[clk=08372044 pc=0x0815c96e] DEBUG TIM5 write CCR1=0x0001842c
[clk=08372048 pc=0x0815c976] DEBUG TIM5 write DIER=0x00000002
[clk=08455946 pc=0x0815ca54] DEBUG TIM5 CC1 compare fired cnt=0x0001842c ccr1=0x0001842c -> IRQ 50
[clk=08455946 pc=0x0815ca54] DEBUG NVIC arb basepri=0x00 active_prio=None irq50_pending=true irq50_enabled=true irq50_prio=0 irq67_pending=false irq67_enabled=true irq67_prio=224 selected=Some(50)
[clk=08455946 pc=0x0815ca54] DEBUG NVIC dispatching IRQ 50 vector=0x815c389
[clk=08455993 pc=0x0815c984] DEBUG TIM5 write DIER=0x00000000
[clk=08456212 pc=0x0815c96e] DEBUG TIM5 write CCR1=0x00018816
[clk=08456216 pc=0x0815c976] DEBUG TIM5 write DIER=0x00000002
[clk=08528447 pc=0x0815ca54] DEBUG OTG_FS SOF injected (gintmsk=0xc03c3c18 gintsts_before=0x00000000 irq_latched=false)
[clk=08528447 pc=0x0815ca54] DEBUG NVIC arb basepri=0x00 active_prio=None irq50_pending=false irq50_enabled=true irq50_prio=0 irq67_pending=true irq67_enabled=true irq67_prio=224 selected=Some(67)
[clk=08528447 pc=0x0815ca54] DEBUG EMULATOR code_hook: dispatching IRQ 67 (chain_idx=0)
[clk=08528447 pc=0x0815ca54] DEBUG NVIC dispatching IRQ 67 vector=0x815bed9
[clk=08540114 pc=0x0815ca54] DEBUG TIM5 CC1 compare fired cnt=0x00018816 ccr1=0x00018816 -> IRQ 50
[clk=08540114 pc=0x0815ca54] DEBUG NVIC arb basepri=0x00 active_prio=None irq50_pending=true irq50_enabled=true irq50_prio=0 irq67_pending=false irq67_enabled=true irq67_prio=224 selected=Some(50)
[clk=08540114 pc=0x0815ca54] DEBUG NVIC dispatching IRQ 50 vector=0x815c389
[clk=08540161 pc=0x0815c984] DEBUG TIM5 write DIER=0x00000000
[clk=08540380 pc=0x0815c96e] DEBUG TIM5 write CCR1=0x00018c00
[clk=08540384 pc=0x0815c976] DEBUG TIM5 write DIER=0x00000002
[clk=08624282 pc=0x0815ca54] DEBUG TIM5 CC1 compare fired cnt=0x00018c00 ccr1=0x00018c00 -> IRQ 50
[clk=08624282 pc=0x0815ca54] DEBUG NVIC arb basepri=0x00 active_prio=None irq50_pending=true irq50_enabled=true irq50_prio=0 irq67_pending=false irq67_enabled=true irq67_prio=224 selected=Some(50)
[clk=08624282 pc=0x0815ca54] DEBUG NVIC dispatching IRQ 50 vector=0x815c389
[clk=08624329 pc=0x0815c984] DEBUG TIM5 write DIER=0x00000000
[clk=08624548 pc=0x0815c96e] DEBUG TIM5 write CCR1=0x00018fea
[clk=08624552 pc=0x0815c976] DEBUG TIM5 write DIER=0x00000002
[clk=08696458 pc=0x0815ca54] DEBUG OTG_FS SOF injected (gintmsk=0xc03c3c18 gintsts_before=0x00000000 irq_latched=false)
[clk=08696458 pc=0x0815ca54] DEBUG NVIC arb basepri=0x00 active_prio=None irq50_pending=false irq50_enabled=true irq50_prio=0 irq67_pending=true irq67_enabled=true irq67_prio=224 selected=Some(67)
[clk=08696458 pc=0x0815ca54] DEBUG EMULATOR code_hook: dispatching IRQ 67 (chain_idx=0)
[clk=08696458 pc=0x0815ca54] DEBUG NVIC dispatching IRQ 67 vector=0x815bed9
[clk=08708450 pc=0x0815ca54] DEBUG TIM5 CC1 compare fired cnt=0x00018fea ccr1=0x00018fea -> IRQ 50
[clk=08708450 pc=0x0815ca54] DEBUG NVIC arb basepri=0x00 active_prio=None irq50_pending=true irq50_enabled=true irq50_prio=0 irq67_pending=false irq67_enabled=true irq67_prio=224 selected=Some(50)
[clk=08708450 pc=0x0815ca54] DEBUG NVIC dispatching IRQ 50 vector=0x815c389
[clk=08708497 pc=0x0815c984] DEBUG TIM5 write DIER=0x00000000
[clk=08708716 pc=0x0815c96e] DEBUG TIM5 write CCR1=0x000193d4
[clk=08708720 pc=0x0815c976] DEBUG TIM5 write DIER=0x00000002
[clk=08792618 pc=0x0815ca54] DEBUG TIM5 CC1 compare fired cnt=0x000193d4 ccr1=0x000193d4 -> IRQ 50
[clk=08792618 pc=0x0815ca54] DEBUG NVIC arb basepri=0x00 active_prio=None irq50_pending=true irq50_enabled=true irq50_prio=0 irq67_pending=false irq67_enabled=true irq67_prio=224 selected=Some(50)
[clk=08792618 pc=0x0815ca54] DEBUG NVIC dispatching IRQ 50 vector=0x815c389
[clk=08792665 pc=0x0815c984] DEBUG TIM5 write DIER=0x00000000
[clk=08792884 pc=0x0815c96e] DEBUG TIM5 write CCR1=0x000197be
[clk=08792888 pc=0x0815c976] DEBUG TIM5 write DIER=0x00000002
[clk=08864469 pc=0x0815ca54] DEBUG OTG_FS SOF injected (gintmsk=0xc03c3c18 gintsts_before=0x00000000 irq_latched=false)
[clk=08864469 pc=0x0815ca54] DEBUG NVIC arb basepri=0x00 active_prio=None irq50_pending=false irq50_enabled=true irq50_prio=0 irq67_pending=true irq67_enabled=true irq67_prio=224 selected=Some(67)
[clk=08864469 pc=0x0815ca54] DEBUG EMULATOR code_hook: dispatching IRQ 67 (chain_idx=0)
[clk=08864469 pc=0x0815ca54] DEBUG NVIC dispatching IRQ 67 vector=0x815bed9
[clk=08876786 pc=0x0815ca54] DEBUG TIM5 CC1 compare fired cnt=0x000197be ccr1=0x000197be -> IRQ 50
[clk=08876786 pc=0x0815ca54] DEBUG NVIC arb basepri=0x00 active_prio=None irq50_pending=true irq50_enabled=true irq50_prio=0 irq67_pending=false irq67_enabled=true irq67_prio=224 selected=Some(50)
[clk=08876786 pc=0x0815ca54] DEBUG NVIC dispatching IRQ 50 vector=0x815c389
[clk=08876833 pc=0x0815c984] DEBUG TIM5 write DIER=0x00000000
[clk=08877062 pc=0x0815c96e] DEBUG TIM5 write CCR1=0x00019ba8
[clk=08877066 pc=0x0815c976] DEBUG TIM5 write DIER=0x00000002
[clk=08960954 pc=0x0815ca54] DEBUG TIM5 CC1 compare fired cnt=0x00019ba8 ccr1=0x00019ba8 -> IRQ 50
[clk=08960954 pc=0x0815ca54] DEBUG NVIC arb basepri=0x00 active_prio=None irq50_pending=true irq50_enabled=true irq50_prio=0 irq67_pending=false irq67_enabled=true irq67_prio=224 selected=Some(50)
[clk=08960954 pc=0x0815ca54] DEBUG NVIC dispatching IRQ 50 vector=0x815c389
[clk=08961001 pc=0x0815c984] DEBUG TIM5 write DIER=0x00000000
[clk=08961220 pc=0x0815c96e] DEBUG TIM5 write CCR1=0x00019f92
[clk=08961224 pc=0x0815c976] DEBUG TIM5 write DIER=0x00000002
[clk=09032480 pc=0x0815ca54] DEBUG OTG_FS SOF injected (gintmsk=0xc03c3c18 gintsts_before=0x00000000 irq_latched=false)
[clk=09032480 pc=0x0815ca54] DEBUG NVIC arb basepri=0x00 active_prio=None irq50_pending=false irq50_enabled=true irq50_prio=0 irq67_pending=true irq67_enabled=true irq67_prio=224 selected=Some(67)
[clk=09032480 pc=0x0815ca54] DEBUG EMULATOR code_hook: dispatching IRQ 67 (chain_idx=0)
[clk=09032480 pc=0x0815ca54] DEBUG NVIC dispatching IRQ 67 vector=0x815bed9
[clk=09045122 pc=0x0815ca54] DEBUG TIM5 CC1 compare fired cnt=0x00019f92 ccr1=0x00019f92 -> IRQ 50
[clk=09045122 pc=0x0815ca54] DEBUG NVIC arb basepri=0x00 active_prio=None irq50_pending=true irq50_enabled=true irq50_prio=0 irq67_pending=false irq67_enabled=true irq67_prio=224 selected=Some(50)
[clk=09045122 pc=0x0815ca54] DEBUG NVIC dispatching IRQ 50 vector=0x815c389
[clk=09045169 pc=0x0815c984] DEBUG TIM5 write DIER=0x00000000
[clk=09045388 pc=0x0815c96e] DEBUG TIM5 write CCR1=0x0001a37c
[clk=09045392 pc=0x0815c976] DEBUG TIM5 write DIER=0x00000002
[clk=09129290 pc=0x0815ca54] DEBUG TIM5 CC1 compare fired cnt=0x0001a37c ccr1=0x0001a37c -> IRQ 50
[clk=09129290 pc=0x0815ca54] DEBUG NVIC arb basepri=0x00 active_prio=None irq50_pending=true irq50_enabled=true irq50_prio=0 irq67_pending=false irq67_enabled=true irq67_prio=224 selected=Some(50)
[clk=09129290 pc=0x0815ca54] DEBUG NVIC dispatching IRQ 50 vector=0x815c389
[clk=09129337 pc=0x0815c984] DEBUG TIM5 write DIER=0x00000000
[clk=09129556 pc=0x0815c96e] DEBUG TIM5 write CCR1=0x0001a766
[clk=09129560 pc=0x0815c976] DEBUG TIM5 write DIER=0x00000002
[clk=09200491 pc=0x0815ca54] DEBUG OTG_FS SOF injected (gintmsk=0xc03c3c18 gintsts_before=0x00000000 irq_latched=false)
[clk=09200491 pc=0x0815ca54] DEBUG NVIC arb basepri=0x00 active_prio=None irq50_pending=false irq50_enabled=true irq50_prio=0 irq67_pending=true irq67_enabled=true irq67_prio=224 selected=Some(67)
[clk=09200491 pc=0x0815ca54] DEBUG EMULATOR code_hook: dispatching IRQ 67 (chain_idx=0)
[clk=09200491 pc=0x0815ca54] DEBUG NVIC dispatching IRQ 67 vector=0x815bed9
[clk=09213458 pc=0x0815ca54] DEBUG TIM5 CC1 compare fired cnt=0x0001a766 ccr1=0x0001a766 -> IRQ 50
[clk=09213458 pc=0x0815ca54] DEBUG NVIC arb basepri=0x00 active_prio=None irq50_pending=true irq50_enabled=true irq50_prio=0 irq67_pending=false irq67_enabled=true irq67_prio=224 selected=Some(50)
[clk=09213458 pc=0x0815ca54] DEBUG NVIC dispatching IRQ 50 vector=0x815c389
[clk=09213505 pc=0x0815c984] DEBUG TIM5 write DIER=0x00000000
[clk=09213724 pc=0x0815c96e] DEBUG TIM5 write CCR1=0x0001ab50
[clk=09213728 pc=0x0815c976] DEBUG TIM5 write DIER=0x00000002
[clk=09297626 pc=0x0815ca54] DEBUG TIM5 CC1 compare fired cnt=0x0001ab50 ccr1=0x0001ab50 -> IRQ 50
[clk=09297626 pc=0x0815ca54] DEBUG NVIC arb basepri=0x00 active_prio=None irq50_pending=true irq50_enabled=true irq50_prio=0 irq67_pending=false irq67_enabled=true irq67_prio=224 selected=Some(50)
[clk=09297626 pc=0x0815ca54] DEBUG NVIC dispatching IRQ 50 vector=0x815c389
[clk=09297673 pc=0x0815c984] DEBUG TIM5 write DIER=0x00000000
[clk=09297892 pc=0x0815c96e] DEBUG TIM5 write CCR1=0x0001af3a
[clk=09297896 pc=0x0815c976] DEBUG TIM5 write DIER=0x00000002
[clk=09368502 pc=0x0815ca54] DEBUG OTG_FS SOF injected (gintmsk=0xc03c3c18 gintsts_before=0x00000000 irq_latched=false)
[clk=09368502 pc=0x0815ca54] DEBUG NVIC arb basepri=0x00 active_prio=None irq50_pending=false irq50_enabled=true irq50_prio=0 irq67_pending=true irq67_enabled=true irq67_prio=224 selected=Some(67)
[clk=09368502 pc=0x0815ca54] DEBUG EMULATOR code_hook: dispatching IRQ 67 (chain_idx=0)
[clk=09368502 pc=0x0815ca54] DEBUG NVIC dispatching IRQ 67 vector=0x815bed9
[clk=09381794 pc=0x0815ca54] DEBUG TIM5 CC1 compare fired cnt=0x0001af3a ccr1=0x0001af3a -> IRQ 50
[clk=09381794 pc=0x0815ca54] DEBUG NVIC arb basepri=0x00 active_prio=None irq50_pending=true irq50_enabled=true irq50_prio=0 irq67_pending=false irq67_enabled=true irq67_prio=224 selected=Some(50)
[clk=09381794 pc=0x0815ca54] DEBUG NVIC dispatching IRQ 50 vector=0x815c389
[clk=09381841 pc=0x0815c984] DEBUG TIM5 write DIER=0x00000000
[clk=09382060 pc=0x0815c96e] DEBUG TIM5 write CCR1=0x0001b324
[clk=09382064 pc=0x0815c976] DEBUG TIM5 write DIER=0x00000002
[clk=09465962 pc=0x0815ca54] DEBUG TIM5 CC1 compare fired cnt=0x0001b324 ccr1=0x0001b324 -> IRQ 50
[clk=09465962 pc=0x0815ca54] DEBUG NVIC arb basepri=0x00 active_prio=None irq50_pending=true irq50_enabled=true irq50_prio=0 irq67_pending=false irq67_enabled=true irq67_prio=224 selected=Some(50)
[clk=09465962 pc=0x0815ca54] DEBUG NVIC dispatching IRQ 50 vector=0x815c389
[clk=09466009 pc=0x0815c984] DEBUG TIM5 write DIER=0x00000000
[clk=09466228 pc=0x0815c96e] DEBUG TIM5 write CCR1=0x0001b70e
[clk=09466232 pc=0x0815c976] DEBUG TIM5 write DIER=0x00000002
[clk=09536513 pc=0x0815ca54] DEBUG OTG_FS SOF injected (gintmsk=0xc03c3c18 gintsts_before=0x00000000 irq_latched=false)
[clk=09536513 pc=0x0815ca54] DEBUG NVIC arb basepri=0x00 active_prio=None irq50_pending=false irq50_enabled=true irq50_prio=0 irq67_pending=true irq67_enabled=true irq67_prio=224 selected=Some(67)
[clk=09536513 pc=0x0815ca54] DEBUG EMULATOR code_hook: dispatching IRQ 67 (chain_idx=0)
[clk=09536513 pc=0x0815ca54] DEBUG NVIC dispatching IRQ 67 vector=0x815bed9
[clk=09550130 pc=0x0815ca54] DEBUG TIM5 CC1 compare fired cnt=0x0001b70e ccr1=0x0001b70e -> IRQ 50
[clk=09550130 pc=0x0815ca54] DEBUG NVIC arb basepri=0x00 active_prio=None irq50_pending=true irq50_enabled=true irq50_prio=0 irq67_pending=false irq67_enabled=true irq67_prio=224 selected=Some(50)
[clk=09550130 pc=0x0815ca54] DEBUG NVIC dispatching IRQ 50 vector=0x815c389
[clk=09550177 pc=0x0815c984] DEBUG TIM5 write DIER=0x00000000
[clk=09550396 pc=0x0815c96e] DEBUG TIM5 write CCR1=0x0001baf8
[clk=09550400 pc=0x0815c976] DEBUG TIM5 write DIER=0x00000002
[clk=09634298 pc=0x0815ca54] DEBUG TIM5 CC1 compare fired cnt=0x0001baf8 ccr1=0x0001baf8 -> IRQ 50
[clk=09634298 pc=0x0815ca54] DEBUG NVIC arb basepri=0x00 active_prio=None irq50_pending=true irq50_enabled=true irq50_prio=0 irq67_pending=false irq67_enabled=true irq67_prio=224 selected=Some(50)
[clk=09634298 pc=0x0815ca54] DEBUG NVIC dispatching IRQ 50 vector=0x815c389
[clk=09634345 pc=0x0815c984] DEBUG TIM5 write DIER=0x00000000
[clk=09634564 pc=0x0815c96e] DEBUG TIM5 write CCR1=0x0001bee2
[clk=09634568 pc=0x0815c976] DEBUG TIM5 write DIER=0x00000002
[clk=09704524 pc=0x0815ca54] DEBUG OTG_FS SOF injected (gintmsk=0xc03c3c18 gintsts_before=0x00000000 irq_latched=false)
[clk=09704524 pc=0x0815ca54] DEBUG NVIC arb basepri=0x00 active_prio=None irq50_pending=false irq50_enabled=true irq50_prio=0 irq67_pending=true irq67_enabled=true irq67_prio=224 selected=Some(67)
[clk=09704524 pc=0x0815ca54] DEBUG EMULATOR code_hook: dispatching IRQ 67 (chain_idx=0)
[clk=09704524 pc=0x0815ca54] DEBUG NVIC dispatching IRQ 67 vector=0x815bed9
[clk=09718466 pc=0x0815ca54] DEBUG TIM5 CC1 compare fired cnt=0x0001bee2 ccr1=0x0001bee2 -> IRQ 50
[clk=09718466 pc=0x0815ca54] DEBUG NVIC arb basepri=0x00 active_prio=None irq50_pending=true irq50_enabled=true irq50_prio=0 irq67_pending=false irq67_enabled=true irq67_prio=224 selected=Some(50)
[clk=09718466 pc=0x0815ca54] DEBUG NVIC dispatching IRQ 50 vector=0x815c389
[clk=09718513 pc=0x0815c984] DEBUG TIM5 write DIER=0x00000000
[clk=09718732 pc=0x0815c96e] DEBUG TIM5 write CCR1=0x0001c2cc
[clk=09718736 pc=0x0815c976] DEBUG TIM5 write DIER=0x00000002
[clk=09802634 pc=0x0815ca54] DEBUG TIM5 CC1 compare fired cnt=0x0001c2cc ccr1=0x0001c2cc -> IRQ 50
[clk=09802634 pc=0x0815ca54] DEBUG NVIC arb basepri=0x00 active_prio=None irq50_pending=true irq50_enabled=true irq50_prio=0 irq67_pending=false irq67_enabled=true irq67_prio=224 selected=Some(50)
[clk=09802634 pc=0x0815ca54] DEBUG NVIC dispatching IRQ 50 vector=0x815c389
[clk=09802681 pc=0x0815c984] DEBUG TIM5 write DIER=0x00000000
[clk=09802900 pc=0x0815c96e] DEBUG TIM5 write CCR1=0x0001c6b6
[clk=09802904 pc=0x0815c976] DEBUG TIM5 write DIER=0x00000002
[clk=09872535 pc=0x0815ca54] DEBUG OTG_FS SOF injected (gintmsk=0xc03c3c18 gintsts_before=0x00000000 irq_latched=false)
[clk=09872535 pc=0x0815ca54] DEBUG NVIC arb basepri=0x00 active_prio=None irq50_pending=false irq50_enabled=true irq50_prio=0 irq67_pending=true irq67_enabled=true irq67_prio=224 selected=Some(67)
[clk=09872535 pc=0x0815ca54] DEBUG EMULATOR code_hook: dispatching IRQ 67 (chain_idx=0)
[clk=09872535 pc=0x0815ca54] DEBUG NVIC dispatching IRQ 67 vector=0x815bed9
[clk=09886802 pc=0x0815ca54] DEBUG TIM5 CC1 compare fired cnt=0x0001c6b6 ccr1=0x0001c6b6 -> IRQ 50
[clk=09886802 pc=0x0815ca54] DEBUG NVIC arb basepri=0x00 active_prio=None irq50_pending=true irq50_enabled=true irq50_prio=0 irq67_pending=false irq67_enabled=true irq67_prio=224 selected=Some(50)
[clk=09886802 pc=0x0815ca54] DEBUG NVIC dispatching IRQ 50 vector=0x815c389
[clk=09886849 pc=0x0815c984] DEBUG TIM5 write DIER=0x00000000
[clk=09887068 pc=0x0815c96e] DEBUG TIM5 write CCR1=0x0001caa0
[clk=09887072 pc=0x0815c976] DEBUG TIM5 write DIER=0x00000002
[clk=09961473 pc=0x0815ca54] INFO  Stop requested
